date,close_price,log_return,volume_ratio,iso_forest_score,lstm_score,ensemble_score,severity
2021-05-12,120.3952,0.0,1.043724,0.400537,,0.400537,LOW
2021-05-13,121.5465,0.009517,0.972833,0.455808,,0.455808,LOW
2021-05-13,121.5465,0.0,0.964945,0.267328,,0.267328,NORMAL
2021-05-13,121.5465,0.0,0.957184,0.251144,,0.251144,NORMAL
2021-05-13,121.5465,0.0,0.949547,0.203427,,0.203427,NORMAL
2021-05-13,121.5465,0.0,0.942031,0.15464,,0.15464,NORMAL
2021-05-13,121.5465,0.0,0.934633,0.116564,,0.116564,NORMAL
2021-05-13,121.5465,0.0,0.92735,0.082402,,0.082402,NORMAL
2021-05-13,121.4346,-0.000921,0.935662,0.100538,,0.100538,NORMAL
2021-05-14,123.0624,0.013316,0.73847,0.424999,,0.424999,LOW
2021-05-14,123.1758,0.000921,0.75349,0.204275,,0.204275,NORMAL
2021-05-14,123.1758,0.0,0.769134,0.146995,,0.146995,NORMAL
2021-05-14,123.1758,0.0,0.785441,0.135171,,0.135171,NORMAL
2021-05-14,123.1758,0.0,0.802454,0.115463,,0.115463,NORMAL
2021-05-14,123.1758,0.0,0.814524,0.108978,,0.108978,NORMAL
2021-05-14,123.1758,0.0,0.826963,0.100918,,0.100918,NORMAL
2021-05-14,123.1758,0.0,0.839787,0.089155,,0.089155,NORMAL
2021-05-17,123.7319,0.004505,0.776213,0.223014,,0.223014,NORMAL
2021-05-17,123.618,-0.000921,0.791914,0.143861,,0.143861,NORMAL
2021-05-17,123.618,0.0,0.808263,0.105449,,0.105449,NORMAL
2021-05-17,123.7319,0.000921,0.825301,0.113041,,0.113041,NORMAL
2021-05-17,123.618,-0.000921,0.840063,0.125559,,0.125559,NORMAL
2021-05-17,123.7319,0.000921,0.855363,0.118012,,0.118012,NORMAL
2021-05-17,123.7319,0.0,0.87123,0.081156,,0.081156,NORMAL
2021-05-17,123.7319,0.0,0.887697,0.073489,,0.073489,NORMAL
2021-05-17,123.7319,0.0,0.904799,0.063858,,0.063858,NORMAL
2021-05-17,123.7319,0.0,0.922572,0.06318,,0.06318,NORMAL
2021-05-18,123.3646,-0.002973,0.808464,0.156218,,0.156218,NORMAL
2021-05-18,123.3646,0.0,0.831012,0.083954,,0.083954,NORMAL
2021-05-18,123.3646,0.0,0.841263,0.077265,0.034595,0.051663,NORMAL
2021-05-18,123.4783,0.000921,0.851769,0.099642,0.031273,0.058621,NORMAL
2021-05-18,123.4783,0.0,0.862541,0.074378,0.030705,0.048174,NORMAL
2021-05-18,123.4783,0.0,0.873589,0.074213,0.031465,0.048564,NORMAL
2021-05-18,123.4783,0.0,0.884924,0.073327,0.030535,0.047652,NORMAL
2021-05-18,123.4783,0.0,0.896557,0.074677,0.024509,0.044576,NORMAL
2021-05-18,123.4783,0.0,0.9085,0.072638,0.016678,0.039062,NORMAL
2021-05-18,123.4783,0.0,0.920765,0.077376,0.013287,0.038922,NORMAL
2021-05-19,120.0504,-0.028154,1.328492,0.681238,0.050148,0.302584,NORMAL
2021-05-19,120.0504,0.0,1.311218,0.406945,0.056131,0.196457,NORMAL
2021-05-19,120.1611,0.000922,1.294388,0.363782,0.04637,0.173335,NORMAL
2021-05-19,120.1611,0.0,1.277985,0.271294,0.039072,0.131961,NORMAL
2021-05-19,120.0504,-0.000922,1.261991,0.2925,0.034986,0.137991,NORMAL
2021-05-19,120.1611,0.000922,1.246394,0.276729,0.029475,0.128376,NORMAL
2021-05-19,120.161,-1e-06,1.231177,0.221847,0.025956,0.104312,NORMAL
2021-05-19,120.1611,1e-06,1.216327,0.211289,0.024986,0.099507,NORMAL
2021-05-19,120.1611,0.0,1.201831,0.211524,0.025278,0.099776,NORMAL
2021-05-19,120.1611,0.0,1.187677,0.199184,0.02726,0.09603,NORMAL
2021-05-20,122.0682,0.015747,0.977165,0.391055,0.038342,0.179428,NORMAL
2021-05-20,122.0682,0.0,0.968841,0.15194,0.040553,0.085108,NORMAL
2021-05-20,122.1807,0.000921,0.960659,0.173202,0.039552,0.093012,NORMAL
2021-05-20,122.1806,-1e-06,0.952613,0.137579,0.041468,0.079913,NORMAL
2021-05-20,122.0682,-0.00092,0.944701,0.156188,0.044204,0.088997,NORMAL
2021-05-20,122.1806,0.00092,0.936919,0.138749,0.044776,0.082365,NORMAL
2021-05-20,122.1806,0.0,0.929265,0.104721,0.043469,0.06797,NORMAL
2021-05-20,122.1807,1e-06,0.921734,0.100544,0.04034,0.064422,NORMAL
2021-05-20,122.1806,-1e-06,0.914325,0.090275,0.035771,0.057573,NORMAL
2021-05-20,122.1806,0.0,0.907034,0.086512,0.031265,0.053364,NORMAL
2021-05-21,124.5928,0.019551,0.943221,0.455471,0.037289,0.204562,NORMAL
2021-05-21,124.5928,0.0,0.950751,0.155813,0.040694,0.086742,NORMAL
2021-05-21,124.5928,0.0,0.958402,0.126255,0.043744,0.076748,NORMAL
2021-05-21,124.7076,0.000921,0.966178,0.146595,0.048955,0.088011,NORMAL
2021-05-21,124.7076,0.0,0.97408,0.106813,0.055578,0.076072,NORMAL
2021-05-21,124.7076,0.0,0.982113,0.098387,0.062833,0.077054,NORMAL
2021-05-21,124.7076,0.0,0.99028,0.101206,0.069004,0.081885,NORMAL
2021-05-21,124.7076,0.0,0.998583,0.088054,0.071065,0.077861,NORMAL
2021-05-21,124.7076,0.0,1.007027,0.084906,0.063963,0.07234,NORMAL
2021-05-21,124.7076,0.0,1.015615,0.075587,0.039195,0.053752,NORMAL
2021-05-24,122.9416,-0.014262,0.81528,0.367302,0.047134,0.175201,NORMAL
2021-05-24,122.8285,-0.00092,0.822595,0.170442,0.048367,0.097197,NORMAL
2021-05-24,122.8285,0.0,0.830043,0.127076,0.047046,0.079058,NORMAL
2021-05-24,122.9417,0.000921,0.837627,0.151847,0.049391,0.090373,NORMAL
2021-05-24,122.8285,-0.000921,0.84535,0.15557,0.053524,0.094342,NORMAL
2021-05-24,122.9417,0.000921,0.853218,0.125892,0.056461,0.084233,NORMAL
2021-05-24,122.9417,0.0,0.861233,0.098989,0.055315,0.072785,NORMAL
2021-05-24,122.9417,0.0,0.869401,0.089941,0.050731,0.066415,NORMAL
2021-05-24,122.9416,-1e-06,0.877724,0.079673,0.040524,0.056183,NORMAL
2021-05-24,122.9417,1e-06,0.886209,0.078097,0.027682,0.047848,NORMAL
2021-05-25,124.7076,0.014262,1.016655,0.288906,0.032569,0.135104,NORMAL
2021-05-25,124.7076,0.0,1.021911,0.069888,0.031363,0.046773,NORMAL
2021-05-25,124.7076,0.0,1.027221,0.06973,0.028513,0.044999,NORMAL
2021-05-25,124.7076,0.0,1.032587,0.065772,0.025384,0.041539,NORMAL
2021-05-25,124.7076,0.0,1.03801,0.064582,0.024008,0.040238,NORMAL
2021-05-25,124.7076,0.0,1.043489,0.066786,0.024051,0.041145,NORMAL
2021-05-25,124.7076,0.0,1.049027,0.067066,0.025132,0.041905,NORMAL
2021-05-25,124.5928,-0.000921,1.054624,0.084163,0.026503,0.049567,NORMAL
2021-05-25,124.5928,0.0,1.060281,0.05987,0.027173,0.040251,NORMAL
2021-05-25,124.5928,0.0,1.065999,0.06104,0.027954,0.041189,NORMAL
2021-05-26,123.7545,-0.006751,0.841586,0.232976,0.038557,0.116325,NORMAL
2021-05-26,123.7545,0.0,0.845685,0.08277,0.042578,0.058655,NORMAL
2021-05-26,123.8685,0.000921,0.849824,0.113818,0.038577,0.068673,NORMAL
2021-05-26,123.7545,-0.000921,0.854004,0.097162,0.030927,0.057421,NORMAL
2021-05-26,123.8685,0.000921,0.858226,0.09694,0.025391,0.054011,NORMAL
2021-05-26,123.8685,0.0,0.862489,0.061609,0.024469,0.039325,NORMAL
2021-05-26,123.8685,0.0,0.866795,0.059581,0.027482,0.040321,NORMAL
2021-05-26,123.8685,0.0,0.871144,0.059578,0.031137,0.042514,NORMAL
2021-05-26,123.8685,0.0,0.875537,0.058496,0.029372,0.041022,NORMAL
2021-05-26,123.8685,0.0,0.879974,0.052806,0.017304,0.031505,NORMAL
2021-05-27,123.3612,-0.004104,1.446355,0.312782,0.049114,0.154581,NORMAL
2021-05-27,123.2476,-0.000921,1.42178,0.241983,0.059927,0.132749,NORMAL
2021-05-27,123.2476,0.0,1.398027,0.199767,0.057211,0.114233,NORMAL
2021-05-27,123.2476,0.0,1.375054,0.185788,0.056194,0.108032,NORMAL
2021-05-27,123.3612,0.000921,1.352824,0.183931,0.059727,0.109409,NORMAL
2021-05-27,123.3612,0.0,1.331301,0.152016,0.064227,0.099343,NORMAL
2021-05-27,123.3612,0.0,1.310453,0.136854,0.06674,0.094786,NORMAL
2021-05-27,123.3612,0.0,1.290247,0.127798,0.064289,0.089693,NORMAL
2021-05-27,123.3612,0.0,1.270655,0.122357,0.054451,0.081613,NORMAL
2021-05-27,123.3612,0.0,1.251649,0.118102,0.039611,0.071007,NORMAL
2021-05-28,122.3996,-0.007826,0.934155,0.302435,0.042118,0.146245,NORMAL
2021-05-28,122.3996,0.0,0.925226,0.144931,0.037376,0.080398,NORMAL
2021-05-28,122.3996,0.0,0.916465,0.121582,0.030801,0.067113,NORMAL
2021-05-28,122.5124,0.000921,0.907869,0.096177,0.027646,0.055058,NORMAL
2021-05-28,122.5124,0.0,0.899432,0.06663,0.029159,0.044148,NORMAL
2021-05-28,122.5124,0.0,0.891151,0.065809,0.033256,0.046277,NORMAL
2021-05-28,122.5124,0.0,0.883021,0.061024,0.037077,0.046656,NORMAL
2021-05-28,122.5124,0.0,0.875038,0.063388,0.038404,0.048398,NORMAL
2021-05-28,122.5124,0.0,0.867198,0.070275,0.035506,0.049414,NORMAL
2021-05-28,122.5124,0.0,0.859498,0.072382,0.029963,0.046931,NORMAL
2021-06-01,122.0343,-0.00391,0.828694,0.21488,0.029432,0.103611,NORMAL
2021-06-01,121.922,-0.000921,0.842625,0.159879,0.028767,0.081212,NORMAL
2021-06-01,121.922,0.0,0.857033,0.123179,0.028824,0.066566,NORMAL
2021-06-01,122.0343,0.000921,0.871942,0.096374,0.029066,0.055989,NORMAL
2021-06-01,121.922,-0.000921,0.887379,0.103421,0.03125,0.060119,NORMAL
2021-06-01,122.0343,0.000921,0.903372,0.091848,0.034123,0.057213,NORMAL
2021-06-01,122.0343,0.0,0.919953,0.055576,0.036335,0.044031,NORMAL
2021-06-01,122.0343,0.0,0.937153,0.053266,0.034909,0.042252,NORMAL
2021-06-01,122.0343,0.0,0.955009,0.050308,0.02614,0.035807,NORMAL
2021-06-01,122.0343,0.0,0.973558,0.061202,0.01596,0.034057,NORMAL
2021-06-02,121.1422,-0.007337,0.860705,0.309039,0.020183,0.135726,NORMAL
2021-06-02,121.1422,0.0,0.86829,0.159508,0.021935,0.076964,NORMAL
2021-06-02,121.1422,0.0,0.876009,0.130446,0.02136,0.064994,NORMAL
2021-06-02,121.2538,0.000921,0.883867,0.111473,0.019126,0.056065,NORMAL
2021-06-02,121.2538,0.0,0.891867,0.077109,0.018225,0.041779,NORMAL
2021-06-02,121.2538,0.0,0.900014,0.072524,0.018867,0.04033,NORMAL
2021-06-02,121.2538,0.0,0.90831,0.065652,0.020598,0.03862,NORMAL
2021-06-02,121.2538,0.0,0.916761,0.066785,0.020594,0.039071,NORMAL
2021-06-02,121.2538,0.0,0.925371,0.06426,0.015107,0.034768,NORMAL
2021-06-02,121.2538,0.0,0.934144,0.067373,0.00629,0.030724,NORMAL
2021-06-03,121.5321,0.002293,1.193177,0.147306,0.013393,0.066958,NORMAL
2021-06-03,121.5321,0.0,1.185207,0.104295,0.015184,0.050828,NORMAL
2021-06-03,121.644,0.00092,1.177343,0.104974,0.013864,0.050308,NORMAL
2021-06-03,121.644,0.0,1.169582,0.08346,0.012174,0.040689,NORMAL
2021-06-03,121.5321,-0.00092,1.161924,0.127691,0.011608,0.058041,NORMAL
2021-06-03,121.644,0.00092,1.154365,0.103313,0.011927,0.048482,NORMAL
2021-06-03,121.644,0.0,1.146903,0.07931,0.013443,0.03979,NORMAL
2021-06-03,121.644,0.0,1.139538,0.081641,0.015672,0.04206,NORMAL
2021-06-03,121.644,0.0,1.132266,0.079484,0.018072,0.042637,NORMAL
2021-06-03,121.644,0.0,1.125087,0.084124,0.020238,0.045792,NORMAL
2021-06-04,120.9375,-0.005825,1.096585,0.268018,0.023636,0.121389,NORMAL
2021-06-04,120.9375,0.0,1.08402,0.128656,0.020698,0.063882,NORMAL
2021-06-04,121.0489,0.000921,1.07174,0.109958,0.015449,0.053253,NORMAL
2021-06-04,121.0489,0.0,1.059736,0.06959,0.013599,0.035996,NORMAL
2021-06-04,120.9375,-0.000921,1.047997,0.109993,0.012948,0.051766,NORMAL
2021-06-04,121.0489,0.000921,1.036515,0.085961,0.014991,0.043379,NORMAL
2021-06-04,121.0489,0.0,1.025283,0.062236,0.016198,0.034613,NORMAL
2021-06-04,121.0489,0.0,1.014291,0.059579,0.015186,0.032943,NORMAL
2021-06-04,121.0489,0.0,1.003532,0.054242,0.011932,0.028856,NORMAL
2021-06-04,121.0489,0.0,0.992999,0.056777,0.009186,0.028222,NORMAL
2021-06-07,122.9844,0.015863,0.9419,0.372481,0.014987,0.157985,NORMAL
2021-06-07,122.9844,0.0,0.94514,0.093244,0.016544,0.047224,NORMAL
2021-06-07,122.9844,0.0,0.948402,0.061091,0.016528,0.034353,NORMAL
2021-06-07,123.0978,0.000922,0.951686,0.091083,0.017538,0.046956,NORMAL
2021-06-07,123.0978,0.0,0.954994,0.059456,0.018966,0.035162,NORMAL
2021-06-07,123.0978,0.0,0.958324,0.059354,0.019805,0.035624,NORMAL
2021-06-07,123.0977,-1e-06,0.961678,0.05715,0.018964,0.034238,NORMAL
2021-06-07,123.0978,1e-06,0.965055,0.061859,0.016123,0.034418,NORMAL
2021-06-07,123.0977,-1e-06,0.968456,0.061125,0.011817,0.03154,NORMAL
2021-06-07,123.0977,0.0,0.971881,0.060124,0.008828,0.029346,NORMAL
2021-06-08,123.5173,0.003403,1.018182,0.152599,0.008937,0.066402,NORMAL
2021-06-08,123.4036,-0.000921,1.018715,0.087686,0.009515,0.040784,NORMAL
2021-06-08,123.4036,0.0,1.019249,0.057504,0.009961,0.028978,NORMAL
2021-06-08,123.5173,0.000921,1.019784,0.079604,0.01064,0.038226,NORMAL
2021-06-08,123.4036,-0.000921,1.020319,0.099011,0.012153,0.046896,NORMAL
2021-06-08,123.5173,0.000921,1.020855,0.096777,0.014111,0.047177,NORMAL
2021-06-08,123.5173,0.0,1.021391,0.062248,0.015664,0.034297,NORMAL
2021-06-08,123.5173,0.0,1.021928,0.06518,0.015484,0.035362,NORMAL
2021-06-08,123.5173,0.0,1.022466,0.062138,0.012963,0.032633,NORMAL
2021-06-08,123.5173,0.0,1.023004,0.070601,0.010374,0.034464,NORMAL
2021-06-09,123.9982,0.003886,0.789733,0.225654,0.016106,0.099925,NORMAL
2021-06-09,123.9982,0.0,0.797584,0.118255,0.019256,0.058856,NORMAL
2021-06-09,123.9982,0.0,0.805593,0.10883,0.021062,0.056169,NORMAL
2021-06-09,124.1124,0.000921,0.813765,0.144813,0.022293,0.071301,NORMAL
2021-06-09,124.1125,1e-06,0.822104,0.110712,0.022921,0.058038,NORMAL
2021-06-09,124.1124,-1e-06,0.830616,0.101018,0.023661,0.054604,NORMAL
2021-06-09,124.1124,0.0,0.839306,0.09069,0.023274,0.050241,NORMAL
2021-06-09,124.1124,0.0,0.848179,0.089227,0.02119,0.048405,NORMAL
2021-06-09,124.1124,0.0,0.857243,0.084017,0.017008,0.043811,NORMAL
2021-06-09,124.1124,0.0,0.866502,0.083222,0.01131,0.040075,NORMAL
2021-06-10,123.9271,-0.001494,1.087148,0.104173,0.016692,0.051684,NORMAL
2021-06-10,123.813,-0.000921,1.089825,0.092242,0.020856,0.049411,NORMAL
2021-06-10,123.813,0.0,1.092516,0.061538,0.023089,0.038468,NORMAL
2021-06-10,123.813,0.0,1.09522,0.061269,0.024254,0.03906,NORMAL
2021-06-10,123.9271,0.000921,1.097937,0.090591,0.025164,0.051335,NORMAL
2021-06-10,123.9271,0.0,1.100668,0.071237,0.026903,0.044636,NORMAL
2021-06-10,123.9271,0.0,1.103413,0.07003,0.028956,0.045385,NORMAL
2021-06-10,123.9271,0.0,1.106171,0.074435,0.030166,0.047874,NORMAL
2021-06-10,123.9271,0.0,1.108943,0.082758,0.029757,0.050958,NORMAL
2021-06-10,123.927,-1e-06,1.111729,0.095766,0.028662,0.055503,NORMAL
2021-06-11,123.449,-0.003865,0.838063,0.228758,0.036098,0.113162,NORMAL
2021-06-11,123.3354,-0.000921,0.840271,0.168803,0.037447,0.089989,NORMAL
2021-06-11,123.3353,-1e-06,0.84249,0.124133,0.034549,0.070383,NORMAL
2021-06-11,123.3353,0.0,0.844721,0.114575,0.03002,0.063842,NORMAL
2021-06-11,123.449,0.000921,0.846964,0.107907,0.026365,0.058982,NORMAL
2021-06-11,123.449,0.0,0.849218,0.071171,0.023591,0.042623,NORMAL
2021-06-11,123.449,0.0,0.851485,0.064377,0.021552,0.038682,NORMAL
2021-06-11,123.449,0.0,0.853764,0.056788,0.020125,0.03479,NORMAL
2021-06-11,123.449,0.0,0.856055,0.057889,0.019119,0.034627,NORMAL
2021-06-11,123.449,0.0,0.858358,0.064838,0.01829,0.036909,NORMAL
2021-06-14,124.5928,0.009223,1.52272,0.439068,0.068346,0.216635,NORMAL
2021-06-14,124.5928,0.0,1.492559,0.224432,0.087186,0.142084,NORMAL
2021-06-14,124.5928,0.0,1.46357,0.197697,0.083929,0.129436,NORMAL
2021-06-14,124.7076,0.000921,1.435685,0.213267,0.074738,0.13015,NORMAL
2021-06-14,124.7076,0.0,1.408844,0.167836,0.071598,0.110093,NORMAL
2021-06-14,124.7076,0.0,1.382987,0.151949,0.075031,0.105798,NORMAL
2021-06-14,124.7076,0.0,1.358063,0.14526,0.077164,0.104402,NORMAL
2021-06-14,124.7076,0.0,1.33402,0.135514,0.072203,0.097528,NORMAL
2021-06-14,124.7076,0.0,1.310815,0.120572,0.06244,0.085693,NORMAL
2021-06-14,124.7076,0.0,1.288403,0.116039,0.053704,0.078638,NORMAL
2021-06-15,126.6593,0.015529,0.829148,0.451388,0.061327,0.217351,NORMAL
2021-06-15,126.6593,0.0,0.824125,0.185511,0.062113,0.111473,NORMAL
2021-06-15,126.6593,0.0,0.819163,0.157333,0.061212,0.099661,NORMAL
2021-06-15,126.776,0.000921,0.814261,0.172217,0.061421,0.105739,NORMAL
2021-06-15,126.776,0.0,0.809416,0.140918,0.06421,0.094893,NORMAL
2021-06-15,126.7759,-1e-06,0.804629,0.145474,0.066871,0.098312,NORMAL
2021-06-15,126.776,1e-06,0.799899,0.146683,0.066344,0.098479,NORMAL
2021-06-15,126.776,0.0,0.795223,0.14038,0.059998,0.092151,NORMAL
2021-06-15,126.776,0.0,0.790602,0.140472,0.048785,0.08546,NORMAL
2021-06-15,126.776,0.0,0.786034,0.135646,0.039317,0.077849,NORMAL
2021-06-16,127.1955,0.003304,1.153863,0.182644,0.049286,0.102629,NORMAL
2021-06-16,127.1955,0.0,1.157567,0.118097,0.055614,0.080607,NORMAL
2021-06-16,127.1955,0.0,1.161294,0.111601,0.059322,0.080234,NORMAL
2021-06-16,127.1955,0.0,1.165045,0.114216,0.063079,0.083534,NORMAL
2021-06-16,127.1955,0.0,1.168821,0.11593,0.070798,0.088851,NORMAL
2021-06-16,127.1955,0.0,1.172621,0.1184,0.082016,0.09657,NORMAL
2021-06-16,127.1955,0.0,1.176446,0.109084,0.092059,0.098869,NORMAL
2021-06-16,127.0784,-0.000921,1.180296,0.118029,0.093139,0.103095,NORMAL
2021-06-16,127.0784,0.0,1.184171,0.090939,0.077503,0.082877,NORMAL
2021-06-16,127.0784,0.0,1.188072,0.101804,0.061463,0.0776,NORMAL
2021-06-17,126.5228,-0.004382,1.224644,0.221163,0.06103,0.125083,NORMAL
2021-06-17,126.5228,0.0,1.198858,0.109213,0.062548,0.081214,NORMAL
2021-06-17,126.6394,0.000921,1.174135,0.117647,0.067433,0.087519,NORMAL
2021-06-17,126.6394,0.0,1.150412,0.079855,0.073314,0.075931,NORMAL
2021-06-17,126.5228,-0.000921,1.127628,0.096444,0.080092,0.086633,NORMAL
2021-06-17,126.6394,0.000921,1.105729,0.095222,0.086377,0.089915,NORMAL
2021-06-17,126.6394,0.0,1.084664,0.070124,0.086518,0.07996,NORMAL
2021-06-17,126.6394,0.0,1.064387,0.057469,0.075736,0.068429,NORMAL
2021-06-17,126.6394,0.0,1.044854,0.055303,0.05312,0.053993,NORMAL
2021-06-17,126.6393,-1e-06,1.026025,0.060664,0.026004,0.039868,NORMAL
2021-06-18,127.4098,0.006066,1.145367,0.176393,0.026991,0.086752,NORMAL
2021-06-18,127.4098,0.0,1.135141,0.063112,0.025675,0.04065,NORMAL
2021-06-18,127.5272,0.000921,1.125096,0.082363,0.023614,0.047113,NORMAL
2021-06-18,127.5272,0.0,1.115228,0.052029,0.021606,0.033775,NORMAL
2021-06-18,127.4099,-0.00092,1.105531,0.085487,0.020877,0.046721,NORMAL
2021-06-18,127.5272,0.00092,1.096001,0.086967,0.021044,0.047413,NORMAL
2021-06-18,127.5272,0.0,1.086634,0.063914,0.021653,0.038557,NORMAL
2021-06-18,127.5272,0.0,1.077426,0.059277,0.02144,0.036575,NORMAL
2021-06-18,127.5272,0.0,1.068373,0.055411,0.01903,0.033582,NORMAL
2021-06-18,127.5272,0.0,1.059471,0.049452,0.016592,0.029736,NORMAL
2021-06-21,127.1272,-0.003142,0.781131,0.172485,0.030942,0.087559,NORMAL
2021-06-21,127.1272,0.0,0.787719,0.101505,0.038043,0.063427,NORMAL
2021-06-21,127.1272,0.0,0.794419,0.096845,0.038727,0.061974,NORMAL
2021-06-21,127.1272,0.0,0.801234,0.092043,0.03586,0.058333,NORMAL
2021-06-21,127.1272,0.0,0.808166,0.086791,0.032759,0.054372,NORMAL
2021-06-21,127.1272,0.0,0.81522,0.08807,0.03011,0.053294,NORMAL
2021-06-21,127.0102,-0.000921,0.822398,0.108633,0.026912,0.0596,NORMAL
2021-06-21,127.0102,0.0,0.829704,0.074964,0.027127,0.046262,NORMAL
2021-06-21,127.0102,0.0,0.83714,0.070952,0.027428,0.044837,NORMAL
2021-06-21,127.1272,0.000921,0.844711,0.108541,0.026406,0.05926,NORMAL
2021-06-22,128.9126,0.013946,0.8076,0.379158,0.029006,0.169067,NORMAL
2021-06-22,128.794,-0.00092,0.82278,0.138446,0.025857,0.070893,NORMAL
2021-06-22,128.794,0.0,0.838542,0.073545,0.025446,0.044686,NORMAL
2021-06-22,128.9126,0.00092,0.85492,0.090375,0.025548,0.051479,NORMAL
2021-06-22,128.794,-0.00092,0.871951,0.089761,0.024661,0.050701,NORMAL
2021-06-22,128.9126,0.00092,0.889673,0.066682,0.023869,0.040994,NORMAL
2021-06-22,128.9126,0.0,0.908131,0.033695,0.023047,0.027306,NORMAL
2021-06-22,128.9126,0.0,0.927371,0.035653,0.021733,0.027301,NORMAL
2021-06-22,128.9126,0.0,0.947444,0.03453,0.019671,0.025615,NORMAL
2021-06-22,128.9126,0.0,0.968405,0.040029,0.018545,0.027139,NORMAL
2021-06-23,130.5127,0.012336,0.789684,0.368173,0.022245,0.160616,NORMAL
2021-06-23,130.5127,0.0,0.799885,0.125274,0.024058,0.064544,NORMAL
2021-06-23,130.5127,0.0,0.810354,0.108159,0.024454,0.057936,NORMAL
2021-06-23,130.5127,0.0,0.821099,0.101276,0.024206,0.055034,NORMAL
2021-06-23,130.5127,0.0,0.832134,0.086966,0.024969,0.049768,NORMAL
2021-06-23,130.5127,0.0,0.843469,0.083165,0.026505,0.049169,NORMAL
2021-06-23,130.5127,0.0,0.855118,0.074995,0.028536,0.04712,NORMAL
2021-06-23,130.3926,-0.000921,0.867092,0.079471,0.028592,0.048943,NORMAL
2021-06-23,130.3926,0.0,0.879407,0.045324,0.025105,0.033193,NORMAL
2021-06-23,130.3926,0.0,0.892077,0.037862,0.02176,0.028201,NORMAL
2021-06-24,131.0554,0.00507,1.022557,0.141722,0.02357,0.070831,NORMAL
2021-06-24,131.0554,0.0,1.027199,0.034967,0.024267,0.028547,NORMAL
2021-06-24,131.0554,0.0,1.031882,0.03347,0.024259,0.027943,NORMAL
2021-06-24,131.1762,0.000921,1.036609,0.053971,0.024233,0.036128,NORMAL
2021-06-24,131.1762,0.0,1.041379,0.029364,0.024438,0.026408,NORMAL
2021-06-24,131.1761,-1e-06,1.046194,0.027195,0.025057,0.025912,NORMAL
2021-06-24,131.1761,0.0,1.051053,0.021288,0.02504,0.023539,NORMAL
2021-06-24,131.1761,0.0,1.055957,0.023289,0.024271,0.023878,NORMAL
2021-06-24,131.1761,0.0,1.060908,0.027506,0.022542,0.024527,NORMAL
2021-06-24,131.1762,1e-06,1.065905,0.044429,0.02209,0.031026,NORMAL
2021-06-25,130.2103,-0.007391,1.08913,0.2211,0.02221,0.101766,NORMAL
2021-06-25,130.0904,-0.000921,1.080345,0.09993,0.019622,0.051745,NORMAL
2021-06-25,130.0904,0.0,1.0717,0.062437,0.016328,0.034772,NORMAL
2021-06-25,130.0904,0.0,1.063193,0.054427,0.014282,0.03034,NORMAL
2021-06-25,130.2103,0.000921,1.05482,0.059193,0.014974,0.032662,NORMAL
2021-06-25,130.2102,-1e-06,1.046578,0.031617,0.016536,0.022569,NORMAL
2021-06-25,130.2102,0.0,1.038464,0.029104,0.018134,0.022522,NORMAL
2021-06-25,130.2102,0.0,1.030474,0.029588,0.018538,0.022958,NORMAL
2021-06-25,130.2103,1e-06,1.022607,0.039742,0.016244,0.025643,NORMAL
2021-06-25,130.2103,0.0,1.014859,0.037279,0.012933,0.022672,NORMAL
2021-06-28,130.0416,-0.001296,0.894752,0.083543,0.012825,0.041112,NORMAL
2021-06-28,130.0417,1e-06,0.899025,0.047666,0.012966,0.026846,NORMAL
2021-06-28,130.0417,0.0,0.90334,0.051055,0.013578,0.028569,NORMAL
2021-06-28,130.1614,0.00092,0.907696,0.071123,0.013432,0.036509,NORMAL
2021-06-28,130.1615,1e-06,0.912095,0.048138,0.013229,0.027193,NORMAL
2021-06-28,130.1615,0.0,0.916536,0.045829,0.012533,0.025851,NORMAL
2021-06-28,130.1615,0.0,0.921021,0.044213,0.010966,0.024265,NORMAL
2021-06-28,130.1615,0.0,0.92555,0.043142,0.009221,0.022789,NORMAL
2021-06-28,130.1615,0.0,0.930123,0.044943,0.007287,0.022349,NORMAL
2021-06-28,130.1615,0.0,0.934742,0.07824,0.006264,0.035054,NORMAL
2021-06-29,131.5176,0.010365,0.97611,0.272659,0.010725,0.115499,NORMAL
2021-06-29,131.3966,-0.00092,0.980727,0.106143,0.012422,0.04991,NORMAL
2021-06-29,131.3965,-1e-06,0.985388,0.056326,0.013585,0.030681,NORMAL
2021-06-29,131.3965,0.0,0.990094,0.035346,0.014728,0.022975,NORMAL
2021-06-29,131.5176,0.000921,0.994845,0.054112,0.015975,0.03123,NORMAL
2021-06-29,131.5176,0.0,0.999642,0.019196,0.017004,0.017881,NORMAL
2021-06-29,131.5176,0.0,1.004485,0.015925,0.017135,0.016651,NORMAL
2021-06-29,131.5176,0.0,1.009376,0.014622,0.015473,0.015132,NORMAL
2021-06-29,131.5176,0.0,1.014314,0.016395,0.011555,0.013491,NORMAL
2021-06-29,131.5176,0.0,1.019301,0.018488,0.005862,0.010912,NORMAL
2021-06-30,132.732,0.009191,0.997952,0.247451,0.006584,0.102931,NORMAL
2021-06-30,132.732,0.0,0.997048,0.058415,0.006825,0.027461,NORMAL
2021-06-30,132.732,0.0,0.996145,0.047316,0.006995,0.023123,NORMAL
2021-06-30,132.8542,0.00092,0.995244,0.08343,0.00743,0.03783,NORMAL
2021-06-30,132.8542,0.0,0.994344,0.050437,0.008154,0.025067,NORMAL
2021-06-30,132.8542,0.0,0.993446,0.050277,0.00868,0.025319,NORMAL
2021-06-30,132.8543,1e-06,0.99255,0.059816,0.00874,0.02917,NORMAL
2021-06-30,132.8542,-1e-06,0.991655,0.057909,0.00811,0.02803,NORMAL
2021-06-30,132.8542,0.0,0.990762,0.047564,0.007007,0.02323,NORMAL
2021-06-30,132.8543,1e-06,0.989871,0.043911,0.006925,0.021719,NORMAL
2021-07-01,133.1511,0.002232,0.829091,0.137475,0.009528,0.060707,NORMAL
2021-07-01,133.1511,0.0,0.837071,0.065621,0.010803,0.03273,NORMAL
2021-07-01,133.2738,0.000921,0.845206,0.092208,0.011047,0.043512,NORMAL
2021-07-01,133.2738,0.0,0.853501,0.060514,0.011446,0.031073,NORMAL
2021-07-01,133.1511,-0.000921,0.861961,0.062137,0.011398,0.031694,NORMAL
2021-07-01,133.2738,0.000921,0.870589,0.046485,0.010932,0.025153,NORMAL
2021-07-01,133.2738,0.0,0.879393,0.022738,0.010199,0.015215,NORMAL
2021-07-01,133.2738,0.0,0.888376,0.024848,0.00937,0.015561,NORMAL
2021-07-01,133.2738,0.0,0.897544,0.022276,0.00861,0.014077,NORMAL
2021-07-01,133.2738,0.0,0.906904,0.038215,0.007652,0.019877,NORMAL
2021-07-02,134.4183,0.008551,1.344388,0.348307,0.024498,0.154022,NORMAL
2021-07-02,134.4183,0.0,1.326754,0.166328,0.029895,0.084468,NORMAL
2021-07-02,134.5422,0.000921,1.309577,0.174501,0.030006,0.087804,NORMAL
2021-07-02,134.5421,-1e-06,1.292839,0.133613,0.029554,0.071178,NORMAL
2021-07-02,134.4183,-0.000921,1.276523,0.1056,0.030124,0.060314,NORMAL
2021-07-02,134.5421,0.000921,1.260614,0.087556,0.031085,0.053673,NORMAL
2021-07-02,134.5421,0.0,1.245096,0.053792,0.031696,0.040535,NORMAL
2021-07-02,134.5421,0.0,1.229956,0.051979,0.031262,0.039549,NORMAL
2021-07-02,134.5422,1e-06,1.21518,0.038546,0.02973,0.033257,NORMAL
2021-07-02,134.5421,-1e-06,1.200755,0.039107,0.028017,0.032453,NORMAL
2021-07-06,136.5335,0.014693,1.580358,0.558037,0.048838,0.252517,NORMAL
2021-07-06,136.5335,0.0,1.51858,0.272237,0.06313,0.146773,NORMAL
2021-07-06,136.5335,0.0,1.46145,0.206285,0.072656,0.126107,NORMAL
2021-07-06,136.6593,0.000921,1.408463,0.208324,0.078022,0.130142,NORMAL
2021-07-06,136.6593,0.0,1.359184,0.15429,0.079428,0.109373,NORMAL
2021-07-06,136.6593,0.0,1.313237,0.138049,0.077654,0.101812,NORMAL
2021-07-06,136.6593,0.0,1.270294,0.109781,0.073615,0.088081,NORMAL
2021-07-06,136.6593,0.0,1.230071,0.102004,0.068246,0.081749,NORMAL
2021-07-06,136.6593,0.0,1.192317,0.082235,0.062564,0.070433,NORMAL
2021-07-06,136.6593,0.0,1.156812,0.073657,0.058444,0.064529,NORMAL
2021-07-07,140.0448,0.024471,1.106427,0.545017,0.070733,0.260446,NORMAL
2021-07-07,139.9159,-0.000921,1.09143,0.202653,0.07436,0.125677,NORMAL
2021-07-07,139.9159,0.0,1.076833,0.141803,0.074934,0.101682,NORMAL
2021-07-07,139.9159,0.0,1.062622,0.120404,0.073421,0.092214,NORMAL
2021-07-07,140.0448,0.000921,1.048781,0.153809,0.072363,0.104941,NORMAL
2021-07-07,140.0447,-1e-06,1.035296,0.119172,0.069425,0.089324,NORMAL
2021-07-07,140.0448,1e-06,1.022153,0.112761,0.065756,0.084558,NORMAL
2021-07-07,140.0448,0.0,1.00934,0.092968,0.062248,0.074536,NORMAL
2021-07-07,140.0448,0.0,0.996844,0.098992,0.060501,0.075898,NORMAL
2021-07-07,140.0448,0.0,0.984654,0.083843,0.065214,0.072666,NORMAL
2021-07-08,138.0054,-0.01467,0.992098,0.336901,0.074623,0.179534,NORMAL
2021-07-08,138.0054,0.0,0.993315,0.104791,0.076667,0.087917,NORMAL
2021-07-08,138.0054,0.0,0.994534,0.10503,0.075551,0.087343,NORMAL
2021-07-08,138.1325,0.000921,0.995756,0.134198,0.075718,0.09911,NORMAL
2021-07-08,138.1325,0.0,0.996982,0.096033,0.077848,0.085122,NORMAL
2021-07-08,138.1325,0.0,0.99821,0.09746,0.079481,0.086673,NORMAL
2021-07-08,138.1325,0.0,0.999442,0.08684,0.078674,0.081941,NORMAL
2021-07-08,138.1325,0.0,1.000676,0.08304,0.074158,0.077711,NORMAL
2021-07-08,138.1325,0.0,1.001914,0.063959,0.067092,0.065839,NORMAL
2021-07-08,138.1325,0.0,1.003154,0.052832,0.068181,0.062041,NORMAL
2021-07-09,139.274,0.00823,0.951409,0.192127,0.057098,0.11111,NORMAL
2021-07-09,139.1458,-0.000921,0.953689,0.064627,0.046674,0.053855,NORMAL
2021-07-09,139.1459,1e-06,0.95598,0.03508,0.039848,0.037941,NORMAL
2021-07-09,139.1459,0.0,0.958283,0.039012,0.033802,0.035886,NORMAL
2021-07-09,139.274,0.00092,0.960596,0.060086,0.028135,0.040916,NORMAL
2021-07-09,139.274,0.0,0.962921,0.031707,0.023391,0.026717,NORMAL
2021-07-09,139.274,0.0,0.965257,0.030658,0.019664,0.024062,NORMAL
2021-07-09,139.274,0.0,0.967604,0.028449,0.016679,0.021387,NORMAL
2021-07-09,139.274,0.0,0.969962,0.028714,0.014538,0.020208,NORMAL
2021-07-09,139.274,0.0,0.972333,0.02511,0.011352,0.016855,NORMAL
2021-07-12,142.5185,0.023029,0.753433,0.561771,0.024976,0.239694,NORMAL
2021-07-12,142.5185,0.0,0.764483,0.204741,0.034961,0.102873,NORMAL
2021-07-12,142.5185,0.0,0.775863,0.156516,0.041743,0.087652,NORMAL
2021-07-12,142.6498,0.000921,0.787585,0.159494,0.046553,0.091729,NORMAL
2021-07-12,142.6498,0.0,0.799668,0.121287,0.049539,0.078238,NORMAL
2021-07-12,142.6498,0.0,0.812127,0.112027,0.051173,0.075514,NORMAL
2021-07-12,142.6498,0.0,0.824981,0.107598,0.051793,0.074115,NORMAL
2021-07-12,142.6498,0.0,0.838248,0.097248,0.051125,0.069574,NORMAL
2021-07-12,142.6498,0.0,0.851949,0.07987,0.048655,0.061141,NORMAL
2021-07-12,142.6498,0.0,0.866105,0.077792,0.038024,0.053931,NORMAL
2021-07-13,140.3935,-0.015943,1.143916,0.383821,0.058367,0.188548,NORMAL
2021-07-13,140.3935,0.0,1.143309,0.128603,0.067899,0.092181,NORMAL
2021-07-13,140.5228,0.000921,1.142702,0.152497,0.067371,0.101422,NORMAL
2021-07-13,140.5229,1e-06,1.142096,0.110489,0.065337,0.083398,NORMAL
2021-07-13,140.3935,-0.000921,1.141491,0.143438,0.062724,0.095009,NORMAL
2021-07-13,140.5229,0.000921,1.140886,0.132523,0.058961,0.088386,NORMAL
2021-07-13,140.5228,-1e-06,1.140282,0.105321,0.056293,0.075904,NORMAL
2021-07-13,140.5229,1e-06,1.139679,0.097103,0.055692,0.072256,NORMAL
2021-07-13,140.5229,0.0,1.139076,0.085871,0.055526,0.067664,NORMAL
2021-07-13,140.5229,0.0,1.138474,0.078709,0.053568,0.063625,NORMAL
2021-07-14,144.3608,0.026945,1.394615,0.542346,0.079978,0.264925,NORMAL
2021-07-14,144.3608,0.0,1.356822,0.138781,0.087307,0.107896,NORMAL
2021-07-14,144.3608,0.0,1.321023,0.121464,0.082641,0.09817,NORMAL
2021-07-14,144.4938,0.000921,1.287065,0.136561,0.074776,0.09949,NORMAL
2021-07-14,144.4938,0.0,1.254808,0.09999,0.067553,0.080528,NORMAL
2021-07-14,144.4938,0.0,1.224129,0.084738,0.063213,0.071823,NORMAL
2021-07-14,144.4937,-1e-06,1.194914,0.090771,0.061843,0.073414,NORMAL
2021-07-14,144.4938,1e-06,1.167062,0.096897,0.062739,0.076402,NORMAL
2021-07-14,144.4937,-1e-06,1.140478,0.094285,0.064311,0.076301,NORMAL
2021-07-14,144.4938,1e-06,1.115078,0.099409,0.064148,0.078252,NORMAL
2021-07-15,145.472,0.006747,0.935063,0.222444,0.06098,0.125566,NORMAL
2021-07-15,145.472,0.0,0.932617,0.094291,0.057735,0.072358,NORMAL
2021-07-15,145.606,0.000921,0.930183,0.11711,0.055869,0.080365,NORMAL
2021-07-15,145.606,0.0,0.927762,0.095786,0.054877,0.071241,NORMAL
2021-07-15,145.472,-0.000921,0.925354,0.118607,0.054033,0.079863,NORMAL
2021-07-15,145.6061,0.000921,0.922958,0.096014,0.053394,0.070442,NORMAL
2021-07-15,145.606,-1e-06,0.920574,0.070265,0.052507,0.05961,NORMAL
2021-07-15,145.606,0.0,0.918203,0.051352,0.050901,0.051082,NORMAL
2021-07-15,145.606,0.0,0.915844,0.024698,0.046615,0.037848,NORMAL
2021-07-15,145.606,0.0,0.913497,0.009683,0.034046,0.024301,NORMAL
2021-07-16,144.7116,-0.006162,0.809154,0.168908,0.034896,0.088501,NORMAL
2021-07-16,144.7117,1e-06,0.821196,0.053995,0.035195,0.042715,NORMAL
2021-07-16,144.845,0.000921,0.833602,0.070765,0.035098,0.049364,NORMAL
2021-07-16,144.845,0.0,0.846388,0.040952,0.035447,0.037649,NORMAL
2021-07-16,144.7117,-0.000921,0.859573,0.04789,0.036942,0.041321,NORMAL
2021-07-16,144.845,0.000921,0.873175,0.060648,0.039065,0.047698,NORMAL
2021-07-16,144.845,0.0,0.887215,0.033048,0.040124,0.037294,NORMAL
2021-07-16,144.845,0.0,0.901713,0.027589,0.036972,0.033219,NORMAL
2021-07-16,144.845,0.0,0.916694,0.034345,0.026342,0.029543,NORMAL
2021-07-16,144.845,0.0,0.93218,0.033029,0.016368,0.023033,NORMAL
2021-07-19,140.1206,-0.033161,1.205108,0.629749,0.05211,0.283166,NORMAL
2021-07-19,140.1206,0.0,1.196432,0.375776,0.057854,0.185023,NORMAL
2021-07-19,140.1206,0.0,1.18788,0.326146,0.047466,0.158938,NORMAL
2021-07-19,140.2497,0.000921,1.17945,0.27569,0.044465,0.136955,NORMAL
2021-07-19,140.2497,0.0,1.171138,0.224872,0.043536,0.116071,NORMAL
2021-07-19,140.2497,0.0,1.162942,0.217793,0.039937,0.111079,NORMAL
2021-07-19,140.2497,0.0,1.154861,0.202806,0.036294,0.102899,NORMAL
2021-07-19,140.2497,0.0,1.146891,0.200857,0.03295,0.100112,NORMAL
2021-07-19,140.2496,-1e-06,1.13903,0.198687,0.028986,0.096867,NORMAL
2021-07-19,140.2497,1e-06,1.131276,0.201079,0.026338,0.096234,NORMAL
2021-07-20,139.9667,-0.00202,0.896296,0.2586,0.031486,0.122332,NORMAL
2021-07-20,139.8379,-0.000921,0.895006,0.256959,0.037886,0.125515,NORMAL
2021-07-20,139.9667,0.000921,0.89372,0.204957,0.04198,0.107171,NORMAL
2021-07-20,139.9668,1e-06,0.892438,0.169949,0.041831,0.093078,NORMAL
2021-07-20,139.8379,-0.000921,0.891159,0.202321,0.039389,0.104562,NORMAL
2021-07-20,139.9668,0.000921,0.889884,0.183114,0.035774,0.09471,NORMAL
2021-07-20,139.9668,0.0,0.888612,0.142742,0.031406,0.07594,NORMAL
2021-07-20,139.8379,-0.000921,0.887344,0.135771,0.027244,0.070655,NORMAL
2021-07-20,139.9668,0.000921,0.88608,0.092333,0.024033,0.051353,NORMAL
2021-07-20,139.9668,0.0,0.884819,0.047072,0.023833,0.033128,NORMAL
2021-07-21,141.8557,0.013405,0.7037,0.422588,0.035629,0.190412,NORMAL
2021-07-21,141.8557,0.0,0.719375,0.15834,0.045559,0.090671,NORMAL
2021-07-21,141.8556,-1e-06,0.735763,0.13751,0.054351,0.087614,NORMAL
2021-07-21,141.9864,0.000922,0.752916,0.138524,0.062312,0.092797,NORMAL
2021-07-21,141.9864,0.0,0.770888,0.082739,0.06862,0.074268,NORMAL
2021-07-21,141.9864,0.0,0.789738,0.075077,0.073999,0.07443,NORMAL
2021-07-21,141.9864,0.0,0.809534,0.05065,0.076558,0.066195,NORMAL
2021-07-21,141.9864,0.0,0.830347,0.038678,0.073674,0.059675,NORMAL
2021-07-21,141.9863,-1e-06,0.852259,0.036499,0.061298,0.051378,NORMAL
2021-07-21,141.9864,1e-06,0.875359,0.032205,0.030782,0.031351,NORMAL
2021-07-22,142.3864,0.002813,0.912856,0.08871,0.024159,0.04998,NORMAL
2021-07-22,142.2553,-0.000921,0.923214,0.066288,0.021917,0.039665,NORMAL
2021-07-22,142.2552,-1e-06,0.933811,0.036555,0.021774,0.027686,NORMAL
2021-07-22,142.2553,1e-06,0.944653,0.025927,0.02301,0.024177,NORMAL
2021-07-22,142.3864,0.000921,0.955751,0.046566,0.025088,0.033679,NORMAL
2021-07-22,142.3863,-1e-06,0.967112,0.018531,0.027725,0.024047,NORMAL
2021-07-22,142.3863,0.0,0.978746,0.012987,0.030387,0.023427,NORMAL
2021-07-22,142.3864,1e-06,0.990664,0.014928,0.031598,0.02493,NORMAL
2021-07-22,142.3863,-1e-06,1.002876,0.011373,0.029251,0.0221,NORMAL
2021-07-22,142.3864,1e-06,1.015392,0.032668,0.026086,0.028719,NORMAL
2021-07-23,143.9571,0.010971,0.940239,0.31327,0.027649,0.141898,NORMAL
2021-07-23,143.8246,-0.000921,0.942438,0.092927,0.02645,0.053041,NORMAL
2021-07-23,143.8247,1e-06,0.944647,0.038505,0.02488,0.03033,NORMAL
2021-07-23,143.8246,-1e-06,0.946867,0.025112,0.025518,0.025356,NORMAL
2021-07-23,143.9572,0.000922,0.949097,0.04167,0.027459,0.033143,NORMAL
2021-07-23,143.9572,0.0,0.951338,0.018394,0.028102,0.024219,NORMAL
2021-07-23,143.9572,0.0,0.953589,0.015345,0.024061,0.020574,NORMAL
2021-07-23,143.9572,0.0,0.955851,0.011262,0.016616,0.014474,NORMAL
2021-07-23,143.9572,0.0,0.958124,0.009225,0.0127,0.01131,NORMAL
2021-07-23,143.9572,0.0,0.960407,0.011195,0.008767,0.009738,NORMAL
2021-07-26,144.5265,0.003947,0.976891,0.132352,0.006846,0.057048,NORMAL
2021-07-26,144.5265,0.0,0.980132,0.036239,0.005679,0.017903,NORMAL
2021-07-26,144.5264,-1e-06,0.983395,0.038117,0.005092,0.018302,NORMAL
2021-07-26,144.6596,0.000921,0.98668,0.064947,0.004787,0.028851,NORMAL
2021-07-26,144.6596,0.0,0.989986,0.035618,0.004688,0.01706,NORMAL
2021-07-26,144.6596,0.0,0.993315,0.030009,0.004728,0.014841,NORMAL
2021-07-26,144.6596,0.0,0.996667,0.031225,0.004877,0.015416,NORMAL
2021-07-26,144.6597,1e-06,1.000041,0.041337,0.005141,0.01962,NORMAL
2021-07-26,144.6596,-1e-06,1.003438,0.038415,0.0056,0.018726,NORMAL
2021-07-26,144.6597,1e-06,1.006858,0.049734,0.006787,0.023966,NORMAL
2021-07-27,145.4889,0.005716,1.423986,0.322275,0.017426,0.139365,NORMAL
2021-07-27,145.355,-0.000921,1.392423,0.154093,0.020444,0.073903,NORMAL
2021-07-27,145.355,0.0,1.362228,0.105599,0.021473,0.055124,NORMAL
2021-07-27,145.355,0.0,1.333316,0.098092,0.022363,0.052655,NORMAL
2021-07-27,145.4889,0.000921,1.305605,0.108081,0.022414,0.056681,NORMAL
2021-07-27,145.4889,0.0,1.279023,0.076324,0.02231,0.043915,NORMAL
2021-07-27,145.4889,0.0,1.253501,0.05944,0.02277,0.037438,NORMAL
2021-07-27,145.4889,0.0,1.228978,0.058189,0.023971,0.037658,NORMAL
2021-07-27,145.4889,0.0,1.205396,0.044322,0.024947,0.032697,NORMAL
2021-07-27,145.489,1e-06,1.182702,0.039212,0.022998,0.029484,NORMAL
2021-07-28,141.1538,-0.03025,1.307637,0.577264,0.048894,0.260242,NORMAL
2021-07-28,141.1538,0.0,1.275045,0.309928,0.041938,0.149134,NORMAL
2021-07-28,141.1538,0.0,1.244038,0.26667,0.031017,0.125278,NORMAL
2021-07-28,141.2839,0.000921,1.214504,0.240756,0.031457,0.115177,NORMAL
2021-07-28,141.2839,0.0,1.186339,0.183745,0.033936,0.093859,NORMAL
2021-07-28,141.2839,0.0,1.159451,0.164497,0.033994,0.086195,NORMAL
2021-07-28,141.2839,0.0,1.133754,0.165583,0.032808,0.085918,NORMAL
2021-07-28,141.2838,-1e-06,1.109172,0.157901,0.032154,0.082453,NORMAL
2021-07-28,141.2839,1e-06,1.085634,0.155435,0.0324,0.081614,NORMAL
2021-07-28,141.2838,-1e-06,1.063073,0.153171,0.033407,0.081313,NORMAL
2021-07-29,141.0368,-0.00175,0.517951,0.368173,0.054923,0.180223,NORMAL
2021-07-29,141.0369,1e-06,0.52959,0.307837,0.069416,0.164785,NORMAL
2021-07-29,141.1668,0.000921,0.541765,0.328842,0.077715,0.178166,NORMAL
2021-07-29,141.1668,0.0,0.554512,0.282594,0.081332,0.161837,NORMAL
2021-07-29,141.0369,-0.000921,0.567874,0.288623,0.081549,0.164378,NORMAL
2021-07-29,141.1668,0.000921,0.581896,0.293277,0.077661,0.163907,NORMAL
2021-07-29,141.1668,0.0,0.596628,0.217992,0.070693,0.129613,NORMAL
2021-07-29,141.1668,0.0,0.612125,0.193085,0.061807,0.114319,NORMAL
2021-07-29,141.1668,0.0,0.628449,0.154904,0.053201,0.093882,NORMAL
2021-07-29,141.1668,0.0,0.645667,0.190765,0.054571,0.109049,NORMAL
2021-07-30,140.7347,-0.003066,0.82492,0.205498,0.055533,0.115519,NORMAL
2021-07-30,140.7347,0.0,0.849027,0.102603,0.057149,0.075331,NORMAL
2021-07-30,140.8643,0.00092,0.874585,0.081489,0.056433,0.066455,NORMAL
2021-07-30,140.8643,0.0,0.901729,0.049955,0.055356,0.053196,NORMAL
2021-07-30,140.7347,-0.00092,0.930613,0.088952,0.058052,0.070412,NORMAL
2021-07-30,140.8643,0.00092,0.961408,0.064624,0.066387,0.065682,NORMAL
2021-07-30,140.8643,0.0,0.994311,0.040432,0.077597,0.062731,NORMAL
2021-07-30,140.8643,0.0,1.029546,0.03812,0.084936,0.06621,NORMAL
2021-07-30,140.8644,1e-06,1.067369,0.036875,0.079675,0.062555,NORMAL
2021-07-30,140.8644,0.0,1.108078,0.044451,0.055914,0.051329,NORMAL
2021-08-02,142.7961,0.01362,0.98436,0.327798,0.061239,0.167862,NORMAL
2021-08-02,142.7962,1e-06,0.979621,0.072425,0.067385,0.069401,NORMAL
2021-08-02,142.7961,-1e-06,0.974927,0.054023,0.07251,0.065115,NORMAL
2021-08-02,142.7961,0.0,0.970278,0.032573,0.07532,0.058221,NORMAL
2021-08-02,142.7962,1e-06,0.965674,0.027158,0.077108,0.057128,NORMAL
2021-08-02,142.7961,-1e-06,0.961112,0.022164,0.080171,0.056968,NORMAL
2021-08-02,142.7962,1e-06,0.956594,0.019046,0.082921,0.057371,NORMAL
2021-08-02,142.6647,-0.000921,0.952118,0.059954,0.077671,0.070584,NORMAL
2021-08-02,142.6647,0.0,0.947683,0.035718,0.055349,0.047497,NORMAL
2021-08-02,142.6647,0.0,0.94329,0.035947,0.036094,0.036035,NORMAL
2021-08-03,142.1286,-0.003765,0.976031,0.14421,0.040201,0.081805,NORMAL
2021-08-03,142.1286,0.0,0.980206,0.049534,0.043568,0.045955,NORMAL
2021-08-03,142.2595,0.000921,0.984416,0.075343,0.046212,0.057864,NORMAL
2021-08-03,142.2595,0.0,0.988663,0.052189,0.047968,0.049657,NORMAL
2021-08-03,142.1286,-0.000921,0.992947,0.076167,0.046895,0.058604,NORMAL
2021-08-03,142.2595,0.000921,0.997268,0.06436,0.043112,0.051611,NORMAL
2021-08-03,142.2595,0.0,1.001626,0.045374,0.036033,0.039769,NORMAL
2021-08-03,142.2595,0.0,1.006023,0.039588,0.027498,0.032334,NORMAL
2021-08-03,142.2595,0.0,1.010459,0.040579,0.02017,0.028334,NORMAL
2021-08-03,142.2595,0.0,1.014934,0.051155,0.011651,0.027452,NORMAL
2021-08-04,143.5517,0.009042,0.887582,0.245794,0.015652,0.107709,NORMAL
2021-08-04,143.5517,0.0,0.892156,0.045255,0.016956,0.028275,NORMAL
2021-08-04,143.5517,0.0,0.896777,0.037905,0.018163,0.02606,NORMAL
2021-08-04,143.6839,0.00092,0.901446,0.06617,0.019601,0.038228,NORMAL
2021-08-04,143.684,1e-06,0.906164,0.030278,0.020078,0.024158,NORMAL
2021-08-04,143.684,0.0,0.910932,0.02332,0.020215,0.021457,NORMAL
2021-08-04,143.684,0.0,0.915751,0.02256,0.019041,0.020449,NORMAL
2021-08-04,143.684,0.0,0.92062,0.018594,0.016576,0.017383,NORMAL
2021-08-04,143.684,0.0,0.925542,0.017114,0.012591,0.0144,NORMAL
2021-08-04,143.684,0.0,0.930516,0.016368,0.005821,0.01004,NORMAL
2021-08-05,143.2691,-0.002892,0.777728,0.137515,0.008486,0.060098,NORMAL
2021-08-05,143.2691,0.0,0.789902,0.079331,0.010014,0.037741,NORMAL
2021-08-05,143.4011,0.000921,0.802463,0.096109,0.010299,0.044623,NORMAL
2021-08-05,143.401,-1e-06,0.81543,0.073971,0.010375,0.035814,NORMAL
2021-08-05,143.269,-0.000921,0.828823,0.081245,0.01039,0.038732,NORMAL
2021-08-05,143.401,0.000921,0.842663,0.076233,0.010918,0.037044,NORMAL
2021-08-05,143.4011,1e-06,0.856974,0.049128,0.0114,0.026492,NORMAL
2021-08-05,143.4011,0.0,0.871779,0.042075,0.012352,0.024242,NORMAL
2021-08-05,143.401,-1e-06,0.887104,0.041664,0.0121,0.023925,NORMAL
2021-08-05,143.401,0.0,0.902978,0.055366,0.009466,0.027826,NORMAL
2021-08-06,142.8687,-0.003719,1.055702,0.179784,0.012077,0.07916,NORMAL
2021-08-06,142.8687,0.0,1.058014,0.070098,0.013534,0.03616,NORMAL
2021-08-06,143.0003,0.000921,1.060337,0.069563,0.013424,0.03588,NORMAL
2021-08-06,143.0003,0.0,1.06267,0.03552,0.013304,0.022191,NORMAL
2021-08-06,142.8687,-0.000921,1.065014,0.076356,0.013626,0.038718,NORMAL
2021-08-06,143.0003,0.000921,1.067368,0.060738,0.013534,0.032416,NORMAL
2021-08-06,143.0003,0.0,1.069732,0.037233,0.013306,0.022877,NORMAL
2021-08-06,143.0003,0.0,1.072107,0.042041,0.0129,0.024557,NORMAL
2021-08-06,143.0003,0.0,1.074492,0.041058,0.01217,0.023725,NORMAL
2021-08-06,143.0003,0.0,1.076888,0.044816,0.01079,0.0244,NORMAL
2021-08-09,142.7222,-0.001947,0.970646,0.109585,0.011176,0.050539,NORMAL
2021-08-09,142.7222,0.0,0.968233,0.04634,0.01022,0.024668,NORMAL
2021-08-09,142.7222,0.0,0.965833,0.044867,0.008865,0.023266,NORMAL
2021-08-09,142.8537,0.000921,0.963444,0.060957,0.008099,0.029242,NORMAL
2021-08-09,142.8538,1e-06,0.961067,0.038884,0.008135,0.020435,NORMAL
2021-08-09,142.8537,-1e-06,0.958702,0.039414,0.008688,0.020978,NORMAL
2021-08-09,142.8538,1e-06,0.956348,0.040143,0.009032,0.021477,NORMAL
2021-08-09,142.8537,-1e-06,0.954006,0.036061,0.00826,0.01938,NORMAL
2021-08-09,142.8537,0.0,0.951676,0.042317,0.005965,0.020506,NORMAL
2021-08-09,142.8537,0.0,0.949356,0.065166,0.003954,0.028439,NORMAL
2021-08-10,143.0882,0.00164,1.320699,0.1809,0.013605,0.080523,NORMAL
2021-08-10,142.9566,-0.00092,1.302141,0.150441,0.015978,0.069763,NORMAL
2021-08-10,142.9565,-1e-06,1.284098,0.131732,0.015473,0.061977,NORMAL
2021-08-10,142.9565,0.0,1.266548,0.116093,0.016023,0.056051,NORMAL
2021-08-10,143.0883,0.000922,1.249472,0.114028,0.019422,0.057265,NORMAL
2021-08-10,143.0883,0.0,1.232849,0.097911,0.023854,0.053477,NORMAL
2021-08-10,143.0883,0.0,1.216664,0.084162,0.025792,0.04914,NORMAL
2021-08-10,143.0882,-1e-06,1.200897,0.078047,0.023423,0.045273,NORMAL
2021-08-10,143.0883,1e-06,1.185534,0.074858,0.018429,0.041001,NORMAL
2021-08-10,143.0883,0.0,1.17056,0.065243,0.013508,0.034202,NORMAL
2021-08-11,142.5758,-0.003588,0.822689,0.197587,0.02254,0.092559,NORMAL
2021-08-11,142.5758,0.0,0.822979,0.112581,0.022106,0.058296,NORMAL
2021-08-11,142.5758,0.0,0.823269,0.112581,0.02063,0.057411,NORMAL
2021-08-11,142.7072,0.000921,0.823559,0.106808,0.020419,0.054975,NORMAL
2021-08-11,142.7072,0.0,0.823849,0.080945,0.020668,0.044779,NORMAL
2021-08-11,142.7072,0.0,0.82414,0.079238,0.022852,0.045406,NORMAL
2021-08-11,142.7072,0.0,0.824431,0.073357,0.02527,0.044505,NORMAL
2021-08-11,142.7072,0.0,0.824722,0.071836,0.026528,0.044651,NORMAL
2021-08-11,142.7072,0.0,0.825013,0.071836,0.025744,0.044181,NORMAL
2021-08-11,142.7072,0.0,0.825305,0.070347,0.02365,0.042329,NORMAL
2021-08-12,142.8439,0.000957,1.226766,0.098408,0.03892,0.062715,NORMAL
2021-08-12,142.7125,-0.00092,1.223382,0.106996,0.044082,0.069247,NORMAL
2021-08-12,142.7125,0.0,1.220017,0.08179,0.042523,0.05823,NORMAL
2021-08-12,142.7125,0.0,1.21667,0.078872,0.040194,0.055665,NORMAL
2021-08-12,142.844,0.000921,1.213341,0.088584,0.040258,0.059589,NORMAL
2021-08-12,142.844,0.0,1.210031,0.070888,0.045409,0.055601,NORMAL
2021-08-12,142.844,0.0,1.206739,0.07716,0.052619,0.062436,NORMAL
2021-08-12,142.8439,-1e-06,1.203464,0.078383,0.054814,0.064241,NORMAL
2021-08-12,142.8439,0.0,1.200208,0.072685,0.047514,0.057583,NORMAL
2021-08-12,142.8439,0.0,1.196969,0.074472,0.038131,0.052668,NORMAL
2021-08-13,145.5603,0.018838,0.974445,0.44369,0.044794,0.204352,NORMAL
2021-08-13,145.4263,-0.000921,0.965821,0.140355,0.044921,0.083094,NORMAL
2021-08-13,145.4264,1e-06,0.957348,0.070119,0.043579,0.054195,NORMAL
2021-08-13,145.4264,0.0,0.949023,0.039125,0.044076,0.042095,NORMAL
2021-08-13,145.5604,0.000921,0.940841,0.0663,0.04682,0.054612,NORMAL
2021-08-13,145.5603,-1e-06,0.932799,0.036346,0.049813,0.044426,NORMAL
2021-08-13,145.5603,0.0,0.924894,0.040687,0.04971,0.046101,NORMAL
2021-08-13,145.5603,0.0,0.917121,0.037771,0.043319,0.0411,NORMAL
2021-08-13,145.5603,0.0,0.909478,0.042379,0.030635,0.035333,NORMAL
2021-08-13,145.5603,0.0,0.901961,0.039703,0.0185,0.026981,NORMAL
2021-08-16,145.0066,-0.003811,1.533049,0.326214,0.058461,0.165562,NORMAL
2021-08-16,145.0066,0.0,1.498561,0.225611,0.07566,0.13564,NORMAL
2021-08-16,145.0065,-1e-06,1.46559,0.207727,0.07497,0.128073,NORMAL
2021-08-16,145.1402,0.000922,1.43404,0.181996,0.076334,0.118599,NORMAL
2021-08-16,145.1402,0.0,1.403819,0.150432,0.080816,0.108662,NORMAL
2021-08-16,145.1402,0.0,1.374845,0.128848,0.080065,0.099578,NORMAL
2021-08-16,145.1402,0.0,1.347044,0.123281,0.076959,0.095487,NORMAL
2021-08-16,145.1402,0.0,1.320344,0.110047,0.071605,0.086982,NORMAL
2021-08-16,145.1402,0.0,1.294682,0.095675,0.06414,0.076754,NORMAL
2021-08-16,145.1402,0.0,1.269999,0.098856,0.057915,0.074291,NORMAL
2021-08-17,146.7915,0.011313,1.111493,0.282463,0.062852,0.150697,NORMAL
2021-08-17,146.6564,-0.000921,1.089915,0.066753,0.067424,0.067156,NORMAL
2021-08-17,146.6564,0.0,1.06916,0.026986,0.071217,0.053524,NORMAL
2021-08-17,146.6564,0.0,1.04918,0.009554,0.073336,0.047823,NORMAL
2021-08-17,146.7915,0.000921,1.029934,0.033553,0.074342,0.058026,NORMAL
2021-08-17,146.7915,0.0,1.01138,0.006421,0.074387,0.0472,NORMAL
2021-08-17,146.7915,0.0,0.993484,0.007588,0.073007,0.046839,NORMAL
2021-08-17,146.7915,0.0,0.976209,0.00532,0.069197,0.043646,NORMAL
2021-08-17,146.7915,0.0,0.959525,0.006292,0.061026,0.039133,NORMAL
2021-08-17,146.7915,0.0,0.943402,0.012066,0.04638,0.032655,NORMAL
2021-08-18,146.2366,-0.003787,0.890745,0.12927,0.04496,0.078684,NORMAL
2021-08-18,146.2366,0.0,0.898613,0.040892,0.044451,0.043028,NORMAL
2021-08-18,146.2366,0.0,0.90662,0.045786,0.044387,0.044946,NORMAL
2021-08-18,146.3714,0.000921,0.914772,0.065263,0.044826,0.053001,NORMAL
2021-08-18,146.3713,-1e-06,0.923072,0.04347,0.045649,0.044778,NORMAL
2021-08-18,146.3713,0.0,0.931523,0.038365,0.04671,0.043372,NORMAL
2021-08-18,146.3713,0.0,0.940131,0.03584,0.047827,0.043032,NORMAL
2021-08-18,146.3714,1e-06,0.9489,0.02968,0.047785,0.040543,NORMAL
2021-08-18,146.3713,-1e-06,0.957833,0.038807,0.042584,0.041073,NORMAL
2021-08-18,146.3714,1e-06,0.966936,0.04557,0.035369,0.03945,NORMAL
2021-08-19,141.7105,-0.032361,0.976924,0.611459,0.062575,0.282129,NORMAL
2021-08-19,141.5801,-0.000921,0.979824,0.389559,0.058509,0.190929,NORMAL
2021-08-19,141.5801,0.0,0.982742,0.304849,0.04368,0.148148,NORMAL
2021-08-19,141.5801,0.0,0.985677,0.267109,0.044191,0.133359,NORMAL
2021-08-19,141.7105,0.000921,0.988629,0.236352,0.046532,0.12246,NORMAL
2021-08-19,141.7105,0.0,0.991599,0.200571,0.041784,0.105298,NORMAL
2021-08-19,141.7105,0.0,0.994587,0.190772,0.033709,0.096534,NORMAL
2021-08-19,141.7105,0.0,0.997593,0.194713,0.027403,0.094327,NORMAL
2021-08-19,141.7105,0.0,1.000618,0.19305,0.023699,0.09144,NORMAL
2021-08-19,141.7105,0.0,1.00366,0.199514,0.018918,0.091156,NORMAL
2021-08-20,144.0654,0.016481,0.709391,0.4868,0.038535,0.217841,NORMAL
2021-08-20,143.9327,-0.000922,0.720267,0.260902,0.052753,0.136013,NORMAL
2021-08-20,143.9327,0.0,0.731481,0.211845,0.059249,0.120288,NORMAL
2021-08-20,143.9327,0.0,0.74305,0.203175,0.058085,0.116121,NORMAL
2021-08-20,144.0654,0.000922,0.754991,0.214403,0.052872,0.117484,NORMAL
2021-08-20,144.0654,0.0,0.767323,0.172593,0.046475,0.096922,NORMAL
2021-08-20,144.0654,0.0,0.780063,0.159824,0.039993,0.087925,NORMAL
2021-08-20,144.0653,-1e-06,0.793234,0.13598,0.034111,0.074859,NORMAL
2021-08-20,144.0654,1e-06,0.806857,0.109431,0.029404,0.061415,NORMAL
2021-08-20,144.0653,-1e-06,0.820956,0.092813,0.026049,0.052755,NORMAL
2021-08-23,144.7821,0.004963,0.830395,0.168233,0.025243,0.082439,NORMAL
2021-08-23,144.782,-1e-06,0.846068,0.057549,0.024509,0.037725,NORMAL
2021-08-23,144.7821,1e-06,0.862344,0.051022,0.024024,0.034823,NORMAL
2021-08-23,144.9155,0.000921,0.879258,0.074115,0.024886,0.044578,NORMAL
2021-08-23,144.9154,-1e-06,0.896849,0.040263,0.028211,0.033032,NORMAL
2021-08-23,144.9154,0.0,0.915159,0.030642,0.03462,0.033029,NORMAL
2021-08-23,144.9154,0.0,0.934232,0.02012,0.043193,0.033964,NORMAL
2021-08-23,144.9155,1e-06,0.954116,0.017274,0.050113,0.036977,NORMAL
2021-08-23,144.9154,-1e-06,0.974866,0.015135,0.049125,0.035529,NORMAL
2021-08-23,144.9155,1e-06,0.996538,0.01067,0.032651,0.023859,NORMAL
2021-08-24,145.895,0.006736,0.813584,0.230156,0.030721,0.110495,NORMAL
2021-08-24,145.8949,-1e-06,0.821798,0.087413,0.030637,0.053347,NORMAL
2021-08-24,145.895,1e-06,0.83018,0.074503,0.031986,0.048992,NORMAL
2021-08-24,146.0294,0.000921,0.838735,0.091842,0.034588,0.05749,NORMAL
2021-08-24,146.0294,0.0,0.847467,0.056783,0.037498,0.045212,NORMAL
2021-08-24,146.0294,0.0,0.856384,0.051925,0.040887,0.045302,NORMAL
2021-08-24,146.0294,0.0,0.86549,0.045069,0.0448,0.044908,NORMAL
2021-08-24,146.0293,-1e-06,0.874791,0.045966,0.048168,0.047287,NORMAL
2021-08-24,146.0293,0.0,0.884295,0.049413,0.04099,0.044359,NORMAL
2021-08-24,146.0293,0.0,0.894008,0.044935,0.026242,0.033719,NORMAL
2021-08-25,146.2464,0.001486,1.086154,0.089951,0.024338,0.050584,NORMAL
2021-08-25,146.2464,0.0,1.087296,0.049921,0.021922,0.033122,NORMAL
2021-08-25,146.2464,0.0,1.08844,0.052165,0.01959,0.03262,NORMAL
2021-08-25,146.3811,0.000921,1.089586,0.078553,0.017797,0.0421,NORMAL
2021-08-25,146.3811,0.0,1.090735,0.053351,0.017135,0.031621,NORMAL
2021-08-25,146.3811,0.0,1.091887,0.055584,0.017287,0.032606,NORMAL
2021-08-25,146.3811,0.0,1.09304,0.052223,0.017842,0.031594,NORMAL
2021-08-25,146.3811,0.0,1.094196,0.058219,0.018285,0.034259,NORMAL
2021-08-25,146.3811,0.0,1.095355,0.058652,0.018305,0.034444,NORMAL
2021-08-25,146.3811,0.0,1.096516,0.07671,0.018469,0.041765,NORMAL
2021-08-26,144.8211,-0.010714,0.903321,0.290842,0.031676,0.135342,NORMAL
2021-08-26,144.8211,0.0,0.903328,0.111186,0.03325,0.064425,NORMAL
2021-08-26,144.9545,0.000921,0.903336,0.102406,0.02873,0.0582,NORMAL
2021-08-26,144.9545,0.0,0.903344,0.058369,0.023301,0.037328,NORMAL
2021-08-26,144.8211,-0.000921,0.903352,0.091026,0.019368,0.048031,NORMAL
2021-08-26,144.9545,0.000921,0.903359,0.067574,0.017703,0.037651,NORMAL
2021-08-26,144.9545,0.0,0.903367,0.036737,0.017646,0.025282,NORMAL
2021-08-26,144.9545,0.0,0.903375,0.037707,0.017991,0.025878,NORMAL
2021-08-26,144.9545,0.0,0.903383,0.039474,0.017258,0.026144,NORMAL
2021-08-26,144.9545,0.0,0.90339,0.036762,0.015085,0.023756,NORMAL
2021-08-27,143.9718,-0.006802,1.040414,0.233968,0.01811,0.104453,NORMAL
2021-08-27,143.9718,0.0,1.043516,0.079926,0.019474,0.043655,NORMAL
2021-08-27,144.1045,0.000921,1.046637,0.071084,0.019298,0.040012,NORMAL
2021-08-27,144.1044,-1e-06,1.049776,0.04672,0.018821,0.029981,NORMAL
2021-08-27,143.9718,-0.000921,1.052935,0.085053,0.019188,0.045534,NORMAL
2021-08-27,144.1044,0.000921,1.056112,0.060153,0.019887,0.035993,NORMAL
2021-08-27,144.1044,0.0,1.059309,0.026959,0.020819,0.023275,NORMAL
2021-08-27,144.1044,0.0,1.062525,0.020776,0.02103,0.020928,NORMAL
2021-08-27,144.1045,1e-06,1.06576,0.025897,0.019588,0.022112,NORMAL
2021-08-27,144.1045,0.0,1.069016,0.02073,0.017139,0.018575,NORMAL
2021-08-30,145.4556,0.009332,1.674529,0.431791,0.050284,0.202887,NORMAL
2021-08-30,145.5897,0.000922,1.611686,0.25719,0.065478,0.142163,NORMAL
2021-08-30,145.5897,0.0,1.553389,0.188295,0.074025,0.119733,NORMAL
2021-08-30,145.5896,-1e-06,1.499162,0.158767,0.078345,0.110514,NORMAL
2021-08-30,145.5897,1e-06,1.448593,0.128586,0.078111,0.098301,NORMAL
2021-08-30,145.5896,-1e-06,1.401325,0.117058,0.07495,0.091793,NORMAL
2021-08-30,145.5896,0.0,1.357044,0.092548,0.06997,0.079001,NORMAL
2021-08-30,145.5897,1e-06,1.315475,0.079495,0.063186,0.069709,NORMAL
2021-08-30,145.4556,-0.000922,1.276378,0.10757,0.055565,0.076367,NORMAL
2021-08-30,145.4556,0.0,1.239537,0.079821,0.047918,0.060679,NORMAL
2021-08-31,149.0286,0.024267,1.154061,0.509628,0.055104,0.236914,NORMAL
2021-08-31,149.1659,0.000921,1.130925,0.209199,0.054532,0.116399,NORMAL
2021-08-31,149.0286,-0.000921,1.108698,0.142713,0.055961,0.090662,NORMAL
2021-08-31,149.1659,0.000921,1.087328,0.129948,0.058941,0.087344,NORMAL
2021-08-31,149.0286,-0.000921,1.066766,0.109314,0.060083,0.079775,NORMAL
2021-08-31,149.1659,0.000921,1.046968,0.105222,0.059908,0.078033,NORMAL
2021-08-31,149.1659,0.0,1.027891,0.073974,0.05848,0.064677,NORMAL
2021-08-31,149.1659,0.0,1.009496,0.077276,0.056946,0.065078,NORMAL
2021-08-31,149.1659,0.0,0.991749,0.073693,0.056449,0.063347,NORMAL
2021-08-31,149.1659,0.0,0.974615,0.065984,0.057609,0.060959,NORMAL
2021-09-01,149.1946,0.000192,0.910868,0.071456,0.058082,0.063432,NORMAL
2021-09-01,149.1945,-1e-06,0.916398,0.072485,0.058454,0.064066,NORMAL
2021-09-01,149.1945,0.0,0.921997,0.067406,0.060104,0.063024,NORMAL
2021-09-01,149.332,0.000921,0.927664,0.092294,0.062375,0.074342,NORMAL
2021-09-01,149.332,0.0,0.933401,0.067385,0.064581,0.065703,NORMAL
2021-09-01,149.332,0.0,0.93921,0.068083,0.067229,0.06757,NORMAL
2021-09-01,149.332,0.0,0.945091,0.046087,0.067013,0.058642,NORMAL
2021-09-01,149.332,0.0,0.951047,0.025935,0.060305,0.046557,NORMAL
2021-09-01,149.332,0.0,0.957078,0.028328,0.046838,0.039434,NORMAL
2021-09-01,149.332,0.0,0.963186,0.052948,0.049505,0.050882,NORMAL
2021-09-02,150.2098,0.005861,0.86079,0.223989,0.047227,0.117932,NORMAL
2021-09-02,150.2098,0.0,0.868855,0.094757,0.04116,0.062599,NORMAL
2021-09-02,150.2098,0.0,0.877073,0.078891,0.034351,0.052167,NORMAL
2021-09-02,150.3482,0.000921,0.885448,0.089157,0.029506,0.053366,NORMAL
2021-09-02,150.3482,0.0,0.893984,0.062064,0.027128,0.041102,NORMAL
2021-09-02,150.3482,0.0,0.902686,0.05588,0.026201,0.038073,NORMAL
2021-09-02,150.3482,0.0,0.911559,0.052676,0.025523,0.036384,NORMAL
2021-09-02,150.3482,0.0,0.920609,0.051303,0.023881,0.03485,NORMAL
2021-09-02,150.3482,0.0,0.929839,0.047216,0.020512,0.031193,NORMAL
2021-09-02,150.3482,0.0,0.939257,0.048726,0.013783,0.02776,NORMAL
2021-09-03,150.1024,-0.001636,0.775026,0.117057,0.014543,0.055549,NORMAL
2021-09-03,150.1024,0.0,0.786897,0.08678,0.015776,0.044178,NORMAL
2021-09-03,150.1024,0.0,0.799138,0.073652,0.017495,0.039957,NORMAL
2021-09-03,150.2407,0.000921,0.811765,0.065574,0.018903,0.037571,NORMAL
2021-09-03,150.2407,0.0,0.824798,0.044836,0.019734,0.029775,NORMAL
2021-09-03,150.2407,0.0,0.838256,0.02962,0.020261,0.024005,NORMAL
2021-09-03,150.2407,0.0,0.85216,0.033248,0.020133,0.025379,NORMAL
2021-09-03,150.2407,0.0,0.866533,0.03511,0.019361,0.025661,NORMAL
2021-09-03,150.2407,0.0,0.8814,0.031059,0.017898,0.023163,NORMAL
2021-09-03,150.2407,0.0,0.896786,0.047805,0.016062,0.028759,NORMAL
2021-09-07,151.2836,0.006918,1.265426,0.26938,0.024414,0.1224,NORMAL
2021-09-07,151.2836,0.0,1.254656,0.124741,0.025886,0.065428,NORMAL
2021-09-07,151.423,0.000921,1.244068,0.13117,0.025487,0.06776,NORMAL
2021-09-07,151.423,0.0,1.233656,0.096737,0.026794,0.054771,NORMAL
2021-09-07,151.2837,-0.00092,1.223418,0.071449,0.029899,0.046519,NORMAL
2021-09-07,151.423,0.00092,1.213348,0.067425,0.03028,0.045138,NORMAL
2021-09-07,151.423,0.0,1.203443,0.031112,0.027994,0.029241,NORMAL
2021-09-07,151.423,0.0,1.193698,0.031419,0.02552,0.02788,NORMAL
2021-09-07,151.423,0.0,1.18411,0.031147,0.025366,0.027678,NORMAL
2021-09-07,151.423,0.0,1.174674,0.023716,0.024292,0.024061,NORMAL
2021-09-08,153.2458,0.011966,1.050034,0.329715,0.024153,0.146378,NORMAL
2021-09-08,153.2458,0.0,1.037871,0.079544,0.022631,0.045396,NORMAL
2021-09-08,153.2458,0.0,1.025987,0.062072,0.021128,0.037506,NORMAL
2021-09-08,153.387,0.000921,1.014372,0.070698,0.020794,0.040756,NORMAL
2021-09-08,153.387,0.0,1.003017,0.039023,0.021443,0.028475,NORMAL
2021-09-08,153.387,0.0,0.991913,0.043495,0.02232,0.03079,NORMAL
2021-09-08,153.387,0.0,0.981052,0.037647,0.022179,0.028366,NORMAL
2021-09-08,153.387,0.0,0.970427,0.041676,0.020037,0.028693,NORMAL
2021-09-08,153.387,0.0,0.960029,0.040388,0.016046,0.025783,NORMAL
2021-09-08,153.387,0.0,0.949852,0.039858,0.012927,0.023699,NORMAL
2021-09-09,151.7912,-0.010458,0.743259,0.264515,0.025825,0.121301,NORMAL
2021-09-09,151.7913,1e-06,0.755494,0.080271,0.03263,0.051687,NORMAL
2021-09-09,151.9312,0.000921,0.768138,0.103383,0.034424,0.062007,NORMAL
2021-09-09,151.9312,0.0,0.781213,0.075316,0.035221,0.051259,NORMAL
2021-09-09,151.7913,-0.000921,0.794741,0.100138,0.035428,0.061312,NORMAL
2021-09-09,151.9311,0.000921,0.808746,0.082018,0.034694,0.053624,NORMAL
2021-09-09,151.9311,0.0,0.823253,0.055521,0.032389,0.041642,NORMAL
2021-09-09,151.9311,0.0,0.83829,0.045632,0.028244,0.0352,NORMAL
2021-09-09,151.9311,0.0,0.853887,0.036617,0.022852,0.028358,NORMAL
2021-09-09,151.9311,0.0,0.870075,0.03628,0.020202,0.026633,NORMAL
2021-09-10,151.3129,-0.004077,2.036423,0.44416,0.130888,0.256197,NORMAL
2021-09-10,151.3129,0.0,1.94308,0.349362,0.118022,0.210558,NORMAL
2021-09-10,151.4523,0.000921,1.857918,0.34744,0.096221,0.196709,NORMAL
2021-09-10,151.4523,0.0,1.779909,0.310003,0.08811,0.176867,NORMAL
2021-09-10,151.3129,-0.000921,1.708186,0.314787,0.086893,0.178051,NORMAL
2021-09-10,151.4523,0.000921,1.642019,0.270546,0.085764,0.159677,NORMAL
2021-09-10,151.4523,0.0,1.580787,0.206439,0.084402,0.133217,NORMAL
2021-09-10,151.4523,0.0,1.523958,0.180465,0.080546,0.120514,NORMAL
2021-09-10,151.4523,0.0,1.471073,0.152821,0.073618,0.105299,NORMAL
2021-09-10,151.4523,0.0,1.421735,0.148224,0.069834,0.10119,NORMAL
2021-09-13,147.0469,-0.029519,1.010359,0.586234,0.093576,0.29064,NORMAL
2021-09-13,147.0469,0.0,0.98837,0.323498,0.09761,0.187965,NORMAL
2021-09-13,147.0469,0.0,0.967317,0.263738,0.106013,0.169103,NORMAL
2021-09-13,147.1824,0.000921,0.947143,0.207146,0.112841,0.150563,NORMAL
2021-09-13,147.1823,-1e-06,0.927793,0.174196,0.107097,0.133936,NORMAL
2021-09-13,147.1824,1e-06,0.909218,0.172499,0.095986,0.126591,NORMAL
2021-09-13,147.1824,0.0,0.891372,0.172492,0.086089,0.12065,NORMAL
2021-09-13,147.1824,0.0,0.874213,0.172696,0.078127,0.115955,NORMAL
2021-09-13,147.1824,0.0,0.857702,0.178259,0.071068,0.113945,NORMAL
2021-09-13,147.1823,-1e-06,0.841803,0.18979,0.067472,0.116399,NORMAL
2021-09-14,146.9088,-0.00186,0.91028,0.243097,0.070898,0.139778,NORMAL
2021-09-14,146.7735,-0.000921,0.922417,0.234937,0.075204,0.139097,NORMAL
2021-09-14,146.7735,0.0,0.934882,0.185718,0.081511,0.123194,NORMAL
2021-09-14,146.9088,0.000921,0.947688,0.156236,0.089647,0.116282,NORMAL
2021-09-14,146.7735,-0.000921,0.960851,0.160797,0.098099,0.123178,NORMAL
2021-09-14,146.9088,0.000921,0.974384,0.158054,0.105992,0.126817,NORMAL
2021-09-14,146.9088,0.0,0.988303,0.099619,0.110366,0.106067,NORMAL
2021-09-14,146.9088,0.0,1.002626,0.076548,0.103755,0.092872,NORMAL
2021-09-14,146.9087,-1e-06,1.017371,0.056016,0.075383,0.067636,NORMAL
2021-09-14,146.9088,1e-06,1.032555,0.050686,0.064767,0.059135,NORMAL
2021-09-15,145.1597,-0.011977,0.793956,0.385326,0.067314,0.194519,NORMAL
2021-09-15,145.1597,0.0,0.801259,0.19718,0.069305,0.120455,NORMAL
2021-09-15,145.1597,0.0,0.808699,0.180607,0.071734,0.115283,NORMAL
2021-09-15,145.1597,0.0,0.816278,0.148718,0.070398,0.101726,NORMAL
2021-09-15,145.1597,0.0,0.824,0.143412,0.066191,0.097079,NORMAL
2021-09-15,145.1597,0.0,0.83187,0.130257,0.063791,0.090378,NORMAL
2021-09-15,145.1597,0.0,0.839891,0.127938,0.064316,0.089765,NORMAL
2021-09-15,145.0261,-0.000921,0.848069,0.168563,0.065006,0.106429,NORMAL
2021-09-15,145.0261,0.0,0.856407,0.134097,0.05543,0.086897,NORMAL
2021-09-15,145.0261,0.0,0.864912,0.132253,0.026058,0.068536,NORMAL
2021-09-16,144.9089,-0.000808,0.722033,0.229363,0.023782,0.106014,NORMAL
2021-09-16,144.909,1e-06,0.738197,0.196484,0.024135,0.093075,NORMAL
2021-09-16,145.0424,0.00092,0.7551,0.126151,0.025263,0.065619,NORMAL
2021-09-16,145.0424,0.0,0.772795,0.086169,0.026546,0.050395,NORMAL
2021-09-16,144.909,-0.00092,0.79134,0.123831,0.027609,0.066098,NORMAL
2021-09-16,145.0425,0.000921,0.810797,0.092663,0.028253,0.054017,NORMAL
2021-09-16,145.0425,0.0,0.831235,0.051555,0.02883,0.03792,NORMAL
2021-09-16,145.0425,0.0,0.852729,0.03522,0.029991,0.032083,NORMAL
2021-09-16,145.0425,0.0,0.875365,0.030673,0.032597,0.031827,NORMAL
2021-09-16,145.0425,0.0,0.899236,0.061732,0.036567,0.046633,NORMAL
2021-09-17,145.2799,0.001635,1.665261,0.32702,0.081372,0.179631,NORMAL
2021-09-17,145.2799,0.0,1.616964,0.264469,0.084848,0.156696,NORMAL
2021-09-17,145.4138,0.000921,1.57139,0.2606,0.070965,0.146819,NORMAL
2021-09-17,145.4138,0.0,1.528314,0.219313,0.059204,0.123248,NORMAL
2021-09-17,145.2799,-0.000921,1.487537,0.220756,0.050136,0.118384,NORMAL
2021-09-17,145.4138,0.000921,1.44888,0.185683,0.042808,0.099958,NORMAL
2021-09-17,145.4138,0.0,1.41218,0.143391,0.037991,0.080151,NORMAL
2021-09-17,145.4138,0.0,1.377294,0.126884,0.035882,0.072283,NORMAL
2021-09-17,145.4138,0.0,1.34409,0.118855,0.036237,0.069284,NORMAL
2021-09-17,145.4137,-1e-06,1.31245,0.104623,0.036627,0.063825,NORMAL
2021-09-20,140.5087,-0.034313,1.213866,0.659387,0.063151,0.301645,NORMAL
2021-09-20,140.5087,0.0,1.181662,0.364322,0.055026,0.178744,NORMAL
2021-09-20,140.5087,0.0,1.151123,0.309465,0.047457,0.15226,NORMAL
2021-09-20,140.5087,0.0,1.122123,0.276536,0.045626,0.13799,NORMAL
2021-09-20,140.5087,0.0,1.094548,0.26525,0.046355,0.133913,NORMAL
2021-09-20,140.5087,0.0,1.068296,0.252233,0.046848,0.129002,NORMAL
2021-09-20,140.3794,-0.000921,1.043274,0.296097,0.04718,0.146747,NORMAL
2021-09-20,140.3794,0.0,1.019397,0.261905,0.047663,0.133359,NORMAL
2021-09-20,140.3794,0.0,0.996588,0.253695,0.048902,0.130819,NORMAL
2021-09-20,140.5087,0.000921,0.974778,0.25439,0.05183,0.132854,NORMAL
2021-09-21,140.6357,0.000903,0.611702,0.358103,0.06364,0.181425,NORMAL
2021-09-21,140.5062,-0.000921,0.62533,0.34322,0.071671,0.180291,NORMAL
2021-09-21,140.5063,1e-06,0.639579,0.304429,0.078513,0.16888,NORMAL
2021-09-21,140.6357,0.000921,0.654492,0.343874,0.082266,0.186909,NORMAL
2021-09-21,140.5062,-0.000921,0.670118,0.319622,0.082895,0.177586,NORMAL
2021-09-21,140.6357,0.000921,0.686508,0.282338,0.082592,0.162491,NORMAL
2021-09-21,140.6357,0.0,0.70372,0.222111,0.078507,0.135949,NORMAL
2021-09-21,140.6357,0.0,0.721817,0.194617,0.067627,0.118423,NORMAL
2021-09-21,140.6357,0.0,0.740869,0.142073,0.049827,0.086726,NORMAL
2021-09-21,140.6357,0.0,0.760954,0.136072,0.045445,0.081696,NORMAL
2021-09-22,141.0138,0.002685,0.785223,0.19602,0.043105,0.104271,NORMAL
2021-09-22,141.0139,1e-06,0.804688,0.117907,0.0411,0.071823,NORMAL
2021-09-22,141.0139,0.0,0.825143,0.108587,0.039295,0.067012,NORMAL
2021-09-22,141.1438,0.000921,0.846665,0.115341,0.038624,0.069311,NORMAL
2021-09-22,141.1438,0.0,0.869339,0.079847,0.039668,0.05574,NORMAL
2021-09-22,141.1438,0.0,0.893262,0.063418,0.044039,0.051791,NORMAL
2021-09-22,141.1438,0.0,0.918538,0.058757,0.050786,0.053974,NORMAL
2021-09-22,141.1438,0.0,0.945286,0.052256,0.055342,0.054108,NORMAL
2021-09-22,141.1438,0.0,0.97364,0.051544,0.051685,0.051628,NORMAL
2021-09-22,141.1438,0.0,1.003746,0.049441,0.027943,0.036542,NORMAL
2021-09-23,143.1616,0.014195,0.857996,0.404016,0.030171,0.179709,NORMAL
2021-09-23,143.1616,0.0,0.864284,0.138903,0.034472,0.076244,NORMAL
2021-09-23,143.2934,0.00092,0.870665,0.138704,0.039738,0.079325,NORMAL
2021-09-23,143.2934,0.0,0.87714,0.091639,0.043501,0.062756,NORMAL
2021-09-23,143.1615,-0.000921,0.883713,0.085613,0.045066,0.061284,NORMAL
2021-09-23,143.2934,0.000921,0.890385,0.074191,0.045985,0.057267,NORMAL
2021-09-23,143.2934,0.0,0.897158,0.043196,0.046595,0.045236,NORMAL
2021-09-23,143.2934,0.0,0.904036,0.040637,0.043867,0.042575,NORMAL
2021-09-23,143.2934,0.0,0.911019,0.040577,0.032187,0.035543,NORMAL
2021-09-23,143.2934,0.0,0.918112,0.038312,0.02169,0.028339,NORMAL
2021-09-24,142.1951,-0.007694,0.769744,0.282267,0.026919,0.129058,NORMAL
2021-09-24,142.1951,0.0,0.782658,0.110682,0.029787,0.062145,NORMAL
2021-09-24,142.3261,0.000921,0.796012,0.13069,0.030054,0.070309,NORMAL
2021-09-24,142.3261,0.0,0.80983,0.096232,0.032,0.057693,NORMAL
2021-09-24,142.1951,-0.000921,0.824136,0.114925,0.033494,0.066066,NORMAL
2021-09-24,142.3261,0.000921,0.838957,0.098746,0.032734,0.059139,NORMAL
2021-09-24,142.3261,0.0,0.85432,0.060217,0.028202,0.041008,NORMAL
2021-09-24,142.3261,0.0,0.870257,0.053497,0.023057,0.035233,NORMAL
2021-09-24,142.3261,0.0,0.8868,0.053212,0.021339,0.034088,NORMAL
2021-09-24,142.3261,0.0,0.903983,0.047255,0.019105,0.030365,NORMAL
2021-09-27,142.0096,-0.002226,1.243645,0.153064,0.027785,0.077896,NORMAL
2021-09-27,142.0096,0.0,1.234008,0.103039,0.030117,0.059286,NORMAL
2021-09-27,142.0096,0.0,1.22452,0.08866,0.02898,0.052852,NORMAL
2021-09-27,142.1404,0.000921,1.215176,0.120824,0.026647,0.064318,NORMAL
2021-09-27,142.1404,0.0,1.205974,0.088557,0.025172,0.050526,NORMAL
2021-09-27,142.1405,1e-06,1.19691,0.086705,0.024556,0.049416,NORMAL
2021-09-27,142.1404,-1e-06,1.187981,0.084739,0.024428,0.048552,NORMAL
2021-09-27,142.1405,1e-06,1.179184,0.076202,0.024179,0.044988,NORMAL
2021-09-27,142.1404,-1e-06,1.170517,0.081529,0.0231,0.046472,NORMAL
2021-09-27,142.1405,1e-06,1.161976,0.102871,0.021151,0.053839,NORMAL
2021-09-28,139.9713,-0.015379,1.636491,0.661141,0.043669,0.290658,NORMAL
2021-09-28,139.8424,-0.000921,1.571027,0.451405,0.048621,0.209735,NORMAL
2021-09-28,139.8424,0.0,1.510599,0.365261,0.047353,0.174517,NORMAL
2021-09-28,139.9713,0.000921,1.454648,0.28558,0.052055,0.145465,NORMAL
2021-09-28,139.8424,-0.000921,1.402693,0.260192,0.058489,0.13917,NORMAL
2021-09-28,139.9713,0.000921,1.354322,0.216225,0.063158,0.124385,NORMAL
2021-09-28,139.9712,-1e-06,1.309176,0.162907,0.064756,0.104016,NORMAL
2021-09-28,139.9713,1e-06,1.266942,0.14791,0.06206,0.0964,NORMAL
2021-09-28,139.9713,0.0,1.227348,0.13546,0.054493,0.08688,NORMAL
2021-09-28,139.9712,-1e-06,1.190154,0.112608,0.045078,0.07209,NORMAL
2021-09-29,139.081,-0.00638,0.814574,0.263283,0.055664,0.138711,NORMAL
2021-09-29,139.081,0.0,0.814373,0.137524,0.063517,0.09312,NORMAL
2021-09-29,139.081,0.0,0.814173,0.138254,0.069641,0.097086,NORMAL
2021-09-29,139.2091,0.000921,0.813972,0.139708,0.073308,0.099868,NORMAL
2021-09-29,139.2091,0.0,0.813772,0.109724,0.073891,0.088224,NORMAL
2021-09-29,139.2091,0.0,0.813572,0.09969,0.070106,0.08194,NORMAL
2021-09-29,139.2091,0.0,0.813372,0.093215,0.062284,0.074656,NORMAL
2021-09-29,139.2091,0.0,0.813172,0.087711,0.053022,0.066898,NORMAL
2021-09-29,139.2091,0.0,0.812972,0.085389,0.046112,0.061823,NORMAL
2021-09-29,139.2091,0.0,0.812772,0.099663,0.045919,0.067417,NORMAL
2021-09-30,140.3719,0.008318,0.980894,0.216928,0.054093,0.119227,NORMAL
2021-09-30,140.2427,-0.000921,0.991771,0.081792,0.054361,0.065333,NORMAL
2021-09-30,140.2427,0.0,1.002893,0.04754,0.049748,0.048865,NORMAL
2021-09-30,140.2427,0.0,1.014267,0.049468,0.0452,0.046907,NORMAL
2021-09-30,140.3719,0.000921,1.025901,0.075808,0.042778,0.05599,NORMAL
2021-09-30,140.3719,0.0,1.037806,0.045123,0.043244,0.043996,NORMAL
2021-09-30,140.3719,0.0,1.04999,0.04597,0.045852,0.045899,NORMAL
2021-09-30,140.3719,0.0,1.062464,0.047337,0.046831,0.047033,NORMAL
2021-09-30,140.3719,0.0,1.075238,0.050984,0.041033,0.045013,NORMAL
2021-09-30,140.3719,0.0,1.088322,0.056861,0.034283,0.043314,NORMAL
2021-10-01,138.6521,-0.012327,1.142559,0.315268,0.03798,0.148895,NORMAL
2021-10-01,138.5245,-0.000921,1.128905,0.132855,0.036159,0.074837,NORMAL
2021-10-01,138.5245,0.0,1.115573,0.095828,0.033508,0.058436,NORMAL
2021-10-01,138.5245,0.0,1.102552,0.084983,0.03529,0.055167,NORMAL
2021-10-01,138.6522,0.000921,1.089831,0.098688,0.038335,0.062476,NORMAL
2021-10-01,138.6521,-1e-06,1.077401,0.067686,0.041524,0.051989,NORMAL
2021-10-01,138.6522,1e-06,1.065251,0.062935,0.044178,0.051681,NORMAL
2021-10-01,138.6522,0.0,1.053372,0.061876,0.040137,0.048833,NORMAL
2021-10-01,138.6522,0.0,1.041755,0.056274,0.025098,0.037568,NORMAL
2021-10-01,138.6522,0.0,1.030392,0.058737,0.010266,0.029654,NORMAL
2021-10-04,138.3879,-0.001908,1.065112,0.132357,0.011748,0.059992,NORMAL
2021-10-04,138.3879,0.0,1.059793,0.065102,0.014595,0.034798,NORMAL
2021-10-04,138.3878,-1e-06,1.054528,0.064013,0.017783,0.036275,NORMAL
2021-10-04,138.5154,0.000922,1.049314,0.090129,0.020354,0.048264,NORMAL
2021-10-04,138.5153,-1e-06,1.044152,0.048099,0.02231,0.032625,NORMAL
2021-10-04,138.5153,0.0,1.03904,0.04412,0.022572,0.031191,NORMAL
2021-10-04,138.5154,1e-06,1.033978,0.047912,0.02048,0.031453,NORMAL
2021-10-04,138.5154,0.0,1.028965,0.042923,0.016259,0.026924,NORMAL
2021-10-04,138.5154,0.0,1.024,0.043659,0.010507,0.023768,NORMAL
2021-10-04,138.5154,0.0,1.019084,0.081863,0.004053,0.035177,NORMAL
2021-10-05,136.1719,-0.017063,0.844133,0.494842,0.017238,0.20828,NORMAL
2021-10-05,136.1718,-1e-06,0.850248,0.252989,0.024047,0.115624,NORMAL
2021-10-05,136.1719,1e-06,0.856452,0.219741,0.025514,0.103205,NORMAL
2021-10-05,136.2973,0.00092,0.862748,0.154513,0.023869,0.076127,NORMAL
2021-10-05,136.2973,0.0,0.869136,0.10959,0.022547,0.057364,NORMAL
2021-10-05,136.2973,0.0,0.87562,0.111183,0.022809,0.058159,NORMAL
2021-10-05,136.2973,0.0,0.882201,0.10773,0.0238,0.057372,NORMAL
2021-10-05,136.2973,0.0,0.888882,0.105607,0.023693,0.056459,NORMAL
2021-10-05,136.2973,0.0,0.895665,0.10103,0.02053,0.05273,NORMAL
2021-10-05,136.2973,0.0,0.902553,0.103148,0.014222,0.049792,NORMAL
2021-10-06,136.2778,-0.000143,0.936789,0.100135,0.013364,0.048072,NORMAL
2021-10-06,136.2778,0.0,0.94482,0.101227,0.012257,0.047845,NORMAL
2021-10-06,136.2778,0.0,0.952989,0.095453,0.011392,0.045016,NORMAL
2021-10-06,136.2778,0.0,0.9613,0.100426,0.011383,0.047,NORMAL
2021-10-06,136.2778,0.0,0.969758,0.098273,0.013192,0.047224,NORMAL
2021-10-06,136.2777,-1e-06,0.978366,0.100098,0.016646,0.050027,NORMAL
2021-10-06,136.2778,1e-06,0.987129,0.089603,0.021094,0.048497,NORMAL
2021-10-06,136.1523,-0.000921,0.996049,0.147826,0.025926,0.074686,NORMAL
2021-10-06,136.1523,0.0,1.005133,0.12787,0.02942,0.0688,NORMAL
2021-10-06,136.1524,1e-06,1.014383,0.155284,0.032433,0.081574,NORMAL
2021-10-07,139.6569,0.025414,0.761336,0.617508,0.055697,0.280421,NORMAL
2021-10-07,139.6569,0.0,0.770424,0.21135,0.062984,0.12233,NORMAL
2021-10-07,139.7856,0.000921,0.779731,0.206061,0.058774,0.117689,NORMAL
2021-10-07,139.7856,0.0,0.789265,0.161869,0.053168,0.096649,NORMAL
2021-10-07,139.6569,-0.000921,0.799036,0.155754,0.048423,0.091356,NORMAL
2021-10-07,139.7856,0.000921,0.809051,0.155789,0.045614,0.089684,NORMAL
2021-10-07,139.7856,0.0,0.819321,0.125969,0.043936,0.076749,NORMAL
2021-10-07,139.7856,0.0,0.829855,0.110356,0.041411,0.068989,NORMAL
2021-10-07,139.7856,0.0,0.840663,0.108707,0.035622,0.064856,NORMAL
2021-10-07,139.7856,0.0,0.851757,0.104032,0.026715,0.057642,NORMAL
2021-10-08,140.6039,0.005837,0.824835,0.248943,0.026009,0.115183,NORMAL
2021-10-08,140.6039,0.0,0.839232,0.123904,0.026692,0.065577,NORMAL
2021-10-08,140.7334,0.000921,0.854141,0.158212,0.028003,0.080087,NORMAL
2021-10-08,140.7334,0.0,0.869589,0.118856,0.030126,0.065618,NORMAL
2021-10-08,140.6039,-0.000921,0.885606,0.131202,0.03231,0.071867,NORMAL
2021-10-08,140.7334,0.000921,0.902225,0.110786,0.034415,0.064964,NORMAL
2021-10-08,140.7334,0.0,0.919479,0.066031,0.035999,0.048012,NORMAL
2021-10-08,140.7334,0.0,0.937405,0.056784,0.036773,0.044777,NORMAL
2021-10-08,140.7334,0.0,0.956045,0.036652,0.036742,0.036706,NORMAL
2021-10-08,140.7334,0.0,0.975441,0.034203,0.037263,0.036039,NORMAL
2021-10-11,139.0137,-0.012295,1.067285,0.307058,0.042991,0.148618,NORMAL
2021-10-11,139.0137,0.0,1.064887,0.084004,0.0424,0.059042,NORMAL
2021-10-11,139.0137,0.0,1.0625,0.07446,0.040775,0.054249,NORMAL
2021-10-11,139.0137,0.0,1.060124,0.065163,0.040848,0.050574,NORMAL
2021-10-11,139.0137,0.0,1.057758,0.059717,0.043429,0.049944,NORMAL
2021-10-11,139.0137,0.0,1.055403,0.055498,0.046912,0.050347,NORMAL
2021-10-11,138.8857,-0.000921,1.053058,0.092924,0.048688,0.066383,NORMAL
2021-10-11,138.8858,1e-06,1.050724,0.062793,0.046547,0.053046,NORMAL
2021-10-11,138.8857,-1e-06,1.0484,0.05907,0.038737,0.04687,NORMAL
2021-10-11,139.0137,0.000921,1.046086,0.085264,0.021842,0.04721,NORMAL
2021-10-12,139.9517,0.006725,1.17184,0.199181,0.023198,0.093591,NORMAL
2021-10-12,139.8229,-0.000921,1.158583,0.101644,0.023203,0.054579,NORMAL
2021-10-12,139.8229,0.0,1.145623,0.077137,0.021828,0.043952,NORMAL
2021-10-12,139.9517,0.000921,1.13295,0.084979,0.020207,0.046116,NORMAL
2021-10-12,139.8229,-0.000921,1.120554,0.080189,0.02003,0.044094,NORMAL
2021-10-12,139.9517,0.000921,1.108427,0.076433,0.020369,0.042795,NORMAL
2021-10-12,139.9517,0.0,1.096559,0.054447,0.021634,0.034759,NORMAL
2021-10-12,139.9517,0.0,1.084942,0.055881,0.023489,0.036446,NORMAL
2021-10-12,139.9517,0.0,1.073569,0.048646,0.025403,0.0347,NORMAL
2021-10-12,139.9517,0.0,1.062432,0.044126,0.027447,0.034118,NORMAL
2021-10-13,137.8803,-0.014911,1.133936,0.40047,0.043562,0.186325,NORMAL
2021-10-13,137.8802,-1e-06,1.122374,0.130784,0.048498,0.081412,NORMAL
2021-10-13,138.0073,0.000921,1.111045,0.113995,0.044908,0.072543,NORMAL
2021-10-13,138.0073,0.0,1.099943,0.085634,0.038697,0.057472,NORMAL
2021-10-13,137.8802,-0.000921,1.089061,0.129562,0.035498,0.073124,NORMAL
2021-10-13,138.0072,0.000921,1.078392,0.102212,0.036241,0.06263,NORMAL
2021-10-13,138.0072,0.0,1.067929,0.066025,0.036973,0.048594,NORMAL
2021-10-13,138.0072,0.0,1.057668,0.066025,0.033602,0.046571,NORMAL
2021-10-13,138.0073,1e-06,1.047602,0.066028,0.024594,0.041168,NORMAL
2021-10-13,138.0073,0.0,1.037726,0.063691,0.012489,0.03297,NORMAL
2021-10-14,138.7296,0.00522,0.922953,0.176767,0.013511,0.078813,NORMAL
2021-10-14,138.8574,0.000921,0.924863,0.086126,0.012449,0.04192,NORMAL
2021-10-14,138.8573,-1e-06,0.926781,0.063587,0.012376,0.03286,NORMAL
2021-10-14,138.8574,1e-06,0.928707,0.060929,0.014566,0.033111,NORMAL
2021-10-14,138.8574,0.0,0.930642,0.057131,0.017967,0.033633,NORMAL
2021-10-14,138.8574,0.0,0.932584,0.049973,0.021279,0.032756,NORMAL
2021-10-14,138.8574,0.0,0.934534,0.050674,0.022378,0.033696,NORMAL
2021-10-14,138.7296,-0.000921,0.936493,0.087024,0.021088,0.047463,NORMAL
2021-10-14,138.7295,-1e-06,0.938459,0.061021,0.017091,0.034663,NORMAL
2021-10-14,138.8574,0.000922,0.940434,0.069287,0.013893,0.03605,NORMAL
2021-10-15,140.35,0.010692,0.920678,0.2956,0.0154,0.12748,NORMAL
2021-10-15,140.4793,0.000921,0.927479,0.118305,0.016484,0.057212,NORMAL
2021-10-15,140.35,-0.000921,0.934381,0.0906,0.016931,0.046399,NORMAL
2021-10-15,140.35,0.0,0.941387,0.051285,0.017917,0.031264,NORMAL
2021-10-15,140.4793,0.000921,0.948499,0.066058,0.019732,0.038262,NORMAL
2021-10-15,140.4794,1e-06,0.955719,0.041243,0.022269,0.029858,NORMAL
2021-10-15,140.4794,0.0,0.963049,0.036755,0.024723,0.029536,NORMAL
2021-10-15,140.4794,0.0,0.970493,0.03298,0.025637,0.028574,NORMAL
2021-10-15,140.4794,0.0,0.978053,0.031133,0.022885,0.026184,NORMAL
2021-10-15,140.4794,0.0,0.985732,0.02921,0.014818,0.020575,NORMAL
2021-10-18,140.0377,-0.003149,1.227828,0.172458,0.020734,0.081424,NORMAL
2021-10-18,140.0376,-1e-06,1.214171,0.100207,0.023285,0.054054,NORMAL
2021-10-18,140.0376,0.0,1.200813,0.089128,0.023943,0.050017,NORMAL
2021-10-18,140.1667,0.000921,1.187747,0.096713,0.023747,0.052933,NORMAL
2021-10-18,140.1667,0.0,1.174962,0.073461,0.022928,0.043141,NORMAL
2021-10-18,140.1667,0.0,1.162449,0.071136,0.021853,0.041567,NORMAL
2021-10-18,140.1667,0.0,1.1502,0.071899,0.02032,0.040952,NORMAL
2021-10-18,140.1666,-1e-06,1.138207,0.070655,0.018286,0.039234,NORMAL
2021-10-18,140.1667,1e-06,1.126461,0.072205,0.015778,0.038348,NORMAL
2021-10-18,140.1666,-1e-06,1.114954,0.083603,0.013877,0.041767,NORMAL
2021-10-19,143.6452,0.024515,0.989535,0.543869,0.024585,0.232298,NORMAL
2021-10-19,143.513,-0.000921,0.984155,0.188199,0.026927,0.091436,NORMAL
2021-10-19,143.513,0.0,0.978833,0.110316,0.027896,0.060864,NORMAL
2021-10-19,143.6452,0.000921,0.973569,0.116161,0.027929,0.063221,NORMAL
2021-10-19,143.513,-0.000921,0.968361,0.098921,0.026587,0.05552,NORMAL
2021-10-19,143.6452,0.000921,0.963209,0.097937,0.024875,0.0541,NORMAL
2021-10-19,143.6452,0.0,0.95811,0.073735,0.023275,0.043459,NORMAL
2021-10-19,143.6452,0.0,0.953066,0.069313,0.021974,0.040909,NORMAL
2021-10-19,143.6452,0.0,0.948075,0.070799,0.02075,0.04077,NORMAL
2021-10-19,143.6452,0.0,0.943135,0.076934,0.019955,0.042747,NORMAL
2021-10-20,145.1628,0.01051,0.733669,0.356036,0.024101,0.156875,NORMAL
2021-10-20,145.1627,-1e-06,0.746404,0.179881,0.027325,0.088347,NORMAL
2021-10-20,145.1628,1e-06,0.759588,0.158443,0.030393,0.081613,NORMAL
2021-10-20,145.2965,0.000921,0.773247,0.179174,0.032868,0.09139,NORMAL
2021-10-20,145.2965,0.0,0.787406,0.142927,0.033904,0.077513,NORMAL
2021-10-20,145.2965,0.0,0.802093,0.123165,0.033807,0.06955,NORMAL
2021-10-20,145.2965,0.0,0.817339,0.112454,0.03288,0.064709,NORMAL
2021-10-20,145.2965,0.0,0.833175,0.094937,0.031201,0.056695,NORMAL
2021-10-20,145.2965,0.0,0.849637,0.070474,0.028382,0.045218,NORMAL
2021-10-20,145.2965,0.0,0.866763,0.063306,0.025915,0.040871,NORMAL
2021-10-21,145.2702,-0.000181,0.921532,0.036638,0.02666,0.030651,NORMAL
2021-10-21,145.2701,-1e-06,0.93199,0.029779,0.02665,0.027901,NORMAL
2021-10-21,145.404,0.000921,0.942688,0.055686,0.026685,0.038285,NORMAL
2021-10-21,145.404,0.0,0.953635,0.032511,0.026384,0.028835,NORMAL
2021-10-21,145.2702,-0.000921,0.964838,0.074635,0.026619,0.045825,NORMAL
2021-10-21,145.404,0.000921,0.976308,0.06238,0.027624,0.041526,NORMAL
2021-10-21,145.404,0.0,0.988054,0.044057,0.028553,0.034754,NORMAL
2021-10-21,145.404,0.0,1.000086,0.037538,0.028381,0.032044,NORMAL
2021-10-21,145.404,0.0,1.012415,0.035499,0.025828,0.029696,NORMAL
2021-10-21,145.404,0.0,1.025052,0.079795,0.019759,0.043773,NORMAL
2021-10-22,146.1292,0.004975,0.982321,0.175168,0.01649,0.079961,NORMAL
2021-10-22,146.1292,0.0,0.981941,0.065963,0.014703,0.035207,NORMAL
2021-10-22,146.2638,0.000921,0.98156,0.09347,0.014189,0.045901,NORMAL
2021-10-22,146.2638,0.0,0.98118,0.056297,0.01413,0.030997,NORMAL
2021-10-22,146.1292,-0.000921,0.980801,0.062306,0.01504,0.033946,NORMAL
2021-10-22,146.2639,0.000921,0.980421,0.051363,0.016046,0.030173,NORMAL
2021-10-22,146.2639,0.0,0.980042,0.023,0.016591,0.019154,NORMAL
2021-10-22,146.2638,-1e-06,0.979664,0.021325,0.015532,0.017849,NORMAL
2021-10-22,146.2639,1e-06,0.979285,0.017315,0.011297,0.013704,NORMAL
2021-10-22,146.2638,-1e-06,0.978907,0.020675,0.0057,0.01169,NORMAL
2021-10-25,145.1433,-0.00769,0.850772,0.213886,0.015534,0.094875,NORMAL
2021-10-25,145.1432,-1e-06,0.858476,0.054626,0.020595,0.034208,NORMAL
2021-10-25,145.1432,0.0,0.866321,0.053503,0.020927,0.033957,NORMAL
2021-10-25,145.277,0.000921,0.87431,0.063101,0.018305,0.036224,NORMAL
2021-10-25,145.277,0.0,0.882449,0.032965,0.015121,0.022259,NORMAL
2021-10-25,145.277,0.0,0.89074,0.033966,0.012332,0.020986,NORMAL
2021-10-25,145.277,0.0,0.899189,0.033589,0.010521,0.019748,NORMAL
2021-10-25,145.2769,-1e-06,0.907799,0.029334,0.009704,0.017556,NORMAL
2021-10-25,145.2769,0.0,0.916576,0.030904,0.009577,0.018108,NORMAL
2021-10-25,145.277,1e-06,0.925525,0.032539,0.009139,0.018499,NORMAL
2021-10-26,145.9121,0.004362,1.109119,0.120775,0.012883,0.05604,NORMAL
2021-10-26,145.7778,-0.000921,1.107092,0.056628,0.012507,0.030156,NORMAL
2021-10-26,145.7778,0.0,1.105073,0.034175,0.010912,0.020217,NORMAL
2021-10-26,145.9121,0.000921,1.103061,0.054057,0.009239,0.027166,NORMAL
2021-10-26,145.7778,-0.000921,1.101057,0.063196,0.00981,0.031165,NORMAL
2021-10-26,145.9121,0.000921,1.09906,0.05864,0.009485,0.029147,NORMAL
2021-10-26,145.9121,0.0,1.09707,0.035671,0.009327,0.019865,NORMAL
2021-10-26,145.9121,0.0,1.095087,0.036269,0.009622,0.020281,NORMAL
2021-10-26,145.9121,0.0,1.093111,0.036269,0.010385,0.020738,NORMAL
2021-10-26,145.9121,0.0,1.091143,0.034538,0.009783,0.019685,NORMAL
2021-10-27,145.9414,0.000201,1.000342,0.030767,0.009708,0.018132,NORMAL
2021-10-27,145.9414,0.0,0.995571,0.024085,0.008709,0.01486,NORMAL
2021-10-27,145.9414,0.0,0.990846,0.028946,0.007428,0.016035,NORMAL
2021-10-27,145.9414,0.0,0.986165,0.030196,0.006848,0.016187,NORMAL
2021-10-27,145.9414,0.0,0.981528,0.026815,0.008602,0.015887,NORMAL
2021-10-27,145.9414,0.0,0.976935,0.031532,0.011373,0.019436,NORMAL
2021-10-27,145.9414,0.0,0.972384,0.038188,0.013474,0.02336,NORMAL
2021-10-27,145.8071,-0.000921,0.967876,0.068596,0.012178,0.034745,NORMAL
2021-10-27,145.8071,0.0,0.963409,0.041307,0.008224,0.021457,NORMAL
2021-10-27,145.8071,0.0,0.958983,0.061135,0.004379,0.027082,NORMAL
2021-10-28,146.2561,0.003075,1.655456,0.365857,0.043994,0.172739,NORMAL
2021-10-28,146.2562,1e-06,1.603489,0.266113,0.047484,0.134936,NORMAL
2021-10-28,146.2562,0.0,1.554685,0.234003,0.03842,0.116653,NORMAL
2021-10-28,146.3909,0.000921,1.508764,0.220881,0.035395,0.109589,NORMAL
2021-10-28,146.3909,0.0,1.465478,0.169262,0.036397,0.089543,NORMAL
2021-10-28,146.3909,0.0,1.424607,0.147885,0.036588,0.081107,NORMAL
2021-10-28,146.3909,0.0,1.385953,0.127,0.034706,0.071624,NORMAL
2021-10-28,146.3909,0.0,1.349342,0.114561,0.032223,0.065158,NORMAL
2021-10-28,146.3909,0.0,1.314615,0.102765,0.030521,0.059418,NORMAL
2021-10-28,146.3909,0.0,1.28163,0.093239,0.030046,0.055323,NORMAL
2021-10-29,143.8504,-0.017507,1.532617,0.599965,0.061493,0.276882,NORMAL
2021-10-29,143.7179,-0.000922,1.470518,0.386032,0.068701,0.195633,NORMAL
2021-10-29,143.718,1e-06,1.413256,0.307842,0.076593,0.169092,NORMAL
2021-10-29,143.718,0.0,1.360286,0.248812,0.08583,0.151022,NORMAL
2021-10-29,143.8504,0.000921,1.311143,0.186451,0.087625,0.127156,NORMAL
2021-10-29,143.8504,0.0,1.265427,0.138351,0.085941,0.106905,NORMAL
2021-10-29,143.8504,0.0,1.222792,0.11848,0.08534,0.098596,NORMAL
2021-10-29,143.8504,0.0,1.182936,0.104207,0.084076,0.092128,NORMAL
2021-10-29,143.8504,0.0,1.145596,0.098247,0.079583,0.087049,NORMAL
2021-10-29,143.8504,0.0,1.110542,0.088853,0.072772,0.079204,NORMAL
2021-11-01,145.5799,0.011951,0.67051,0.40155,0.085165,0.211719,NORMAL
2021-11-01,145.5799,0.0,0.678281,0.168861,0.090746,0.121992,NORMAL
2021-11-01,145.5799,0.0,0.686235,0.156826,0.094493,0.119426,NORMAL
2021-11-01,145.5799,0.0,0.694377,0.149006,0.098171,0.118505,NORMAL
2021-11-01,145.5799,0.0,0.702714,0.154387,0.101209,0.12248,NORMAL
2021-11-01,145.5799,0.0,0.711254,0.147137,0.101561,0.119792,NORMAL
2021-11-01,145.4459,-0.000921,0.720005,0.143707,0.09704,0.115707,NORMAL
2021-11-01,145.4459,0.0,0.728973,0.119125,0.084344,0.098256,NORMAL
2021-11-01,145.4459,0.0,0.738167,0.113395,0.066262,0.085115,NORMAL
2021-11-01,145.5798,0.00092,0.747597,0.143466,0.061997,0.094585,NORMAL
2021-11-02,145.2574,-0.002217,0.712751,0.183653,0.056516,0.107371,NORMAL
2021-11-02,145.1237,-0.000921,0.733876,0.13003,0.051577,0.082958,NORMAL
2021-11-02,145.1237,0.0,0.756291,0.098631,0.047021,0.067665,NORMAL
2021-11-02,145.1237,0.0,0.780118,0.0936,0.043691,0.063655,NORMAL
2021-11-02,145.2575,0.000922,0.805496,0.109794,0.042594,0.069474,NORMAL
2021-11-02,145.2575,0.0,0.832581,0.073438,0.043135,0.055256,NORMAL
2021-11-02,145.2574,-1e-06,0.86155,0.063383,0.044343,0.051959,NORMAL
2021-11-02,145.2574,0.0,0.892608,0.05093,0.042786,0.046043,NORMAL
2021-11-02,145.2574,0.0,0.925989,0.053365,0.034122,0.041819,NORMAL
2021-11-02,145.2574,0.0,0.961963,0.062169,0.022734,0.038508,NORMAL
2021-11-03,146.8126,0.01065,0.769379,0.315792,0.028338,0.14332,NORMAL
2021-11-03,146.8125,-1e-06,0.780436,0.119006,0.03364,0.067786,NORMAL
2021-11-03,146.8126,1e-06,0.791816,0.099077,0.037938,0.062394,NORMAL
2021-11-03,146.9479,0.000921,0.803533,0.104525,0.040909,0.066355,NORMAL
2021-11-03,146.9478,-1e-06,0.815601,0.066329,0.042577,0.052078,NORMAL
2021-11-03,146.9478,0.0,0.828038,0.056482,0.044245,0.04914,NORMAL
2021-11-03,146.9479,1e-06,0.84086,0.045509,0.045462,0.045481,NORMAL
2021-11-03,146.9478,-1e-06,0.854085,0.036822,0.042819,0.04042,NORMAL
2021-11-03,146.9478,0.0,0.867733,0.032361,0.031364,0.031763,NORMAL
2021-11-03,146.9478,0.0,0.881824,0.028684,0.015263,0.020631,NORMAL
2021-11-04,147.9743,0.006961,0.98394,0.193813,0.015727,0.086961,NORMAL
2021-11-04,147.9743,0.0,0.990985,0.057242,0.015907,0.032441,NORMAL
2021-11-04,148.1106,0.000921,0.998132,0.077711,0.016066,0.040724,NORMAL
2021-11-04,148.1106,0.0,1.005382,0.050839,0.016264,0.030094,NORMAL
2021-11-04,147.9743,-0.000921,1.012739,0.057895,0.016711,0.033184,NORMAL
2021-11-04,148.1106,0.000921,1.020204,0.047441,0.017221,0.029309,NORMAL
2021-11-04,148.1106,0.0,1.02778,0.018352,0.018035,0.018162,NORMAL
2021-11-04,148.1106,0.0,1.03547,0.0106,0.018767,0.0155,NORMAL
2021-11-04,148.1106,0.0,1.043275,0.005637,0.018875,0.01358,NORMAL
2021-11-04,148.1106,0.0,1.051199,0.008602,0.01752,0.013953,NORMAL
2021-11-05,148.4933,0.002581,1.128675,0.088128,0.015908,0.044796,NORMAL
2021-11-05,148.4933,0.0,1.118118,0.031145,0.01458,0.021206,NORMAL
2021-11-05,148.6301,0.000921,1.107757,0.055423,0.0135,0.030269,NORMAL
2021-11-05,148.6301,0.0,1.097586,0.034216,0.012672,0.02129,NORMAL
2021-11-05,148.4933,-0.000921,1.0876,0.061324,0.012158,0.031825,NORMAL
2021-11-05,148.6301,0.000921,1.077794,0.03905,0.011881,0.022749,NORMAL
2021-11-05,148.6301,0.0,1.068164,0.014493,0.011751,0.012848,NORMAL
2021-11-05,148.6301,0.0,1.058704,0.01052,0.011371,0.01103,NORMAL
2021-11-05,148.6301,0.0,1.04941,0.019325,0.010219,0.013861,NORMAL
2021-11-05,148.6301,0.0,1.040278,0.025282,0.008522,0.015226,NORMAL
2021-11-08,148.024,-0.004086,0.878079,0.123123,0.0124,0.056689,NORMAL
2021-11-08,148.024,0.0,0.88186,0.033494,0.013316,0.021387,NORMAL
2021-11-08,148.024,0.0,0.885674,0.032296,0.012611,0.020485,NORMAL
2021-11-08,148.1604,0.000921,0.889521,0.064015,0.011214,0.032334,NORMAL
2021-11-08,148.1604,0.0,0.893402,0.037304,0.009897,0.020859,NORMAL
2021-11-08,148.1604,0.0,0.897317,0.038889,0.008586,0.020707,NORMAL
2021-11-08,148.1604,0.0,0.901266,0.038995,0.007322,0.019991,NORMAL
2021-11-08,148.1604,0.0,0.90525,0.040007,0.006208,0.019728,NORMAL
2021-11-08,148.1604,0.0,0.90927,0.039881,0.005323,0.019146,NORMAL
2021-11-08,148.1604,0.0,0.913325,0.0398,0.005496,0.019218,NORMAL
2021-11-09,146.8411,-0.008944,0.949494,0.289412,0.010758,0.12222,NORMAL
2021-11-09,146.8411,0.0,0.956431,0.127874,0.014261,0.059706,NORMAL
2021-11-09,146.8411,0.0,0.96347,0.107745,0.015856,0.052611,NORMAL
2021-11-09,146.9764,0.000921,0.970614,0.079347,0.015126,0.040814,NORMAL
2021-11-09,146.9764,0.0,0.977864,0.05107,0.014816,0.029318,NORMAL
2021-11-09,146.9764,0.0,0.985224,0.038748,0.014167,0.024,NORMAL
2021-11-09,146.9763,-1e-06,0.992695,0.041923,0.013409,0.024815,NORMAL
2021-11-09,146.9764,1e-06,1.00028,0.039687,0.012708,0.023499,NORMAL
2021-11-09,146.9764,0.0,1.007982,0.037782,0.012292,0.022488,NORMAL
2021-11-09,146.9764,0.0,1.015804,0.042741,0.012663,0.024694,NORMAL
2021-11-10,146.6651,-0.00212,1.155539,0.137361,0.013228,0.062881,NORMAL
2021-11-10,146.6651,0.0,1.14522,0.078371,0.013525,0.039463,NORMAL
2021-11-10,146.6651,0.0,1.135084,0.076105,0.013494,0.038538,NORMAL
2021-11-10,146.8002,0.000921,1.125125,0.071205,0.013227,0.036418,NORMAL
2021-11-10,146.8003,1e-06,1.11534,0.040119,0.013946,0.024415,NORMAL
2021-11-10,146.8002,-1e-06,1.105723,0.031808,0.013843,0.021029,NORMAL
2021-11-10,146.8003,1e-06,1.096271,0.037701,0.012756,0.022734,NORMAL
2021-11-10,146.8003,0.0,1.086979,0.034391,0.010724,0.020191,NORMAL
2021-11-10,146.8003,0.0,1.077843,0.032243,0.00843,0.017955,NORMAL
2021-11-10,146.8003,0.0,1.06886,0.053732,0.007572,0.026036,NORMAL
2021-11-11,145.763,-0.007091,0.681085,0.396644,0.025267,0.173817,NORMAL
2021-11-11,145.6288,-0.000921,0.690134,0.280266,0.031296,0.130884,NORMAL
2021-11-11,145.6288,0.0,0.699428,0.237376,0.030406,0.113194,NORMAL
2021-11-11,145.6288,0.0,0.708976,0.232031,0.027903,0.109554,NORMAL
2021-11-11,145.763,0.000921,0.718787,0.165764,0.025693,0.081721,NORMAL
2021-11-11,145.763,0.0,0.728874,0.123376,0.024124,0.063825,NORMAL
2021-11-11,145.763,0.0,0.739248,0.117768,0.022864,0.060825,NORMAL
2021-11-11,145.763,0.0,0.749922,0.111417,0.021539,0.05749,NORMAL
2021-11-11,145.763,0.0,0.760909,0.111797,0.019895,0.056656,NORMAL
2021-11-11,145.763,0.0,0.772222,0.098193,0.018567,0.050417,NORMAL
2021-11-12,145.2443,-0.003565,1.203295,0.207043,0.036488,0.10471,NORMAL
2021-11-12,145.1107,-0.00092,1.204867,0.164414,0.046066,0.093405,NORMAL
2021-11-12,145.1106,-1e-06,1.206442,0.134954,0.047914,0.08273,NORMAL
2021-11-12,145.1106,0.0,1.208022,0.126166,0.048483,0.079556,NORMAL
2021-11-12,145.2443,0.000921,1.209606,0.112096,0.051146,0.075526,NORMAL
2021-11-12,145.2444,1e-06,1.211193,0.088991,0.057381,0.070025,NORMAL
2021-11-12,145.2444,0.0,1.212786,0.087155,0.063747,0.07311,NORMAL
2021-11-12,145.2444,0.0,1.214382,0.083753,0.066721,0.073534,NORMAL
2021-11-12,145.2444,0.0,1.215982,0.089291,0.06545,0.074986,NORMAL
2021-11-12,145.2443,-1e-06,1.217587,0.094916,0.062709,0.075592,NORMAL
2021-11-15,147.0072,0.012064,1.110848,0.295444,0.064229,0.156715,NORMAL
2021-11-15,147.0073,1e-06,1.092182,0.069296,0.061665,0.064718,NORMAL
2021-11-15,147.0073,0.0,1.074133,0.037771,0.05902,0.05052,NORMAL
2021-11-15,147.1427,0.000921,1.056671,0.061353,0.060643,0.060927,NORMAL
2021-11-15,147.1427,0.0,1.039768,0.024241,0.062305,0.047079,NORMAL
2021-11-15,147.1427,0.0,1.023397,0.027178,0.060602,0.047233,NORMAL
2021-11-15,147.1427,0.0,1.007534,0.019207,0.054033,0.040103,NORMAL
2021-11-15,147.1427,0.0,0.992154,0.022863,0.043352,0.035156,NORMAL
2021-11-15,147.1427,0.0,0.977237,0.019978,0.031769,0.027053,NORMAL
2021-11-15,147.1427,0.0,0.962763,0.025887,0.025536,0.025677,NORMAL
2021-11-16,146.5869,-0.003784,0.96688,0.14901,0.028872,0.076927,NORMAL
2021-11-16,146.5869,0.0,0.97048,0.052735,0.031451,0.039965,NORMAL
2021-11-16,146.5869,0.0,0.974108,0.051725,0.033085,0.040541,NORMAL
2021-11-16,146.7219,0.000921,0.977763,0.063013,0.033561,0.045342,NORMAL
2021-11-16,146.722,1e-06,0.981446,0.042727,0.035441,0.038355,NORMAL
2021-11-16,146.722,0.0,0.985156,0.043706,0.036702,0.039504,NORMAL
2021-11-16,146.722,0.0,0.988894,0.043042,0.036101,0.038878,NORMAL
2021-11-16,146.722,0.0,0.992661,0.040631,0.0321,0.035512,NORMAL
2021-11-16,146.722,0.0,0.996457,0.038062,0.023882,0.029554,NORMAL
2021-11-16,146.7219,-1e-06,1.000282,0.052774,0.014671,0.029912,NORMAL
2021-11-17,147.7592,0.007045,1.462597,0.318564,0.031413,0.146273,NORMAL
2021-11-17,147.7592,0.0,1.427813,0.163971,0.035705,0.087012,NORMAL
2021-11-17,147.7592,0.0,1.394645,0.149615,0.034872,0.080769,NORMAL
2021-11-17,147.7592,0.0,1.362983,0.121912,0.033673,0.068968,NORMAL
2021-11-17,147.7592,0.0,1.332727,0.114713,0.03557,0.067227,NORMAL
2021-11-17,147.7593,1e-06,1.303785,0.096773,0.038852,0.062021,NORMAL
2021-11-17,147.7592,-1e-06,1.276073,0.085318,0.041362,0.058944,NORMAL
2021-11-17,147.6232,-0.000921,1.249515,0.107083,0.041812,0.06792,NORMAL
2021-11-17,147.6232,0.0,1.22404,0.066291,0.037821,0.049209,NORMAL
2021-11-17,147.6232,0.0,1.199582,0.058957,0.028143,0.040469,NORMAL
2021-11-18,150.2726,0.017788,1.767924,0.662897,0.067554,0.305691,NORMAL
2021-11-18,150.2726,0.0,1.683109,0.362576,0.088118,0.197901,NORMAL
2021-11-18,150.411,0.000921,1.606059,0.32629,0.097996,0.189313,NORMAL
2021-11-18,150.4111,1e-06,1.535755,0.236459,0.099802,0.154465,NORMAL
2021-11-18,150.2726,-0.000921,1.471347,0.208106,0.09695,0.141412,NORMAL
2021-11-18,150.411,0.000921,1.412125,0.173252,0.093845,0.125608,NORMAL
2021-11-18,150.4111,1e-06,1.357485,0.124763,0.091389,0.104738,NORMAL
2021-11-18,150.4111,0.0,1.306917,0.099487,0.088998,0.093194,NORMAL
2021-11-18,150.411,-1e-06,1.25998,0.075677,0.085779,0.081738,NORMAL
2021-11-18,150.4111,1e-06,1.216298,0.066245,0.082167,0.075798,NORMAL
2021-11-19,154.1245,0.024389,1.02234,0.532415,0.095387,0.270198,NORMAL
2021-11-19,154.1245,0.0,1.0098,0.212111,0.102662,0.146442,NORMAL
2021-11-19,154.2665,0.000921,0.997563,0.219869,0.108349,0.152957,NORMAL
2021-11-19,154.2665,0.0,0.98562,0.175609,0.110609,0.136609,NORMAL
2021-11-19,154.1245,-0.000921,0.973959,0.156097,0.109303,0.12802,NORMAL
2021-11-19,154.2664,0.00092,0.962571,0.153817,0.105682,0.124936,NORMAL
2021-11-19,154.2665,1e-06,0.951446,0.112414,0.100476,0.105251,NORMAL
2021-11-19,154.2664,-1e-06,0.940576,0.116955,0.095466,0.104061,NORMAL
2021-11-19,154.2665,1e-06,0.929951,0.09614,0.094673,0.09526,NORMAL
2021-11-19,154.2665,0.0,0.919563,0.079774,0.10572,0.095342,NORMAL
2021-11-22,158.21,0.025242,0.928243,0.555614,0.1127,0.289866,NORMAL
2021-11-22,158.21,0.0,0.935771,0.224679,0.110859,0.156387,NORMAL
2021-11-22,158.21,0.0,0.943421,0.205856,0.1044,0.144982,NORMAL
2021-11-22,158.21,0.0,0.951198,0.194812,0.096563,0.135863,NORMAL
2021-11-22,158.21,0.0,0.959104,0.196866,0.089948,0.132715,NORMAL
2021-11-22,158.21,0.0,0.967143,0.189918,0.086068,0.127608,NORMAL
2021-11-22,158.0644,-0.000921,0.975317,0.184966,0.084117,0.124457,NORMAL
2021-11-22,158.0643,-1e-06,0.983631,0.130541,0.079911,0.100163,NORMAL
2021-11-22,158.0643,0.0,0.992088,0.101406,0.068032,0.081382,NORMAL
2021-11-22,158.21,0.000921,1.000691,0.089176,0.067861,0.076387,NORMAL
2021-11-23,157.662,-0.00347,0.825644,0.192446,0.058983,0.112368,NORMAL
2021-11-23,157.5169,-0.000921,0.83326,0.154849,0.054235,0.094481,NORMAL
2021-11-23,157.5169,0.0,0.841018,0.133345,0.051885,0.084469,NORMAL
2021-11-23,157.662,0.000921,0.848922,0.124737,0.051891,0.081029,NORMAL
2021-11-23,157.5169,-0.000921,0.856975,0.137419,0.054129,0.087445,NORMAL
2021-11-23,157.662,0.000921,0.865183,0.11552,0.056762,0.080265,NORMAL
2021-11-23,157.662,0.0,0.873549,0.079992,0.058921,0.067349,NORMAL
2021-11-23,157.662,0.0,0.882079,0.060554,0.059254,0.059774,NORMAL
2021-11-23,157.662,0.0,0.890777,0.04583,0.05673,0.05237,NORMAL
2021-11-23,157.662,0.0,0.899649,0.034039,0.05457,0.046358,NORMAL
2021-11-24,157.3,-0.002299,0.665649,0.194203,0.052435,0.109142,NORMAL
2021-11-24,157.2999,-1e-06,0.68132,0.135206,0.050866,0.084602,NORMAL
2021-11-24,157.2999,0.0,0.697746,0.129439,0.047923,0.080529,NORMAL
2021-11-24,157.2999,0.0,0.714984,0.120234,0.044056,0.074527,NORMAL
2021-11-24,157.3,1e-06,0.733095,0.10269,0.04087,0.065598,NORMAL
2021-11-24,157.2999,-1e-06,0.752148,0.09881,0.037719,0.062156,NORMAL
2021-11-24,157.2999,0.0,0.772218,0.087885,0.035604,0.056516,NORMAL
2021-11-24,157.1552,-0.00092,0.793388,0.106589,0.034453,0.063307,NORMAL
2021-11-24,157.1552,0.0,0.815751,0.075303,0.032471,0.049603,NORMAL
2021-11-24,157.1552,0.0,0.839411,0.062407,0.025823,0.040457,NORMAL
2021-11-26,156.0016,-0.007368,0.940844,0.272661,0.027729,0.125702,NORMAL
2021-11-26,156.0016,0.0,0.951948,0.125719,0.02798,0.067076,NORMAL
2021-11-26,156.0016,0.0,0.963317,0.10323,0.027431,0.057751,NORMAL
2021-11-26,156.1453,0.000921,0.97496,0.07133,0.026023,0.044146,NORMAL
2021-11-26,156.1453,0.0,0.986889,0.041191,0.025132,0.031556,NORMAL
2021-11-26,156.1453,0.0,0.999113,0.034675,0.024728,0.028706,NORMAL
2021-11-26,156.1453,0.0,1.011644,0.030493,0.024977,0.027183,NORMAL
2021-11-26,156.1453,0.0,1.024493,0.036331,0.025375,0.029757,NORMAL
2021-11-26,156.1452,-1e-06,1.037672,0.027253,0.025373,0.026125,NORMAL
2021-11-26,156.1453,1e-06,1.051195,0.029988,0.022426,0.025451,NORMAL
2021-11-29,155.9496,-0.001254,1.196456,0.102464,0.022459,0.054461,NORMAL
2021-11-29,155.806,-0.000921,1.181102,0.106608,0.023261,0.0566,NORMAL
2021-11-29,155.806,0.0,1.166138,0.080786,0.024706,0.047138,NORMAL
2021-11-29,155.806,0.0,1.151548,0.072512,0.025572,0.044348,NORMAL
2021-11-29,155.9496,0.000921,1.137318,0.062934,0.024038,0.039596,NORMAL
2021-11-29,155.9496,0.0,1.123436,0.029916,0.020061,0.024003,NORMAL
2021-11-29,155.9496,0.0,1.109889,0.020752,0.014091,0.016755,NORMAL
2021-11-29,155.9496,0.0,1.096665,0.022705,0.008703,0.014304,NORMAL
2021-11-29,155.9496,0.0,1.083752,0.031225,0.007134,0.016771,NORMAL
2021-11-29,155.9496,0.0,1.07114,0.049369,0.010917,0.026298,NORMAL
2021-11-30,156.4122,0.002962,1.984395,0.415503,0.073353,0.210213,NORMAL
2021-11-30,156.5563,0.000921,1.880324,0.350757,0.085974,0.191887,NORMAL
2021-11-30,156.5563,0.0,1.786625,0.302757,0.073673,0.165307,NORMAL
2021-11-30,156.5563,0.0,1.701821,0.267633,0.063425,0.145108,NORMAL
2021-11-30,156.5563,0.0,1.624703,0.22579,0.059125,0.125791,NORMAL
2021-11-30,156.5563,0.0,1.554272,0.184597,0.05701,0.108045,NORMAL
2021-11-30,156.5562,-1e-06,1.489693,0.146764,0.056263,0.092463,NORMAL
2021-11-30,156.5563,1e-06,1.430266,0.121965,0.057027,0.083002,NORMAL
2021-11-30,156.4122,-0.000921,1.375399,0.1516,0.059801,0.096521,NORMAL
2021-11-30,156.4122,0.0,1.324586,0.105104,0.063569,0.080183,NORMAL
2021-12-01,163.7346,0.045752,1.12997,0.666325,0.088788,0.319803,NORMAL
2021-12-01,163.8855,0.000921,1.104001,0.406394,0.097909,0.221303,NORMAL
2021-12-01,163.7346,-0.000921,1.079199,0.330244,0.103382,0.194127,NORMAL
2021-12-01,163.7347,1e-06,1.055488,0.244672,0.100941,0.158433,NORMAL
2021-12-01,163.8855,0.000921,1.032795,0.273487,0.097082,0.167644,NORMAL
2021-12-01,163.8855,0.0,1.011058,0.239576,0.096877,0.153956,NORMAL
2021-12-01,163.8855,0.0,0.990217,0.26335,0.102555,0.166873,NORMAL
2021-12-01,163.8855,0.0,0.970218,0.275079,0.114549,0.178761,NORMAL
2021-12-01,163.8855,0.0,0.951011,0.28839,0.131802,0.194437,NORMAL
2021-12-01,163.8855,0.0,0.93255,0.288562,0.151904,0.206567,NORMAL
2021-12-02,155.1901,-0.054517,0.848338,0.644275,0.230634,0.396091,NORMAL
2021-12-02,155.1901,0.0,0.858271,0.33828,0.275708,0.300737,NORMAL
2021-12-02,155.1901,0.0,0.868439,0.342118,0.30621,0.320573,NORMAL
2021-12-02,155.3331,0.000921,0.878851,0.378117,0.321665,0.344246,NORMAL
2021-12-02,155.3331,0.0,0.889516,0.359962,0.326717,0.340015,NORMAL
2021-12-02,155.3331,0.0,0.900443,0.365384,0.317245,0.336501,NORMAL
2021-12-02,155.3331,0.0,0.911642,0.375297,0.292024,0.325333,NORMAL
2021-12-02,155.3331,0.0,0.923123,0.382643,0.256507,0.306962,NORMAL
2021-12-02,155.3331,0.0,0.934897,0.384809,0.225187,0.289036,NORMAL
2021-12-02,155.3331,0.0,0.946975,0.381464,0.230152,0.290677,NORMAL
2021-12-03,160.352,0.0318,0.827104,0.645332,0.224444,0.392799,NORMAL
2021-12-03,160.3521,1e-06,0.837085,0.362808,0.222323,0.278517,NORMAL
2021-12-03,160.4998,0.000921,0.847311,0.375241,0.208712,0.275324,NORMAL
2021-12-03,160.4998,0.0,0.857789,0.321154,0.18591,0.240008,NORMAL
2021-12-03,160.352,-0.000921,0.868529,0.357682,0.162794,0.240749,NORMAL
2021-12-03,160.4998,0.000921,0.879542,0.305486,0.137541,0.204719,NORMAL
2021-12-03,160.4998,0.0,0.890837,0.248942,0.11477,0.168439,NORMAL
2021-12-03,160.4998,0.0,0.902427,0.223637,0.098546,0.148582,NORMAL
2021-12-03,160.4998,0.0,0.914322,0.19786,0.087634,0.131725,NORMAL
2021-12-03,160.4998,0.0,0.926535,0.156771,0.07987,0.11063,NORMAL
2021-12-06,160.616,0.000724,0.853699,0.1799,0.059456,0.107633,NORMAL
2021-12-06,160.616,0.0,0.863729,0.152277,0.048946,0.090278,NORMAL
2021-12-06,160.764,0.000921,0.873996,0.173186,0.047261,0.097631,NORMAL
2021-12-06,160.764,0.0,0.884511,0.149463,0.052583,0.091335,NORMAL
2021-12-06,160.616,-0.000921,0.895282,0.172174,0.063788,0.107142,NORMAL
2021-12-06,160.764,0.000921,0.906318,0.144389,0.076938,0.103919,NORMAL
2021-12-06,160.764,0.0,0.91763,0.101556,0.086644,0.092609,NORMAL
2021-12-06,160.764,0.0,0.929227,0.085928,0.089726,0.088207,NORMAL
2021-12-06,160.764,0.0,0.941122,0.034262,0.103726,0.07594,NORMAL
2021-12-06,160.764,0.0,0.953325,0.037421,0.075401,0.060209,NORMAL
2021-12-07,165.2989,0.027818,1.066675,0.553505,0.079043,0.268828,NORMAL
2021-12-07,165.2988,-1e-06,1.065551,0.170614,0.079049,0.115675,NORMAL
2021-12-07,165.2989,1e-06,1.064429,0.128483,0.077802,0.098074,NORMAL
2021-12-07,165.4512,0.000921,1.063309,0.152008,0.075839,0.106307,NORMAL
2021-12-07,165.4511,-1e-06,1.062192,0.102039,0.072546,0.084343,NORMAL
2021-12-07,165.4512,1e-06,1.061077,0.102711,0.070124,0.083159,NORMAL
2021-12-07,165.4512,0.0,1.059964,0.096945,0.068756,0.080031,NORMAL
2021-12-07,165.4511,-1e-06,1.058854,0.102948,0.076779,0.087247,NORMAL
2021-12-07,165.4512,1e-06,1.057746,0.104068,0.068748,0.082876,NORMAL
2021-12-07,165.4512,0.0,1.05664,0.115143,0.053367,0.078077,NORMAL
2021-12-08,168.4357,0.017878,1.022483,0.45138,0.05991,0.216498,NORMAL
2021-12-08,168.2807,-0.000921,1.018255,0.216268,0.061546,0.123435,NORMAL
2021-12-08,168.2807,0.0,1.014062,0.167439,0.061011,0.103582,NORMAL
2021-12-08,168.2806,-1e-06,1.009903,0.158308,0.058193,0.098239,NORMAL
2021-12-08,168.4357,0.000921,1.005779,0.175563,0.054056,0.102658,NORMAL
2021-12-08,168.4357,0.0,1.001688,0.127925,0.049762,0.081027,NORMAL
2021-12-08,168.4357,0.0,0.99763,0.118572,0.046108,0.075094,NORMAL
2021-12-08,168.4357,0.0,0.993605,0.110185,0.044071,0.070517,NORMAL
2021-12-08,168.4357,0.0,0.989612,0.085729,0.04434,0.060896,NORMAL
2021-12-08,168.4357,0.0,0.985651,0.045606,0.04656,0.046179,NORMAL
2021-12-09,171.1561,0.016022,0.922081,0.378075,0.056811,0.185317,NORMAL
2021-12-09,171.156,-1e-06,0.926585,0.107013,0.06022,0.078937,NORMAL
2021-12-09,171.156,0.0,0.931132,0.095491,0.057301,0.072577,NORMAL
2021-12-09,171.1561,1e-06,0.935724,0.092855,0.052203,0.068464,NORMAL
2021-12-09,171.156,-1e-06,0.940362,0.085918,0.049324,0.063962,NORMAL
2021-12-09,171.156,0.0,0.945045,0.078678,0.046781,0.05954,NORMAL
2021-12-09,171.156,0.0,0.949776,0.074041,0.04454,0.05634,NORMAL
2021-12-09,170.9985,-0.000921,0.954554,0.089693,0.042727,0.061514,NORMAL
2021-12-09,170.9985,0.0,0.959381,0.049949,0.041014,0.044588,NORMAL
2021-12-09,170.9985,0.0,0.964257,0.029823,0.032307,0.031314,NORMAL
2021-12-10,171.2918,0.001714,1.022335,0.075487,0.025938,0.045758,NORMAL
2021-12-10,171.2918,0.0,1.023058,0.029789,0.02216,0.025212,NORMAL
2021-12-10,171.4496,0.000921,1.023783,0.047572,0.020509,0.031334,NORMAL
2021-12-10,171.4496,0.0,1.024508,0.032558,0.019769,0.024884,NORMAL
2021-12-10,171.2918,-0.000921,1.025234,0.057632,0.019642,0.034838,NORMAL
2021-12-10,171.4496,0.000921,1.025962,0.040534,0.020367,0.028434,NORMAL
2021-12-10,171.4496,0.0,1.02669,0.016578,0.021333,0.019431,NORMAL
2021-12-10,171.4496,0.0,1.02742,0.019285,0.021709,0.020739,NORMAL
2021-12-10,171.4496,0.0,1.02815,0.013704,0.021204,0.018204,NORMAL
2021-12-10,171.4496,0.0,1.028882,0.040277,0.023238,0.030054,NORMAL
2021-12-13,177.0696,0.032254,1.339732,0.66926,0.051452,0.298575,NORMAL
2021-12-13,177.0696,0.0,1.314273,0.289622,0.062479,0.153336,NORMAL
2021-12-13,177.2328,0.000921,1.289763,0.305386,0.063472,0.160238,NORMAL
2021-12-13,177.2328,0.0,1.266151,0.227176,0.060142,0.126956,NORMAL
2021-12-13,177.0696,-0.000921,1.243388,0.214173,0.056451,0.119539,NORMAL
2021-12-13,177.2328,0.000921,1.221429,0.203644,0.054727,0.114293,NORMAL
2021-12-13,177.2328,0.0,1.200232,0.175749,0.054718,0.10313,NORMAL
2021-12-13,177.2328,0.0,1.179758,0.17815,0.056027,0.104876,NORMAL
2021-12-13,177.2328,0.0,1.159971,0.177969,0.057782,0.105857,NORMAL
2021-12-13,177.2327,-1e-06,1.140837,0.175496,0.058139,0.105082,NORMAL
2021-12-14,171.4888,-0.032946,1.028495,0.507134,0.091229,0.257591,NORMAL
2021-12-14,171.4887,-1e-06,1.019476,0.204532,0.083833,0.132113,NORMAL
2021-12-14,171.4888,1e-06,1.010614,0.197621,0.076948,0.125217,NORMAL
2021-12-14,171.4888,0.0,1.001905,0.196456,0.079342,0.126188,NORMAL
2021-12-14,171.4888,0.0,0.993344,0.19441,0.083175,0.127669,NORMAL
2021-12-14,171.4887,-1e-06,0.984929,0.198418,0.086094,0.131024,NORMAL
2021-12-14,171.3309,-0.000921,0.976655,0.228187,0.085167,0.142375,NORMAL
2021-12-14,171.3309,0.0,0.968519,0.183152,0.082765,0.12292,NORMAL
2021-12-14,171.3309,0.0,0.960517,0.181779,0.080348,0.12092,NORMAL
2021-12-14,171.4888,0.000921,0.952646,0.233003,0.077941,0.139966,NORMAL
2021-12-15,171.3518,-0.000799,0.90264,0.246108,0.071594,0.1414,NORMAL
2021-12-15,171.194,-0.000921,0.909585,0.244829,0.063071,0.135774,NORMAL
2021-12-15,171.194,0.0,0.916638,0.200602,0.053137,0.112123,NORMAL
2021-12-15,171.3518,0.000921,0.923801,0.211787,0.044626,0.11149,NORMAL
2021-12-15,171.194,-0.000921,0.931077,0.19524,0.041246,0.102843,NORMAL
2021-12-15,171.3518,0.000921,0.938468,0.182351,0.039877,0.096867,NORMAL
2021-12-15,171.3518,0.0,0.945978,0.127164,0.040227,0.075002,NORMAL
2021-12-15,171.3517,-1e-06,0.953609,0.102255,0.039327,0.064498,NORMAL
2021-12-15,171.3517,0.0,0.961364,0.057627,0.033636,0.043233,NORMAL
2021-12-15,171.3518,1e-06,0.969246,0.06799,0.026652,0.043187,NORMAL
2021-12-16,175.2708,0.022613,1.106242,0.476654,0.040136,0.214744,NORMAL
2021-12-16,175.2708,0.0,1.101857,0.140717,0.045868,0.083807,NORMAL
2021-12-16,175.2708,0.0,1.097507,0.101871,0.048177,0.069655,NORMAL
2021-12-16,175.4322,0.00092,1.093191,0.097343,0.049416,0.068587,NORMAL
2021-12-16,175.4323,1e-06,1.088909,0.061535,0.049464,0.054293,NORMAL
2021-12-16,175.4322,-1e-06,1.08466,0.063874,0.050425,0.055804,NORMAL
2021-12-16,175.4323,1e-06,1.080444,0.062166,0.053962,0.057243,NORMAL
2021-12-16,175.4323,0.0,1.076261,0.062291,0.058087,0.059769,NORMAL
2021-12-16,175.4322,-1e-06,1.07211,0.076871,0.05908,0.066196,NORMAL
2021-12-16,175.4322,0.0,1.067991,0.075375,0.03985,0.05406,NORMAL
2021-12-17,166.2829,-0.053562,1.358653,0.700365,0.136403,0.361988,NORMAL
2021-12-17,166.1299,-0.000921,1.328918,0.455829,0.14362,0.268504,NORMAL
2021-12-17,166.1299,0.0,1.300457,0.37637,0.095976,0.208134,NORMAL
2021-12-17,166.1299,0.0,1.27319,0.3459,0.093684,0.194571,NORMAL
2021-12-17,166.2829,0.000921,1.247043,0.378623,0.098287,0.210421,NORMAL
2021-12-17,166.2829,0.0,1.221948,0.345397,0.085244,0.189305,NORMAL
2021-12-17,166.2829,0.0,1.197843,0.36837,0.071217,0.190078,NORMAL
2021-12-17,166.2829,0.0,1.174671,0.388094,0.064696,0.194055,NORMAL
2021-12-17,166.2829,0.0,1.152378,0.395656,0.063084,0.196112,NORMAL
2021-12-17,166.2829,0.0,1.130916,0.393889,0.06539,0.196789,NORMAL
2021-12-20,164.6683,-0.009757,0.629847,0.652767,0.084475,0.311792,NORMAL
2021-12-20,164.5168,-0.00092,0.637823,0.556096,0.099585,0.282189,NORMAL
2021-12-20,164.5167,-1e-06,0.646004,0.508187,0.109353,0.268887,NORMAL
2021-12-20,164.5168,1e-06,0.654397,0.500441,0.115204,0.269299,NORMAL
2021-12-20,164.6683,0.00092,0.663012,0.48406,0.11376,0.26188,NORMAL
2021-12-20,164.6684,1e-06,0.671856,0.413165,0.106945,0.229433,NORMAL
2021-12-20,164.6683,-1e-06,0.680939,0.368486,0.094238,0.203937,NORMAL
2021-12-20,164.6684,1e-06,0.690271,0.319144,0.078832,0.174957,NORMAL
2021-12-20,164.6683,-1e-06,0.699863,0.219628,0.066374,0.127676,NORMAL
2021-12-20,164.6684,1e-06,0.709725,0.118676,0.059399,0.08311,NORMAL
2021-12-21,167.7234,0.018382,0.623478,0.477821,0.069253,0.232681,NORMAL
2021-12-21,167.7234,0.0,0.64652,0.17535,0.079209,0.117665,NORMAL
2021-12-21,167.7234,0.0,0.671329,0.151455,0.084028,0.110999,NORMAL
2021-12-21,167.8779,0.000921,0.698119,0.156376,0.087472,0.115033,NORMAL
2021-12-21,167.878,1e-06,0.727136,0.111739,0.093876,0.101021,NORMAL
2021-12-21,167.878,0.0,0.75867,0.099862,0.104122,0.102418,NORMAL
2021-12-21,167.878,0.0,0.793062,0.090949,0.116014,0.105988,NORMAL
2021-12-21,167.8779,-1e-06,0.830721,0.072629,0.125585,0.104403,NORMAL
2021-12-21,167.8779,0.0,0.872135,0.063103,0.117842,0.095946,NORMAL
2021-12-21,167.878,1e-06,0.917894,0.059535,0.055814,0.057302,NORMAL
2021-12-22,169.3262,0.00859,0.934679,0.222858,0.047504,0.117646,NORMAL
2021-12-22,169.1703,-0.000921,0.94202,0.080944,0.045892,0.059913,NORMAL
2021-12-22,169.1703,0.0,0.949477,0.05192,0.048229,0.049705,NORMAL
2021-12-22,169.1703,0.0,0.957054,0.051587,0.05341,0.052681,NORMAL
2021-12-22,169.3262,0.000921,0.964752,0.064322,0.060701,0.06215,NORMAL
2021-12-22,169.3262,0.0,0.972575,0.040288,0.068463,0.057193,NORMAL
2021-12-22,169.3262,0.0,0.980526,0.035849,0.074074,0.058784,NORMAL
2021-12-22,169.3261,-1e-06,0.988608,0.029965,0.070655,0.054379,NORMAL
2021-12-22,169.3262,1e-06,0.996825,0.01362,0.054481,0.038136,NORMAL
2021-12-22,169.3262,0.0,1.005179,0.005835,0.043968,0.028715,NORMAL
2021-12-23,171.9175,0.015188,0.755162,0.427301,0.061725,0.207955,NORMAL
2021-12-23,171.9175,0.0,0.764806,0.153718,0.071147,0.104175,NORMAL
2021-12-23,171.9175,0.0,0.7747,0.123734,0.071776,0.092559,NORMAL
2021-12-23,172.0759,0.000921,0.784853,0.129936,0.066762,0.092032,NORMAL
2021-12-23,172.0759,0.0,0.795276,0.099146,0.061333,0.076458,NORMAL
2021-12-23,172.0758,-1e-06,0.80598,0.091478,0.05909,0.072045,NORMAL
2021-12-23,172.0759,1e-06,0.816975,0.084991,0.05522,0.067128,NORMAL
2021-12-23,172.0759,0.0,0.828275,0.074995,0.043688,0.056211,NORMAL
2021-12-23,172.0759,0.0,0.839892,0.067731,0.03105,0.045722,NORMAL
2021-12-23,172.0759,0.0,0.851839,0.058331,0.022967,0.037113,NORMAL
2021-12-27,173.1298,0.006106,0.943748,0.187605,0.021473,0.087925,NORMAL
2021-12-27,173.1297,-1e-06,0.954093,0.052303,0.020412,0.033169,NORMAL
2021-12-27,173.2893,0.000921,0.964668,0.077365,0.019864,0.042864,NORMAL
2021-12-27,173.2893,0.0,0.97548,0.057212,0.019524,0.034599,NORMAL
2021-12-27,173.1297,-0.000921,0.986537,0.065405,0.019619,0.037934,NORMAL
2021-12-27,173.2892,0.000921,0.997847,0.055403,0.019961,0.034138,NORMAL
2021-12-27,173.2893,1e-06,1.00942,0.02336,0.020395,0.021581,NORMAL
2021-12-27,173.2892,-1e-06,1.021264,0.021906,0.020559,0.021098,NORMAL
2021-12-27,173.2892,0.0,1.03339,0.006332,0.020385,0.014764,NORMAL
2021-12-27,173.2893,1e-06,1.045807,0.010845,0.022268,0.017699,NORMAL
2021-12-28,176.1311,0.016266,1.096523,0.412149,0.027281,0.181228,NORMAL
2021-12-28,176.1311,0.0,1.08839,0.140395,0.028616,0.073328,NORMAL
2021-12-28,176.2934,0.000921,1.080376,0.13208,0.02793,0.06959,NORMAL
2021-12-28,176.2934,0.0,1.072479,0.081681,0.02683,0.048771,NORMAL
2021-12-28,176.1311,-0.000921,1.064697,0.067978,0.025581,0.04254,NORMAL
2021-12-28,176.2934,0.000921,1.057027,0.061299,0.024684,0.03933,NORMAL
2021-12-28,176.2934,0.0,1.049467,0.031865,0.023785,0.027017,NORMAL
2021-12-28,176.2934,0.0,1.042014,0.029302,0.022111,0.024988,NORMAL
2021-12-28,176.2934,0.0,1.034667,0.03655,0.01875,0.02587,NORMAL
2021-12-28,176.2934,0.0,1.027422,0.037244,0.01348,0.022986,NORMAL
2021-12-29,175.3197,-0.005538,0.816049,0.208456,0.020285,0.095554,NORMAL
2021-12-29,175.3197,0.0,0.822818,0.103579,0.023761,0.055688,NORMAL
2021-12-29,175.3196,-1e-06,0.8297,0.094347,0.024172,0.052242,NORMAL
2021-12-29,175.4811,0.000921,0.836698,0.097679,0.022915,0.052821,NORMAL
2021-12-29,175.4812,1e-06,0.843815,0.078549,0.021795,0.044496,NORMAL
2021-12-29,175.4811,-1e-06,0.851055,0.075359,0.021407,0.042987,NORMAL
2021-12-29,175.4812,1e-06,0.858419,0.062479,0.021777,0.038058,NORMAL
2021-12-29,175.4812,0.0,0.865913,0.060959,0.022576,0.037929,NORMAL
2021-12-29,175.4812,0.0,0.873538,0.050195,0.023302,0.034059,NORMAL
2021-12-29,175.4812,0.0,0.881299,0.054363,0.024267,0.036305,NORMAL
2021-12-30,175.4565,-0.000141,0.856616,0.057796,0.023687,0.037331,NORMAL
2021-12-30,175.4566,1e-06,0.868674,0.054311,0.022353,0.035136,NORMAL
2021-12-30,175.4565,-1e-06,0.881076,0.053191,0.019832,0.033175,NORMAL
2021-12-30,175.6182,0.000921,0.893837,0.054026,0.016324,0.031405,NORMAL
2021-12-30,175.6182,0.0,0.906974,0.035881,0.01411,0.022818,NORMAL
2021-12-30,175.6182,0.0,0.920502,0.034184,0.011542,0.020599,NORMAL
2021-12-30,175.6182,0.0,0.93444,0.039997,0.009486,0.021691,NORMAL
2021-12-30,175.6182,0.0,0.948807,0.034301,0.008294,0.018697,NORMAL
2021-12-30,175.6182,0.0,0.963622,0.045867,0.007715,0.022976,NORMAL
2021-12-30,175.6182,0.0,0.978907,0.053539,0.006325,0.025211,NORMAL
2021-12-31,174.2678,-0.007719,1.047683,0.274883,0.010106,0.116017,NORMAL
2021-12-31,174.2678,0.0,1.046218,0.131504,0.011968,0.059783,NORMAL
2021-12-31,174.2678,0.0,1.044756,0.107926,0.012567,0.050711,NORMAL
2021-12-31,174.2678,0.0,1.043298,0.099653,0.012699,0.047481,NORMAL
2021-12-31,174.2678,0.0,1.041845,0.090306,0.013585,0.044274,NORMAL
2021-12-31,174.2678,0.0,1.040395,0.082763,0.015304,0.042287,NORMAL
2021-12-31,174.2678,0.0,1.03895,0.078296,0.017261,0.041675,NORMAL
2021-12-31,174.1074,-0.000921,1.037508,0.12016,0.018176,0.058969,NORMAL
2021-12-31,174.1074,0.0,1.036071,0.092727,0.016151,0.046781,NORMAL
2021-12-31,174.1074,0.0,1.034637,0.089082,0.011168,0.042334,NORMAL
2022-01-03,173.8532,-0.001461,1.62872,0.360258,0.044948,0.171072,NORMAL
2022-01-03,173.8532,0.0,1.57387,0.288762,0.060581,0.151853,NORMAL
2022-01-03,174.0134,0.000921,1.522595,0.188712,0.061151,0.112175,NORMAL
2022-01-03,174.0133,-1e-06,1.474555,0.148342,0.053573,0.091481,NORMAL
2022-01-03,173.8532,-0.00092,1.429454,0.163797,0.04526,0.092674,NORMAL
2022-01-03,174.0134,0.000921,1.38703,0.145701,0.039648,0.082069,NORMAL
2022-01-03,174.0134,0.0,1.347051,0.104892,0.03794,0.064721,NORMAL
2022-01-03,174.0134,0.0,1.309313,0.085692,0.038716,0.057506,NORMAL
2022-01-03,174.0134,0.0,1.273631,0.088531,0.04077,0.059874,NORMAL
2022-01-03,174.0134,0.0,1.239843,0.097048,0.042718,0.06445,NORMAL
2022-01-04,178.5459,0.025713,1.154269,0.544838,0.053376,0.249961,NORMAL
2022-01-04,178.5459,0.0,1.131099,0.156124,0.050369,0.092671,NORMAL
2022-01-04,178.7104,0.000921,1.108841,0.156559,0.049094,0.09208,NORMAL
2022-01-04,178.7104,0.0,1.087443,0.098786,0.053732,0.071753,NORMAL
2022-01-04,178.5459,-0.000921,1.066854,0.112763,0.057746,0.079752,NORMAL
2022-01-04,178.7104,0.000921,1.047031,0.099277,0.058468,0.074792,NORMAL
2022-01-04,178.7104,0.0,1.027931,0.076712,0.056449,0.064554,NORMAL
2022-01-04,178.7104,0.0,1.009515,0.08215,0.053497,0.064958,NORMAL
2022-01-04,178.7104,0.0,0.991748,0.092495,0.050841,0.067503,NORMAL
2022-01-04,178.7104,0.0,0.974595,0.096667,0.048719,0.067898,NORMAL
2022-01-05,175.5934,-0.017596,0.932308,0.390914,0.058913,0.191713,NORMAL
2022-01-05,175.7552,0.000921,0.936905,0.169227,0.065047,0.106719,NORMAL
2022-01-05,175.7552,0.0,0.941548,0.13045,0.070399,0.094419,NORMAL
2022-01-05,175.7552,0.0,0.946236,0.124231,0.075502,0.094994,NORMAL
2022-01-05,175.7552,0.0,0.950972,0.111969,0.078782,0.092057,NORMAL
2022-01-05,175.7552,0.0,0.955755,0.09638,0.079062,0.085989,NORMAL
2022-01-05,175.7552,0.0,0.960586,0.092334,0.075824,0.082428,NORMAL
2022-01-05,175.7552,0.0,0.965467,0.088806,0.068192,0.076438,NORMAL
2022-01-05,175.5934,-0.000921,0.970398,0.10862,0.056,0.077048,NORMAL
2022-01-05,175.5934,0.0,0.975379,0.060617,0.050665,0.054646,NORMAL
2022-01-06,168.8379,-0.039232,1.001036,0.667822,0.084768,0.31799,NORMAL
2022-01-06,168.9935,0.000921,1.002282,0.440651,0.095156,0.233354,NORMAL
2022-01-06,168.8379,-0.000921,1.003531,0.382859,0.090137,0.207226,NORMAL
2022-01-06,168.8379,0.0,1.004783,0.308744,0.078252,0.170449,NORMAL
2022-01-06,168.9935,0.000921,1.006038,0.310164,0.071753,0.167117,NORMAL
2022-01-06,168.9935,0.0,1.007296,0.282887,0.0739,0.157495,NORMAL
2022-01-06,168.9935,0.0,1.008558,0.277309,0.078039,0.157747,NORMAL
2022-01-06,168.9935,0.0,1.009822,0.287426,0.080345,0.163177,NORMAL
2022-01-06,168.9935,0.0,1.01109,0.274124,0.080373,0.157873,NORMAL
2022-01-06,168.9935,0.0,1.012361,0.254553,0.075871,0.147344,NORMAL
2022-01-07,169.0237,0.000179,0.909574,0.270985,0.077005,0.154597,NORMAL
2022-01-07,169.0236,-1e-06,0.913324,0.26743,0.076634,0.152952,NORMAL
2022-01-07,169.0236,0.0,0.917105,0.251863,0.073631,0.144924,NORMAL
2022-01-07,169.1794,0.000921,0.920918,0.263308,0.070121,0.147396,NORMAL
2022-01-07,169.1794,0.0,0.924762,0.22256,0.067306,0.129408,NORMAL
2022-01-07,169.1794,0.0,0.928639,0.190579,0.065712,0.115659,NORMAL
2022-01-07,169.1794,0.0,0.932548,0.157689,0.065019,0.102087,NORMAL
2022-01-07,169.1794,0.0,0.936491,0.112686,0.063164,0.082973,NORMAL
2022-01-07,169.1794,0.0,0.940466,0.064436,0.058393,0.06081,NORMAL
2022-01-07,169.1794,0.0,0.944476,0.070441,0.053286,0.060148,NORMAL
2022-01-10,165.4512,-0.022283,1.156728,0.541843,0.081028,0.265354,NORMAL
2022-01-10,165.2989,-0.000921,1.150582,0.323243,0.099584,0.189048,NORMAL
2022-01-10,165.2988,-1e-06,1.1445,0.248603,0.099265,0.159,NORMAL
2022-01-10,165.2989,1e-06,1.138482,0.212375,0.090277,0.139116,NORMAL
2022-01-10,165.4512,0.000921,1.132528,0.166459,0.082282,0.115953,NORMAL
2022-01-10,165.4512,0.0,1.126635,0.131927,0.079536,0.100493,NORMAL
2022-01-10,165.4511,-1e-06,1.120803,0.12309,0.083195,0.099153,NORMAL
2022-01-10,165.4511,0.0,1.115032,0.121013,0.088592,0.10156,NORMAL
2022-01-10,165.4512,1e-06,1.109319,0.12519,0.087285,0.102447,NORMAL
2022-01-10,165.4512,0.0,1.103665,0.120442,0.068335,0.089178,NORMAL
2022-01-11,168.6216,0.018981,0.791386,0.385064,0.080227,0.202162,NORMAL
2022-01-11,168.4664,-0.000921,0.795758,0.134604,0.082963,0.103619,NORMAL
2022-01-11,168.4665,1e-06,0.800178,0.109463,0.069787,0.085658,NORMAL
2022-01-11,168.4664,-1e-06,0.804647,0.105137,0.056075,0.0757,NORMAL
2022-01-11,168.6216,0.000921,0.809167,0.111121,0.050587,0.074801,NORMAL
2022-01-11,168.6216,0.0,0.813738,0.086194,0.051351,0.065289,NORMAL
2022-01-11,168.6216,0.0,0.818361,0.089344,0.055913,0.069286,NORMAL
2022-01-11,168.6217,1e-06,0.823036,0.089595,0.062161,0.073135,NORMAL
2022-01-11,168.6216,-1e-06,0.827766,0.076947,0.068614,0.071947,NORMAL
2022-01-11,168.6216,0.0,0.83255,0.064817,0.075934,0.071487,NORMAL
2022-01-12,172.1814,0.020891,0.83252,0.451946,0.084644,0.231564,NORMAL
2022-01-12,172.1814,0.0,0.847594,0.149547,0.088699,0.113038,NORMAL
2022-01-12,172.1814,0.0,0.863224,0.116805,0.087398,0.099161,NORMAL
2022-01-12,172.3401,0.000921,0.879442,0.132584,0.082628,0.102611,NORMAL
2022-01-12,172.3401,0.0,0.89628,0.087883,0.074444,0.07982,NORMAL
2022-01-12,172.3401,0.0,0.913776,0.084088,0.065891,0.07317,NORMAL
2022-01-12,172.3401,0.0,0.931968,0.079276,0.060326,0.067906,NORMAL
2022-01-12,172.3401,0.0,0.9509,0.073352,0.058875,0.064666,NORMAL
2022-01-12,172.3401,0.0,0.970617,0.060327,0.058486,0.059223,NORMAL
2022-01-12,172.3401,0.0,0.991168,0.061213,0.042445,0.049952,NORMAL
2022-01-13,172.0074,-0.001932,1.113528,0.130651,0.041535,0.077181,NORMAL
2022-01-13,171.849,-0.000921,1.107423,0.118189,0.041321,0.072068,NORMAL
2022-01-13,171.849,0.0,1.101385,0.095292,0.041625,0.063092,NORMAL
2022-01-13,171.8491,1e-06,1.095412,0.091195,0.042613,0.062046,NORMAL
2022-01-13,172.0074,0.000921,1.089503,0.103098,0.045047,0.068267,NORMAL
2022-01-13,172.0074,0.0,1.083658,0.059321,0.047824,0.052423,NORMAL
2022-01-13,172.0073,-1e-06,1.077875,0.038555,0.04957,0.045164,NORMAL
2022-01-13,172.0073,0.0,1.072154,0.037272,0.048001,0.043709,NORMAL
2022-01-13,172.0074,1e-06,1.066493,0.025927,0.039764,0.034229,NORMAL
2022-01-13,172.0074,0.0,1.060891,0.043408,0.030332,0.035562,NORMAL
2022-01-14,167.5083,-0.026505,1.006299,0.514687,0.04866,0.235071,NORMAL
2022-01-14,167.5083,0.0,1.002764,0.255778,0.05352,0.134423,NORMAL
2022-01-14,167.5084,1e-06,0.999254,0.210463,0.047073,0.112429,NORMAL
2022-01-14,167.6626,0.00092,0.995769,0.187487,0.037613,0.097563,NORMAL
2022-01-14,167.6627,1e-06,0.992307,0.151081,0.032079,0.07968,NORMAL
2022-01-14,167.6627,0.0,0.98887,0.14058,0.030716,0.074661,NORMAL
2022-01-14,167.6627,0.0,0.985456,0.142337,0.031428,0.075791,NORMAL
2022-01-14,167.6627,0.0,0.982066,0.136766,0.032202,0.074028,NORMAL
2022-01-14,167.6627,0.0,0.9787,0.133269,0.030556,0.071641,NORMAL
2022-01-14,167.6627,0.0,0.975356,0.126157,0.02703,0.066681,NORMAL
2022-01-18,167.6745,7e-05,1.098566,0.136751,0.025886,0.070232,NORMAL
2022-01-18,167.6745,0.0,1.094303,0.134149,0.024389,0.068293,NORMAL
2022-01-18,167.829,0.000921,1.090073,0.164055,0.022898,0.079361,NORMAL
2022-01-18,167.829,0.0,1.085875,0.129549,0.022091,0.065075,NORMAL
2022-01-18,167.6745,-0.000921,1.08171,0.155804,0.023592,0.076477,NORMAL
2022-01-18,167.829,0.000921,1.077577,0.121403,0.025809,0.064047,NORMAL
2022-01-18,167.829,0.0,1.073475,0.080512,0.028563,0.049343,NORMAL
2022-01-18,167.829,0.0,1.069404,0.051457,0.030828,0.039079,NORMAL
2022-01-18,167.829,0.0,1.065364,0.026997,0.031771,0.029862,NORMAL
2022-01-18,167.829,0.0,1.061354,0.049316,0.033636,0.039908,NORMAL
2022-01-19,166.1983,-0.009764,1.097174,0.309686,0.039477,0.147561,NORMAL
2022-01-19,166.1983,0.0,1.088124,0.149341,0.039441,0.083401,NORMAL
2022-01-19,166.3514,0.000921,1.079223,0.105999,0.033903,0.062741,NORMAL
2022-01-19,166.3514,0.0,1.070466,0.055933,0.027327,0.03877,NORMAL
2022-01-19,166.1983,-0.000921,1.06185,0.07897,0.023639,0.045771,NORMAL
2022-01-19,166.3514,0.000921,1.053371,0.053872,0.025317,0.036739,NORMAL
2022-01-19,166.3514,0.0,1.045027,0.023478,0.030887,0.027923,NORMAL
2022-01-19,166.3514,0.0,1.036814,0.019459,0.035749,0.029233,NORMAL
2022-01-19,166.3514,0.0,1.028729,0.0285,0.033659,0.031596,NORMAL
2022-01-19,166.3514,0.0,1.020769,0.02723,0.017003,0.021094,NORMAL
2022-01-20,163.2459,-0.018845,0.983979,0.457568,0.021995,0.196224,NORMAL
2022-01-20,163.2458,-1e-06,0.983733,0.212959,0.024582,0.099933,NORMAL
2022-01-20,163.2458,0.0,0.983488,0.178254,0.024137,0.085784,NORMAL
2022-01-20,163.3963,0.000921,0.983242,0.156331,0.022717,0.076163,NORMAL
2022-01-20,163.3962,-1e-06,0.982997,0.112865,0.021302,0.057927,NORMAL
2022-01-20,163.3962,0.0,0.982752,0.105124,0.020203,0.054171,NORMAL
2022-01-20,163.3963,1e-06,0.982507,0.104366,0.019492,0.053441,NORMAL
2022-01-20,163.3963,0.0,0.982262,0.10536,0.019323,0.053738,NORMAL
2022-01-20,163.3962,-1e-06,0.982018,0.092799,0.02003,0.049138,NORMAL
2022-01-20,163.3963,1e-06,0.981773,0.085828,0.02146,0.047207,NORMAL
2022-01-21,160.7431,-0.016371,1.299721,0.55455,0.042722,0.247454,NORMAL
2022-01-21,160.7431,0.0,1.280728,0.27705,0.057273,0.145184,NORMAL
2022-01-21,160.7431,0.0,1.262282,0.262559,0.064431,0.143682,NORMAL
2022-01-21,160.8912,0.000921,1.24436,0.231665,0.061609,0.129631,NORMAL
2022-01-21,160.8912,0.0,1.22694,0.190627,0.05282,0.107943,NORMAL
2022-01-21,160.8912,0.0,1.210001,0.17339,0.044758,0.096211,NORMAL
2022-01-21,160.8912,0.0,1.193523,0.164913,0.038645,0.089152,NORMAL
2022-01-21,160.8912,0.0,1.177488,0.14712,0.035593,0.080204,NORMAL
2022-01-21,160.8912,0.0,1.161878,0.122538,0.036245,0.070762,NORMAL
2022-01-21,160.8912,0.0,1.146677,0.104681,0.037244,0.064219,NORMAL
2022-01-24,156.4415,-0.028046,1.466362,0.751119,0.065469,0.339729,NORMAL
2022-01-24,156.4415,0.0,1.420869,0.476732,0.080978,0.23928,NORMAL
2022-01-24,156.4415,0.0,1.378113,0.409918,0.081528,0.212884,NORMAL
2022-01-24,156.5856,0.000921,1.337855,0.376624,0.073298,0.194628,NORMAL
2022-01-24,156.5856,0.0,1.299883,0.307317,0.067629,0.163504,NORMAL
2022-01-24,156.5856,0.0,1.264007,0.280308,0.067597,0.152681,NORMAL
2022-01-24,156.5856,0.0,1.230058,0.264045,0.069679,0.147425,NORMAL
2022-01-24,156.5856,0.0,1.197885,0.248383,0.071643,0.142339,NORMAL
2022-01-24,156.5856,0.0,1.167352,0.229176,0.071009,0.134276,NORMAL
2022-01-24,156.5856,0.0,1.138336,0.203766,0.068842,0.122812,NORMAL
2022-01-25,155.4247,-0.007441,0.814225,0.400343,0.070164,0.202236,NORMAL
2022-01-25,155.4248,1e-06,0.816248,0.246937,0.072488,0.142267,NORMAL
2022-01-25,155.5679,0.00092,0.818281,0.207113,0.073406,0.126889,NORMAL
2022-01-25,155.5679,0.0,0.820325,0.172532,0.074586,0.113764,NORMAL
2022-01-25,155.4247,-0.000921,0.822379,0.208708,0.074978,0.12847,NORMAL
2022-01-25,155.5679,0.000921,0.824443,0.186373,0.07313,0.118427,NORMAL
2022-01-25,155.5679,0.0,0.826517,0.135803,0.070213,0.096449,NORMAL
2022-01-25,155.5679,0.0,0.828602,0.112396,0.068302,0.085939,NORMAL
2022-01-25,155.5679,0.0,0.830697,0.091738,0.070915,0.079244,NORMAL
2022-01-25,155.5679,0.0,0.832803,0.071255,0.082959,0.078277,NORMAL
2022-01-26,159.8437,0.027114,0.794124,0.538106,0.101618,0.276213,NORMAL
2022-01-26,159.8436,-1e-06,0.810174,0.158185,0.106514,0.127183,NORMAL
2022-01-26,159.9909,0.000921,0.826885,0.156582,0.102757,0.124287,NORMAL
2022-01-26,159.9909,0.0,0.8443,0.094417,0.095548,0.095095,NORMAL
2022-01-26,159.8437,-0.00092,0.862465,0.109851,0.08808,0.096788,NORMAL
2022-01-26,159.9909,0.00092,0.881428,0.104089,0.083418,0.091686,NORMAL
2022-01-26,159.9909,0.0,0.901245,0.070608,0.081038,0.076866,NORMAL
2022-01-26,159.9909,0.0,0.921972,0.076517,0.076541,0.076531,NORMAL
2022-01-26,159.9909,0.0,0.943676,0.086476,0.06659,0.074544,NORMAL
2022-01-26,159.991,1e-06,0.966426,0.088766,0.049546,0.065234,NORMAL
2022-01-27,158.8172,-0.007364,1.08554,0.313127,0.051539,0.156174,NORMAL
2022-01-27,158.8172,0.0,1.082574,0.130345,0.059307,0.087722,NORMAL
2022-01-27,158.8171,-1e-06,1.079624,0.129156,0.067923,0.092416,NORMAL
2022-01-27,158.9634,0.000921,1.07669,0.151857,0.072648,0.104332,NORMAL
2022-01-27,158.9635,1e-06,1.073772,0.12064,0.073892,0.092591,NORMAL
2022-01-27,158.9635,0.0,1.07087,0.113874,0.072829,0.089247,NORMAL
2022-01-27,158.9635,0.0,1.067983,0.097387,0.068328,0.079951,NORMAL
2022-01-27,158.9635,0.0,1.065112,0.0754,0.060317,0.06635,NORMAL
2022-01-27,158.9635,0.0,1.062256,0.053756,0.048425,0.050558,NORMAL
2022-01-27,158.9635,0.0,1.059416,0.041902,0.041855,0.041873,NORMAL
2022-01-28,162.1535,0.019869,1.515912,0.539004,0.071478,0.258488,NORMAL
2022-01-28,162.0042,-0.000921,1.471494,0.240637,0.080837,0.144757,NORMAL
2022-01-28,162.0042,0.0,1.429604,0.165922,0.079315,0.113958,NORMAL
2022-01-28,162.0042,0.0,1.390033,0.134679,0.075133,0.098951,NORMAL
2022-01-28,162.1535,0.000921,1.352594,0.139176,0.072663,0.099268,NORMAL
2022-01-28,162.1536,1e-06,1.317119,0.101375,0.073209,0.084475,NORMAL
2022-01-28,162.1535,-1e-06,1.283457,0.095491,0.073889,0.08253,NORMAL
2022-01-28,162.1535,0.0,1.251473,0.073438,0.071683,0.072385,NORMAL
2022-01-28,162.1535,0.0,1.221044,0.066977,0.066039,0.066414,NORMAL
2022-01-28,162.1535,0.0,1.19206,0.06358,0.056378,0.059258,NORMAL
2022-01-31,166.3548,0.025579,0.767084,0.623908,0.082465,0.299042,NORMAL
2022-01-31,166.3547,-1e-06,0.76872,0.288035,0.092662,0.170811,NORMAL
2022-01-31,166.3547,0.0,0.770364,0.250334,0.09859,0.159288,NORMAL
2022-01-31,166.508,0.000921,0.772014,0.273104,0.103144,0.171128,NORMAL
2022-01-31,166.508,0.0,0.773672,0.22625,0.104187,0.153012,NORMAL
2022-01-31,166.508,0.0,0.775336,0.211752,0.101825,0.145796,NORMAL
2022-01-31,166.508,0.0,0.777008,0.188797,0.097839,0.134222,NORMAL
2022-01-31,166.508,0.0,0.778687,0.180852,0.093712,0.128568,NORMAL
2022-01-31,166.508,0.0,0.780374,0.172341,0.089576,0.122682,NORMAL
2022-01-31,166.508,0.0,0.782068,0.149786,0.081923,0.109068,NORMAL
2022-02-01,170.2753,0.022373,0.602673,0.610322,0.086531,0.296047,NORMAL
2022-02-01,170.1186,-0.000921,0.623084,0.330325,0.083962,0.182507,NORMAL
2022-02-01,170.1186,0.0,0.644926,0.295852,0.079256,0.165895,NORMAL
2022-02-01,170.1186,0.0,0.668354,0.259102,0.074513,0.148349,NORMAL
2022-02-01,170.2754,0.000921,0.69355,0.260506,0.072014,0.147411,NORMAL
2022-02-01,170.2754,0.0,0.720719,0.211003,0.071454,0.127273,NORMAL
2022-02-01,170.2754,0.0,0.750103,0.189226,0.071878,0.118817,NORMAL
2022-02-01,170.2754,0.0,0.781986,0.158305,0.070643,0.105708,NORMAL
2022-02-01,170.2754,0.0,0.816699,0.118838,0.06344,0.085599,NORMAL
2022-02-01,170.2753,-1e-06,0.854637,0.072126,0.058699,0.06407,NORMAL
2022-02-02,170.9995,0.004244,0.85473,0.162943,0.054296,0.097754,NORMAL
2022-02-02,170.8421,-0.000921,0.868111,0.089153,0.052344,0.067068,NORMAL
2022-02-02,170.8421,0.0,0.881918,0.057501,0.051284,0.053771,NORMAL
2022-02-02,170.8421,0.0,0.896171,0.051848,0.051088,0.051392,NORMAL
2022-02-02,170.9995,0.000921,0.910893,0.05891,0.051351,0.054374,NORMAL
2022-02-02,170.9995,0.0,0.926107,0.041297,0.052639,0.048102,NORMAL
2022-02-02,170.9995,0.0,0.941837,0.035186,0.053922,0.046428,NORMAL
2022-02-02,170.9995,0.0,0.958111,0.02941,0.051983,0.042954,NORMAL
2022-02-02,170.9995,0.0,0.974957,0.015597,0.043944,0.032605,NORMAL
2022-02-02,170.9995,0.0,0.992406,0.017736,0.037175,0.029399,NORMAL
2022-02-03,170.5781,-0.002467,1.043089,0.085918,0.03364,0.054551,NORMAL
2022-02-03,170.5781,0.0,1.041143,0.037025,0.031517,0.03372,NORMAL
2022-02-03,170.5781,0.0,1.039205,0.038743,0.0302,0.033617,NORMAL
2022-02-03,170.7353,0.000921,1.037274,0.04101,0.028359,0.033419,NORMAL
2022-02-03,170.7353,0.0,1.035349,0.02417,0.02631,0.025454,NORMAL
2022-02-03,170.7353,0.0,1.033432,0.021979,0.02421,0.023318,NORMAL
2022-02-03,170.7353,0.0,1.031522,0.025535,0.022277,0.02358,NORMAL
2022-02-03,170.7353,0.0,1.029619,0.032993,0.020178,0.025304,NORMAL
2022-02-03,170.7353,0.0,1.027723,0.035256,0.016401,0.023943,NORMAL
2022-02-03,170.7353,0.0,1.025835,0.042142,0.012975,0.024642,NORMAL
2022-02-04,168.2094,-0.014905,0.947402,0.391151,0.020924,0.169015,NORMAL
2022-02-04,168.0546,-0.000921,0.948736,0.19492,0.027295,0.094345,NORMAL
2022-02-04,168.0546,0.0,0.950075,0.14421,0.029759,0.07554,NORMAL
2022-02-04,168.0545,-1e-06,0.951417,0.114447,0.028442,0.062844,NORMAL
2022-02-04,168.2094,0.000921,0.952763,0.079509,0.024613,0.046571,NORMAL
2022-02-04,168.2094,0.0,0.954112,0.051447,0.02046,0.032855,NORMAL
2022-02-04,168.2094,0.0,0.955466,0.048634,0.017014,0.029662,NORMAL
2022-02-04,168.2094,0.0,0.956823,0.051157,0.014659,0.029258,NORMAL
2022-02-04,168.2094,0.0,0.958185,0.048306,0.012756,0.026976,NORMAL
2022-02-04,168.2094,0.0,0.95955,0.043632,0.011355,0.024266,NORMAL
2022-02-07,169.2097,0.005929,0.905287,0.193404,0.014751,0.086212,NORMAL
2022-02-07,169.2097,0.0,0.911787,0.056402,0.01702,0.032773,NORMAL
2022-02-07,169.2097,0.0,0.918381,0.055641,0.017482,0.032746,NORMAL
2022-02-07,169.3655,0.00092,0.925071,0.063337,0.017363,0.035752,NORMAL
2022-02-07,169.3655,0.0,0.93186,0.044233,0.017282,0.028063,NORMAL
2022-02-07,169.3656,1e-06,0.938749,0.040961,0.016242,0.02613,NORMAL
2022-02-07,169.3655,-1e-06,0.94574,0.035359,0.013616,0.022313,NORMAL
2022-02-07,169.3655,0.0,0.952836,0.036392,0.010778,0.021024,NORMAL
2022-02-07,169.3655,0.0,0.96004,0.036618,0.009276,0.020213,NORMAL
2022-02-07,169.3656,1e-06,0.967353,0.035055,0.007917,0.018772,NORMAL
2022-02-08,168.2584,-0.006559,0.941526,0.168864,0.013044,0.075372,NORMAL
2022-02-08,168.1035,-0.000921,0.946071,0.065345,0.014043,0.034564,NORMAL
2022-02-08,168.1035,0.0,0.95066,0.030831,0.011548,0.019261,NORMAL
2022-02-08,168.1035,0.0,0.955294,0.029898,0.009138,0.017442,NORMAL
2022-02-08,168.2584,0.000921,0.959973,0.041547,0.009627,0.022395,NORMAL
2022-02-08,168.2584,0.0,0.964699,0.016692,0.013104,0.014539,NORMAL
2022-02-08,168.2584,0.0,0.969471,0.018346,0.017466,0.017818,NORMAL
2022-02-08,168.2584,0.0,0.97429,0.018564,0.019063,0.018864,NORMAL
2022-02-08,168.2584,0.0,0.979158,0.017723,0.014874,0.016013,NORMAL
2022-02-08,168.2584,0.0,0.984074,0.017215,0.006319,0.010678,NORMAL
2022-02-09,172.4911,0.024845,0.941157,0.474583,0.026446,0.205701,NORMAL
2022-02-09,172.3323,-0.000921,0.944878,0.142982,0.034869,0.078114,NORMAL
2022-02-09,172.3323,0.0,0.948629,0.069043,0.036528,0.049534,NORMAL
2022-02-09,172.3323,0.0,0.95241,0.044876,0.033481,0.038039,NORMAL
2022-02-09,172.491,0.00092,0.956221,0.074871,0.029548,0.047677,NORMAL
2022-02-09,172.4911,1e-06,0.960063,0.050205,0.027551,0.036613,NORMAL
2022-02-09,172.4911,0.0,0.963936,0.044741,0.027715,0.034526,NORMAL
2022-02-09,172.4911,0.0,0.96784,0.044713,0.027941,0.03465,NORMAL
2022-02-09,172.4911,0.0,0.971776,0.059116,0.026665,0.039646,NORMAL
2022-02-09,172.4911,0.0,0.975744,0.067038,0.025051,0.041846,NORMAL
2022-02-10,170.4626,-0.01183,1.230263,0.367804,0.049944,0.177088,NORMAL
2022-02-10,170.4626,0.0,1.21705,0.161573,0.06443,0.103287,NORMAL
2022-02-10,170.4626,0.0,1.204118,0.144563,0.066112,0.097493,NORMAL
2022-02-10,170.6197,0.000921,1.191458,0.1755,0.064241,0.108744,NORMAL
2022-02-10,170.6197,0.0,1.179062,0.126643,0.066195,0.090374,NORMAL
2022-02-10,170.6197,0.0,1.166921,0.106642,0.067675,0.083262,NORMAL
2022-02-10,170.6197,0.0,1.155027,0.100252,0.063806,0.078384,NORMAL
2022-02-10,170.6197,0.0,1.143373,0.085663,0.055529,0.067582,NORMAL
2022-02-10,170.6197,0.0,1.131952,0.07191,0.043042,0.054589,NORMAL
2022-02-10,170.6197,0.0,1.120757,0.048217,0.031748,0.038335,NORMAL
2022-02-11,168.6908,-0.01137,1.19681,0.354867,0.032319,0.161338,NORMAL
2022-02-11,168.6909,1e-06,1.177258,0.125796,0.032082,0.069567,NORMAL
2022-02-11,168.6909,0.0,1.158334,0.104523,0.031898,0.060948,NORMAL
2022-02-11,168.8462,0.00092,1.140009,0.100335,0.031953,0.059306,NORMAL
2022-02-11,168.8462,0.0,1.122254,0.073108,0.033298,0.049222,NORMAL
2022-02-11,168.8463,1e-06,1.105044,0.068203,0.035012,0.048288,NORMAL
2022-02-11,168.8463,0.0,1.088354,0.064863,0.036143,0.047631,NORMAL
2022-02-11,168.8463,0.0,1.072161,0.051989,0.035514,0.042104,NORMAL
2022-02-11,168.8463,0.0,1.056443,0.041811,0.031557,0.035659,NORMAL
2022-02-11,168.8463,0.0,1.041178,0.029149,0.022487,0.025152,NORMAL
2022-02-14,163.8356,-0.030125,0.911685,0.646825,0.043358,0.284745,NORMAL
2022-02-14,163.8356,0.0,0.913948,0.354981,0.056147,0.175681,NORMAL
2022-02-14,163.8356,0.0,0.916221,0.301505,0.0603,0.156782,NORMAL
2022-02-14,163.9865,0.000921,0.918506,0.245661,0.059064,0.133703,NORMAL
2022-02-14,163.9865,0.0,0.920803,0.21091,0.056996,0.118561,NORMAL
2022-02-14,163.9866,1e-06,0.923111,0.205192,0.055198,0.115196,NORMAL
2022-02-14,163.9865,-1e-06,0.925431,0.193943,0.05289,0.109311,NORMAL
2022-02-14,163.9865,0.0,0.927762,0.192897,0.049014,0.106567,NORMAL
2022-02-14,163.9865,0.0,0.930105,0.190045,0.04368,0.102226,NORMAL
2022-02-14,163.9865,0.0,0.93246,0.181555,0.036607,0.094586,NORMAL
2022-02-15,167.3596,0.020361,0.689988,0.4774,0.063959,0.229335,NORMAL
2022-02-15,167.3596,0.0,0.704028,0.201302,0.080032,0.12854,NORMAL
2022-02-15,167.5138,0.000921,0.718651,0.223208,0.081096,0.137941,NORMAL
2022-02-15,167.5138,0.0,0.733894,0.174175,0.076264,0.115429,NORMAL
2022-02-15,167.3596,-0.000921,0.749798,0.191402,0.068762,0.117818,NORMAL
2022-02-15,167.5138,0.000921,0.766407,0.172189,0.058439,0.103939,NORMAL
2022-02-15,167.5138,0.0,0.783768,0.128855,0.047019,0.079753,NORMAL
2022-02-15,167.5138,0.0,0.801934,0.114728,0.036951,0.068062,NORMAL
2022-02-15,167.5137,-1e-06,0.820962,0.104452,0.030794,0.060257,NORMAL
2022-02-15,167.5138,1e-06,0.840914,0.084782,0.030896,0.05245,NORMAL
2022-02-16,168.221,0.004213,0.836831,0.15294,0.032903,0.080918,NORMAL
2022-02-16,168.221,0.0,0.851393,0.063253,0.035084,0.046352,NORMAL
2022-02-16,168.376,0.000921,0.866471,0.080564,0.035411,0.053472,NORMAL
2022-02-16,168.376,0.0,0.882093,0.057328,0.034248,0.04348,NORMAL
2022-02-16,168.221,-0.000921,0.898288,0.085092,0.031982,0.053226,NORMAL
2022-02-16,168.376,0.000921,0.915089,0.078486,0.031571,0.050337,NORMAL
2022-02-16,168.376,0.0,0.932531,0.049306,0.033991,0.040117,NORMAL
2022-02-16,168.376,0.0,0.95065,0.030525,0.037041,0.034435,NORMAL
2022-02-16,168.376,0.0,0.969488,0.025803,0.036799,0.032401,NORMAL
2022-02-16,168.376,0.0,0.989087,0.025982,0.03176,0.029449,NORMAL
2022-02-17,167.4183,-0.005704,1.1187,0.147428,0.029756,0.076825,NORMAL
2022-02-17,167.5725,0.000921,1.112386,0.054047,0.02775,0.038269,NORMAL
2022-02-17,167.5725,0.0,1.106143,0.029455,0.025459,0.027057,NORMAL
2022-02-17,167.5725,0.0,1.099969,0.031685,0.024165,0.027173,NORMAL
2022-02-17,167.5725,0.0,1.093864,0.031685,0.024106,0.027137,NORMAL
2022-02-17,167.5726,1e-06,1.087826,0.031685,0.02541,0.02792,NORMAL
2022-02-17,167.5726,0.0,1.081855,0.03893,0.027612,0.032139,NORMAL
2022-02-17,167.5725,-1e-06,1.075949,0.033123,0.029388,0.030882,NORMAL
2022-02-17,167.4183,-0.000921,1.070107,0.052734,0.024388,0.035726,NORMAL
2022-02-17,167.4183,0.0,1.064328,0.023286,0.01582,0.018806,NORMAL
2022-02-18,166.2338,-0.0071,1.245393,0.301527,0.019757,0.132465,NORMAL
2022-02-18,166.387,0.000921,1.225484,0.152158,0.020571,0.073205,NORMAL
2022-02-18,166.2339,-0.000921,1.206201,0.131883,0.020196,0.064871,NORMAL
2022-02-18,166.2339,0.0,1.187516,0.089491,0.018711,0.047023,NORMAL
2022-02-18,166.387,0.000921,1.1694,0.086514,0.016792,0.044681,NORMAL
2022-02-18,166.387,0.0,1.151829,0.049058,0.015256,0.028777,NORMAL
2022-02-18,166.387,0.0,1.134779,0.040897,0.013846,0.024666,NORMAL
2022-02-18,166.387,0.0,1.118226,0.031036,0.012555,0.019948,NORMAL
2022-02-18,166.387,0.0,1.102148,0.029808,0.01132,0.018715,NORMAL
2022-02-18,166.387,0.0,1.086527,0.031409,0.010871,0.019086,NORMAL
2022-02-22,161.496,-0.029836,1.179953,0.642096,0.039759,0.280694,NORMAL
2022-02-22,161.4961,1e-06,1.163706,0.366617,0.051208,0.177372,NORMAL
2022-02-22,161.4961,0.0,1.1479,0.307788,0.043894,0.149452,NORMAL
2022-02-22,161.6448,0.00092,1.132518,0.242186,0.03064,0.115258,NORMAL
2022-02-22,161.6449,1e-06,1.117542,0.199911,0.025187,0.095076,NORMAL
2022-02-22,161.6448,-1e-06,1.102957,0.189713,0.023895,0.090223,NORMAL
2022-02-22,161.6448,0.0,1.088749,0.184045,0.020864,0.086136,NORMAL
2022-02-22,161.6448,0.0,1.074901,0.180934,0.017061,0.08261,NORMAL
2022-02-22,161.6449,1e-06,1.061402,0.180637,0.016327,0.082051,NORMAL
2022-02-22,161.6448,-1e-06,1.048237,0.175008,0.01817,0.080905,NORMAL
2022-02-23,162.1935,0.003389,1.030684,0.229754,0.020551,0.104233,NORMAL
2022-02-23,162.0442,-0.000921,1.026431,0.19142,0.020946,0.089136,NORMAL
2022-02-23,162.0442,0.0,1.022214,0.153565,0.019791,0.073301,NORMAL
2022-02-23,162.0442,0.0,1.01803,0.1401,0.018758,0.067295,NORMAL
2022-02-23,162.1936,0.000922,1.013881,0.167017,0.018595,0.077964,NORMAL
2022-02-23,162.1935,-1e-06,1.009766,0.111973,0.019726,0.056625,NORMAL
2022-02-23,162.1935,0.0,1.005683,0.10434,0.02196,0.054912,NORMAL
2022-02-23,162.1935,0.0,1.001634,0.078383,0.024948,0.046322,NORMAL
2022-02-23,162.1935,0.0,0.997617,0.045975,0.027882,0.035119,NORMAL
2022-02-23,162.1935,0.0,0.993633,0.041632,0.033454,0.036725,NORMAL
2022-02-24,149.4955,-0.081524,1.516325,0.968678,0.255683,0.540881,LOW
2022-02-24,149.3579,-0.000921,1.476678,0.77456,0.221486,0.442716,LOW
2022-02-24,149.3579,0.0,1.439051,0.718567,0.179318,0.395018,NORMAL
2022-02-24,149.3579,0.0,1.403295,0.641561,0.18936,0.37024,NORMAL
2022-02-24,149.4955,0.000921,1.369272,0.638013,0.181987,0.364397,NORMAL
2022-02-24,149.4955,0.0,1.336859,0.627692,0.151573,0.34202,NORMAL
2022-02-24,149.4956,1e-06,1.305946,0.643641,0.128345,0.334463,NORMAL
2022-02-24,149.4955,-1e-06,1.27643,0.648033,0.11394,0.327577,NORMAL
2022-02-24,149.4955,0.0,1.248219,0.647156,0.108165,0.323761,NORMAL
2022-02-24,149.4955,0.0,1.221228,0.646227,0.123187,0.332403,NORMAL
2022-02-25,160.3801,0.07028,0.795098,0.80058,0.19856,0.439368,LOW
2022-02-25,160.3801,0.0,0.794423,0.589678,0.185992,0.347466,NORMAL
2022-02-25,160.3802,1e-06,0.793749,0.586326,0.168846,0.335838,NORMAL
2022-02-25,160.5279,0.000921,0.793077,0.5901,0.159282,0.331609,NORMAL
2022-02-25,160.5279,0.0,0.792406,0.578268,0.150404,0.321549,NORMAL
2022-02-25,160.5279,0.0,0.791735,0.571582,0.144351,0.315243,NORMAL
2022-02-25,160.5279,0.0,0.791066,0.565214,0.139567,0.309826,NORMAL
2022-02-25,160.5279,0.0,0.790398,0.553445,0.134724,0.302213,NORMAL
2022-02-25,160.5279,0.0,0.789732,0.546062,0.130364,0.296643,NORMAL
2022-02-25,160.5279,0.0,0.789066,0.536241,0.128304,0.291479,NORMAL
2022-02-28,159.7636,-0.004773,0.831959,0.604165,0.132048,0.320895,NORMAL
2022-02-28,159.6166,-0.000921,0.849085,0.557454,0.139493,0.306677,NORMAL
2022-02-28,159.6166,0.0,0.866931,0.488127,0.154704,0.288073,NORMAL
2022-02-28,159.6166,0.0,0.885543,0.463331,0.196015,0.302941,NORMAL
2022-02-28,159.7637,0.000921,0.904972,0.432435,0.270132,0.335053,NORMAL
2022-02-28,159.7637,0.0,0.925273,0.389452,0.352152,0.367072,NORMAL
2022-02-28,159.7637,0.0,0.946505,0.338796,0.405995,0.379115,NORMAL
2022-02-28,159.7636,-1e-06,0.968735,0.234113,0.414805,0.342528,NORMAL
2022-02-28,159.7637,1e-06,0.992034,0.157567,0.39247,0.298508,NORMAL
2022-02-28,159.7637,0.0,1.016481,0.038031,0.304156,0.197706,NORMAL
2022-03-01,161.222,0.009086,0.896702,0.236328,0.199935,0.214492,NORMAL
2022-03-01,161.222,0.0,0.900815,0.041099,0.157728,0.111077,NORMAL
2022-03-01,161.222,0.0,0.904965,0.031816,0.134311,0.093313,NORMAL
2022-03-01,161.3705,0.000921,0.909154,0.049084,0.117275,0.089999,NORMAL
2022-03-01,161.3705,0.0,0.913382,0.020314,0.10393,0.070483,NORMAL
2022-03-01,161.3705,0.0,0.917649,0.0218,0.098365,0.067739,NORMAL
2022-03-01,161.3705,0.0,0.921957,0.014046,0.099933,0.065579,NORMAL
2022-03-01,161.3705,0.0,0.926305,0.014113,0.137367,0.088066,NORMAL
2022-03-01,161.3705,0.0,0.930694,0.011833,0.124822,0.079626,NORMAL
2022-03-01,161.3705,0.0,0.935125,0.014964,0.049146,0.035473,NORMAL
2022-03-02,160.9185,-0.002805,0.900856,0.104054,0.044413,0.068269,NORMAL
2022-03-02,160.9185,0.0,0.908728,0.039694,0.041372,0.040701,NORMAL
2022-03-02,161.0668,0.000921,0.916738,0.063425,0.040489,0.049663,NORMAL
2022-03-02,161.0668,0.0,0.924891,0.041477,0.040333,0.04079,NORMAL
2022-03-02,160.9185,-0.000921,0.93319,0.070269,0.039423,0.051761,NORMAL
2022-03-02,161.0668,0.000921,0.941639,0.065123,0.037372,0.048472,NORMAL
2022-03-02,161.0668,0.0,0.950243,0.042035,0.034271,0.037377,NORMAL
2022-03-02,161.0668,0.0,0.959006,0.039418,0.032331,0.035166,NORMAL
2022-03-02,161.0668,0.0,0.967931,0.044019,0.035176,0.038713,NORMAL
2022-03-02,161.0668,0.0,0.977024,0.056642,0.037267,0.045017,NORMAL
2022-03-03,164.9124,0.023595,0.94362,0.500862,0.057211,0.234671,NORMAL
2022-03-03,164.9124,0.0,0.947583,0.141458,0.072022,0.099797,NORMAL
2022-03-03,165.0643,0.000921,0.951579,0.133491,0.0785,0.100497,NORMAL
2022-03-03,165.0643,0.0,0.955608,0.083875,0.073855,0.077863,NORMAL
2022-03-03,164.9124,-0.000921,0.959672,0.092363,0.069364,0.078564,NORMAL
2022-03-03,165.0643,0.000921,0.963771,0.080243,0.070839,0.074601,NORMAL
2022-03-03,165.0643,0.0,0.967905,0.05385,0.059904,0.057482,NORMAL
2022-03-03,165.0643,0.0,0.972074,0.059745,0.032991,0.043693,NORMAL
2022-03-03,165.0643,0.0,0.97628,0.062386,0.018383,0.035984,NORMAL
2022-03-03,165.0643,0.0,0.980522,0.074882,0.018279,0.04092,NORMAL
2022-03-04,161.0164,-0.024829,1.068046,0.416886,0.051842,0.19786,NORMAL
2022-03-04,161.0164,0.0,1.06532,0.12205,0.061255,0.085573,NORMAL
2022-03-04,161.0164,0.0,1.062608,0.122321,0.054183,0.081438,NORMAL
2022-03-04,161.1648,0.000921,1.05991,0.163107,0.054354,0.097855,NORMAL
2022-03-04,161.1648,0.0,1.057225,0.125963,0.062598,0.087944,NORMAL
2022-03-04,161.1648,0.0,1.054554,0.12353,0.068266,0.090372,NORMAL
2022-03-04,161.1648,0.0,1.051896,0.118667,0.064666,0.086266,NORMAL
2022-03-04,161.1648,0.0,1.049252,0.117565,0.05654,0.08095,NORMAL
2022-03-04,161.1648,0.0,1.046621,0.116241,0.049084,0.075947,NORMAL
2022-03-04,161.1648,0.0,1.044003,0.113775,0.042317,0.0709,NORMAL
2022-03-07,159.9103,-0.007814,1.187499,0.34492,0.041916,0.163118,NORMAL
2022-03-07,159.9103,0.0,1.173237,0.159062,0.0382,0.086545,NORMAL
2022-03-07,159.9103,0.0,1.159314,0.147239,0.03345,0.078966,NORMAL
2022-03-07,160.0576,0.000921,1.145717,0.163741,0.029478,0.083183,NORMAL
2022-03-07,160.0576,0.0,1.132435,0.131984,0.027316,0.069184,NORMAL
2022-03-07,160.0576,0.0,1.119458,0.119082,0.026211,0.063359,NORMAL
2022-03-07,160.0576,0.0,1.106774,0.09782,0.025938,0.054691,NORMAL
2022-03-07,160.0576,0.0,1.094375,0.083707,0.025684,0.048893,NORMAL
2022-03-07,160.0576,0.0,1.082251,0.055671,0.02437,0.03689,NORMAL
2022-03-07,160.0576,0.0,1.070392,0.036807,0.019401,0.026363,NORMAL
2022-03-08,155.4661,-0.029106,1.418608,0.724348,0.046228,0.317476,NORMAL
2022-03-08,155.4662,1e-06,1.383142,0.450064,0.059036,0.215447,NORMAL
2022-03-08,155.4661,-1e-06,1.349406,0.400245,0.06346,0.198174,NORMAL
2022-03-08,155.6094,0.000921,1.317276,0.32503,0.068569,0.171153,NORMAL
2022-03-08,155.6094,0.0,1.286641,0.271005,0.078537,0.155524,NORMAL
2022-03-08,155.6094,0.0,1.257398,0.239835,0.08569,0.147348,NORMAL
2022-03-08,155.6094,0.0,1.229455,0.241292,0.084977,0.147503,NORMAL
2022-03-08,155.6094,0.0,1.202727,0.230579,0.077848,0.13894,NORMAL
2022-03-08,155.6094,0.0,1.177136,0.215976,0.064949,0.125359,NORMAL
2022-03-08,155.6094,0.0,1.152612,0.20277,0.043509,0.107213,NORMAL
2022-03-09,158.07,0.015689,0.805519,0.421486,0.060371,0.204817,NORMAL
2022-03-09,158.07,0.0,0.807284,0.188035,0.06204,0.112438,NORMAL
2022-03-09,158.2156,0.000921,0.809056,0.191568,0.063379,0.114655,NORMAL
2022-03-09,158.2156,0.0,0.810837,0.160715,0.062906,0.10203,NORMAL
2022-03-09,158.07,-0.000921,0.812625,0.18556,0.059937,0.110186,NORMAL
2022-03-09,158.2156,0.000921,0.814421,0.161483,0.056848,0.098702,NORMAL
2022-03-09,158.2156,0.0,0.816225,0.121396,0.055691,0.081973,NORMAL
2022-03-09,158.2156,0.0,0.818037,0.116027,0.057111,0.080677,NORMAL
2022-03-09,158.2156,0.0,0.819857,0.109559,0.06125,0.080574,NORMAL
2022-03-09,158.2156,0.0,0.821685,0.10084,0.067767,0.080996,NORMAL
2022-03-10,156.817,-0.008879,0.957556,0.262977,0.080013,0.153199,NORMAL
2022-03-10,156.817,0.0,0.968921,0.076218,0.086756,0.082541,NORMAL
2022-03-10,156.9615,0.000921,0.980558,0.101201,0.08179,0.089554,NORMAL
2022-03-10,156.9614,-1e-06,0.992478,0.069332,0.069663,0.069531,NORMAL
2022-03-10,156.817,-0.00092,1.004692,0.091165,0.055564,0.069804,NORMAL
2022-03-10,156.9615,0.000921,1.01721,0.081615,0.046252,0.060398,NORMAL
2022-03-10,156.9615,0.0,1.030044,0.053568,0.0448,0.048307,NORMAL
2022-03-10,156.9615,0.0,1.043206,0.04679,0.047201,0.047037,NORMAL
2022-03-10,156.9615,0.0,1.056709,0.038341,0.044893,0.042272,NORMAL
2022-03-10,156.9615,0.0,1.070566,0.047602,0.028552,0.036172,NORMAL
2022-03-11,155.5738,-0.00888,0.98273,0.297286,0.027152,0.135205,NORMAL
2022-03-11,155.5738,0.0,0.979991,0.094222,0.028767,0.054949,NORMAL
2022-03-11,155.5738,0.0,0.977268,0.082997,0.032204,0.052521,NORMAL
2022-03-11,155.7171,0.000921,0.974559,0.080209,0.037227,0.05442,NORMAL
2022-03-11,155.7171,0.0,0.971866,0.057454,0.042423,0.048435,NORMAL
2022-03-11,155.7172,1e-06,0.969187,0.052888,0.047353,0.049567,NORMAL
2022-03-11,155.7171,-1e-06,0.966523,0.043809,0.050796,0.048001,NORMAL
2022-03-11,155.7171,0.0,0.963874,0.041479,0.050054,0.046624,NORMAL
2022-03-11,155.7172,1e-06,0.961239,0.041334,0.038638,0.039716,NORMAL
2022-03-11,155.7171,-1e-06,0.958619,0.039451,0.018331,0.026779,NORMAL
2022-03-14,148.3884,-0.048208,1.073097,0.760134,0.089133,0.357534,NORMAL
2022-03-14,148.2518,-0.000921,1.071304,0.549857,0.122924,0.293697,NORMAL
2022-03-14,148.2517,-1e-06,1.069518,0.467359,0.108826,0.252239,NORMAL
2022-03-14,148.2518,1e-06,1.067738,0.405481,0.074119,0.206664,NORMAL
2022-03-14,148.3884,0.000921,1.065964,0.403991,0.056855,0.195709,NORMAL
2022-03-14,148.3883,-1e-06,1.064195,0.373897,0.053123,0.181433,NORMAL
2022-03-14,148.3884,1e-06,1.062433,0.379446,0.050278,0.181945,NORMAL
2022-03-14,148.3884,0.0,1.060676,0.385675,0.046114,0.181939,NORMAL
2022-03-14,148.3884,0.0,1.058925,0.390538,0.041395,0.181052,NORMAL
2022-03-14,148.3884,0.0,1.05718,0.386937,0.03539,0.176009,NORMAL
2022-03-15,147.7134,-0.004559,0.905636,0.517248,0.034236,0.227441,NORMAL
2022-03-15,147.7134,0.0,0.907407,0.399226,0.033201,0.179611,NORMAL
2022-03-15,147.7134,0.0,0.909184,0.387557,0.032484,0.174513,NORMAL
2022-03-15,147.8495,0.000921,0.910969,0.365072,0.032221,0.165362,NORMAL
2022-03-15,147.8495,0.0,0.91276,0.308165,0.032531,0.142784,NORMAL
2022-03-15,147.8495,0.0,0.914559,0.287727,0.034159,0.135586,NORMAL
2022-03-15,147.8495,0.0,0.916364,0.251449,0.037011,0.122786,NORMAL
2022-03-15,147.8495,0.0,0.918177,0.20254,0.041058,0.105651,NORMAL
2022-03-15,147.8495,0.0,0.919997,0.149139,0.045288,0.086829,NORMAL
2022-03-15,147.8495,0.0,0.921824,0.098682,0.051538,0.070396,NORMAL
2022-03-16,153.7335,0.039026,1.017643,0.63126,0.102205,0.313827,NORMAL
2022-03-16,153.7335,0.0,1.020909,0.321021,0.126112,0.204076,NORMAL
2022-03-16,153.8752,0.000921,1.024196,0.327853,0.129954,0.209114,NORMAL
2022-03-16,153.8752,0.0,1.027504,0.23914,0.125999,0.171255,NORMAL
2022-03-16,153.7335,-0.000921,1.030834,0.263183,0.122053,0.178505,NORMAL
2022-03-16,153.8752,0.000921,1.034185,0.265561,0.122544,0.179751,NORMAL
2022-03-16,153.8752,0.0,1.037559,0.224634,0.124939,0.164817,NORMAL
2022-03-16,153.8752,0.0,1.040954,0.232829,0.122714,0.16676,NORMAL
2022-03-16,153.8752,0.0,1.044371,0.251092,0.112075,0.167682,NORMAL
2022-03-16,153.8752,0.0,1.047812,0.266591,0.079127,0.154112,NORMAL
2022-03-17,155.2606,0.008963,0.781435,0.440722,0.068803,0.21757,NORMAL
2022-03-17,155.2606,0.0,0.788503,0.299369,0.065809,0.159233,NORMAL
2022-03-17,155.4036,0.000921,0.795701,0.339469,0.068281,0.176756,NORMAL
2022-03-17,155.4036,0.0,0.803031,0.295683,0.073926,0.162629,NORMAL
2022-03-17,155.2606,-0.000921,0.810498,0.300893,0.080485,0.168648,NORMAL
2022-03-17,155.4036,0.000921,0.818104,0.246152,0.085421,0.149714,NORMAL
2022-03-17,155.4036,0.0,0.825855,0.179947,0.086909,0.124124,NORMAL
2022-03-17,155.4037,1e-06,0.833754,0.130655,0.084124,0.102736,NORMAL
2022-03-17,155.4036,-1e-06,0.841806,0.092954,0.078957,0.084555,NORMAL
2022-03-17,155.4036,0.0,0.850014,0.046065,0.079568,0.066167,NORMAL
2022-03-18,157.1204,0.010987,1.372072,0.390907,0.107251,0.220713,NORMAL
2022-03-18,157.2652,0.000921,1.356095,0.220539,0.119492,0.159911,NORMAL
2022-03-18,157.2652,0.0,1.340486,0.168522,0.118182,0.138318,NORMAL
2022-03-18,157.2652,0.0,1.325231,0.153375,0.112859,0.129066,NORMAL
2022-03-18,157.2652,0.0,1.310321,0.133417,0.109821,0.11926,NORMAL
2022-03-18,157.2652,0.0,1.295742,0.130676,0.111579,0.119218,NORMAL
2022-03-18,157.2652,0.0,1.281483,0.122849,0.114415,0.117789,NORMAL
2022-03-18,157.2652,0.0,1.267535,0.113583,0.110001,0.111434,NORMAL
2022-03-18,157.1204,-0.000921,1.253888,0.119602,0.098402,0.106882,NORMAL
2022-03-18,157.1205,1e-06,1.240531,0.082356,0.077471,0.079425,NORMAL
2022-03-21,160.0571,0.018518,0.952652,0.430355,0.074604,0.216905,NORMAL
2022-03-21,160.2045,0.00092,0.943182,0.142029,0.066524,0.096726,NORMAL
2022-03-21,160.0571,-0.00092,0.933898,0.103288,0.06054,0.077639,NORMAL
2022-03-21,160.0571,0.0,0.924796,0.05883,0.060773,0.059996,NORMAL
2022-03-21,160.2046,0.000921,0.915869,0.084035,0.066155,0.073307,NORMAL
2022-03-21,160.2045,-1e-06,0.907113,0.05558,0.07301,0.066038,NORMAL
2022-03-21,160.2046,1e-06,0.898523,0.055738,0.077444,0.068762,NORMAL
2022-03-21,160.2046,0.0,0.890093,0.054536,0.076083,0.067464,NORMAL
2022-03-21,160.2046,0.0,0.881821,0.050761,0.066971,0.060487,NORMAL
2022-03-21,160.2046,0.0,0.873701,0.048546,0.054267,0.051979,NORMAL
2022-03-22,162.0148,0.011236,0.757996,0.337745,0.058349,0.170108,NORMAL
2022-03-22,162.0149,1e-06,0.773082,0.125288,0.061613,0.087083,NORMAL
2022-03-22,162.0149,0.0,0.788781,0.123237,0.063545,0.087422,NORMAL
2022-03-22,162.1641,0.00092,0.80513,0.139394,0.063868,0.094078,NORMAL
2022-03-22,162.1641,0.0,0.822172,0.100084,0.063553,0.078165,NORMAL
2022-03-22,162.1641,0.0,0.83995,0.091822,0.061202,0.07345,NORMAL
2022-03-22,162.1641,0.0,0.858515,0.070289,0.056699,0.062135,NORMAL
2022-03-22,162.1641,0.0,0.877918,0.063539,0.04911,0.054881,NORMAL
2022-03-22,162.1641,0.0,0.89822,0.050982,0.038298,0.043371,NORMAL
2022-03-22,162.1641,0.0,0.919482,0.052051,0.031299,0.0396,NORMAL
2022-03-23,164.4425,0.013952,1.104505,0.369833,0.036702,0.169954,NORMAL
2022-03-23,164.4425,0.0,1.103107,0.119215,0.03688,0.069814,NORMAL
2022-03-23,164.594,0.000921,1.101712,0.126772,0.035786,0.07218,NORMAL
2022-03-23,164.594,0.0,1.10032,0.094539,0.034485,0.058506,NORMAL
2022-03-23,164.4425,-0.000921,1.098932,0.075325,0.033332,0.050129,NORMAL
2022-03-23,164.594,0.000921,1.097548,0.066228,0.032638,0.046074,NORMAL
2022-03-23,164.594,0.0,1.096167,0.038299,0.032514,0.034828,NORMAL
2022-03-23,164.594,0.0,1.094789,0.036807,0.031495,0.03362,NORMAL
2022-03-23,164.594,0.0,1.093415,0.033639,0.028528,0.030572,NORMAL
2022-03-23,164.594,0.0,1.092044,0.028403,0.021436,0.024223,NORMAL
2022-03-24,167.4477,0.017189,0.998937,0.403889,0.02453,0.176274,NORMAL
2022-03-24,167.4477,0.0,0.994199,0.113152,0.02456,0.059997,NORMAL
2022-03-24,167.602,0.000921,0.989506,0.127367,0.025043,0.065973,NORMAL
2022-03-24,167.602,0.0,0.984857,0.088951,0.025686,0.050992,NORMAL
2022-03-24,167.4477,-0.000921,0.980252,0.095152,0.026021,0.053673,NORMAL
2022-03-24,167.6019,0.00092,0.975689,0.074618,0.026157,0.045541,NORMAL
2022-03-24,167.6019,0.0,0.971169,0.049647,0.02592,0.035411,NORMAL
2022-03-24,167.6019,0.0,0.96669,0.041943,0.02495,0.031747,NORMAL
2022-03-24,167.6019,0.0,0.962253,0.03378,0.02273,0.02715,NORMAL
2022-03-24,167.6019,0.0,0.957856,0.033695,0.02123,0.026216,NORMAL
2022-03-25,170.2081,0.01543,0.864033,0.377483,0.026384,0.166824,NORMAL
2022-03-25,170.2081,0.0,0.872228,0.106097,0.028938,0.059802,NORMAL
2022-03-25,170.2081,0.0,0.880579,0.092899,0.030165,0.055258,NORMAL
2022-03-25,170.3649,0.000921,0.889092,0.107665,0.030676,0.061472,NORMAL
2022-03-25,170.3649,0.0,0.897772,0.083157,0.030614,0.051632,NORMAL
2022-03-25,170.3649,0.0,0.906622,0.070767,0.03002,0.046319,NORMAL
2022-03-25,170.3649,0.0,0.915649,0.068792,0.028832,0.044816,NORMAL
2022-03-25,170.3649,0.0,0.924857,0.066511,0.027135,0.042885,NORMAL
2022-03-25,170.3649,0.0,0.934252,0.050584,0.025181,0.035342,NORMAL
2022-03-25,170.3649,0.0,0.94384,0.043891,0.025311,0.032743,NORMAL
2022-03-28,168.5342,-0.010804,1.058829,0.257969,0.030037,0.12121,NORMAL
2022-03-28,168.5342,0.0,1.05868,0.057364,0.029473,0.040629,NORMAL
2022-03-28,168.5342,0.0,1.05853,0.054754,0.026965,0.038081,NORMAL
2022-03-28,168.6895,0.000921,1.058381,0.077667,0.025849,0.046576,NORMAL
2022-03-28,168.6895,0.0,1.058232,0.048577,0.027413,0.035879,NORMAL
2022-03-28,168.6895,0.0,1.058083,0.04904,0.02938,0.037244,NORMAL
2022-03-28,168.6895,0.0,1.057934,0.046344,0.031586,0.037489,NORMAL
2022-03-28,168.6895,0.0,1.057785,0.039257,0.033662,0.0359,NORMAL
2022-03-28,168.6895,0.0,1.057637,0.032592,0.034896,0.033974,NORMAL
2022-03-28,168.6895,0.0,1.057488,0.024782,0.036193,0.031629,NORMAL
2022-03-29,173.1182,0.025915,1.163405,0.484742,0.049683,0.223707,NORMAL
2022-03-29,173.1182,0.0,1.150075,0.100234,0.054391,0.072728,NORMAL
2022-03-29,173.1182,0.0,1.137046,0.065967,0.051787,0.057459,NORMAL
2022-03-29,173.1181,-1e-06,1.12431,0.055702,0.045667,0.049681,NORMAL
2022-03-29,173.1181,0.0,1.111855,0.053711,0.040583,0.045834,NORMAL
2022-03-29,173.1181,0.0,1.099674,0.057208,0.03641,0.044729,NORMAL
2022-03-29,173.1181,0.0,1.087757,0.052856,0.034306,0.041726,NORMAL
2022-03-29,172.9588,-0.000921,1.076095,0.104151,0.0347,0.06248,NORMAL
2022-03-29,172.9588,0.0,1.06468,0.07569,0.037043,0.052502,NORMAL
2022-03-29,172.9588,0.0,1.053506,0.082277,0.040135,0.056992,NORMAL
2022-03-30,174.7795,0.010472,0.96903,0.258293,0.040363,0.127535,NORMAL
2022-03-30,174.7795,0.0,0.967885,0.074705,0.040207,0.054006,NORMAL
2022-03-30,174.9405,0.000921,0.966743,0.103421,0.039876,0.065294,NORMAL
2022-03-30,174.9406,1e-06,0.965604,0.075501,0.038834,0.053501,NORMAL
2022-03-30,174.7795,-0.000921,0.964467,0.118455,0.037342,0.069787,NORMAL
2022-03-30,174.9405,0.000921,0.963333,0.095362,0.036546,0.060072,NORMAL
2022-03-30,174.9405,0.0,0.962202,0.067562,0.036615,0.048994,NORMAL
2022-03-30,174.9405,0.0,0.961073,0.040422,0.036304,0.037951,NORMAL
2022-03-30,174.9405,0.0,0.959947,0.026934,0.03253,0.030292,NORMAL
2022-03-30,174.9405,0.0,0.958824,0.001909,0.023198,0.014682,NORMAL
2022-03-31,174.0845,-0.004905,1.065282,0.126554,0.02507,0.065664,NORMAL
2022-03-31,174.0845,0.0,1.063929,0.041759,0.025269,0.031865,NORMAL
2022-03-31,174.2449,0.000921,1.06258,0.05492,0.024897,0.036906,NORMAL
2022-03-31,174.2449,0.0,1.061234,0.033166,0.02491,0.028212,NORMAL
2022-03-31,174.0845,-0.000921,1.059891,0.059177,0.025853,0.039182,NORMAL
2022-03-31,174.2449,0.000921,1.058552,0.053933,0.027666,0.038173,NORMAL
2022-03-31,174.2449,0.0,1.057217,0.027799,0.029122,0.028593,NORMAL
2022-03-31,174.2449,0.0,1.055884,0.0263,0.028497,0.027618,NORMAL
2022-03-31,174.2449,0.0,1.054555,0.035247,0.02435,0.028709,NORMAL
2022-03-31,174.2449,0.0,1.05323,0.041472,0.019648,0.028377,NORMAL
2022-04-01,170.3549,-0.022578,0.810639,0.487507,0.036977,0.217189,NORMAL
2022-04-01,170.5119,0.000921,0.816473,0.251992,0.043184,0.126707,NORMAL
2022-04-01,170.5119,0.0,0.822391,0.183739,0.043088,0.099348,NORMAL
2022-04-01,170.5119,0.0,0.828395,0.140266,0.040597,0.080465,NORMAL
2022-04-01,170.5119,0.0,0.834488,0.128188,0.038171,0.074178,NORMAL
2022-04-01,170.5119,0.0,0.840671,0.123486,0.036497,0.071292,NORMAL
2022-04-01,170.5119,0.0,0.846947,0.119075,0.034977,0.068616,NORMAL
2022-04-01,170.5119,0.0,0.853317,0.115371,0.032104,0.065411,NORMAL
2022-04-01,170.355,-0.000921,0.859783,0.150755,0.02657,0.076244,NORMAL
2022-04-01,170.3549,-1e-06,0.866348,0.11366,0.019657,0.057258,NORMAL
2022-04-04,170.8836,0.003099,0.853716,0.207633,0.019894,0.09499,NORMAL
2022-04-04,171.041,0.000921,0.866574,0.132397,0.020744,0.065405,NORMAL
2022-04-04,170.8835,-0.000921,0.879825,0.127282,0.020694,0.063329,NORMAL
2022-04-04,170.8835,0.0,0.893488,0.094795,0.019972,0.049901,NORMAL
2022-04-04,171.041,0.000921,0.907582,0.106784,0.020124,0.054788,NORMAL
2022-04-04,171.041,0.0,0.922128,0.077796,0.020653,0.04351,NORMAL
2022-04-04,171.041,0.0,0.937147,0.065822,0.020967,0.038909,NORMAL
2022-04-04,171.041,0.0,0.952664,0.041782,0.020466,0.028992,NORMAL
2022-04-04,171.041,0.0,0.968704,0.045989,0.019651,0.030186,NORMAL
2022-04-04,171.041,0.0,0.985292,0.053406,0.019565,0.033101,NORMAL
2022-04-05,173.7517,0.015724,0.94905,0.380238,0.026646,0.168083,NORMAL
2022-04-05,173.7517,0.0,0.952344,0.102307,0.029869,0.058844,NORMAL
2022-04-05,173.7517,0.0,0.95566,0.060885,0.030785,0.042825,NORMAL
2022-04-05,173.9118,0.000921,0.959,0.068065,0.030459,0.045501,NORMAL
2022-04-05,173.9117,-1e-06,0.962363,0.03533,0.029139,0.031616,NORMAL
2022-04-05,173.9117,0.0,0.96575,0.027512,0.029602,0.028766,NORMAL
2022-04-05,173.9117,0.0,0.96916,0.027734,0.031315,0.029883,NORMAL
2022-04-05,173.9118,1e-06,0.972595,0.032092,0.032385,0.032268,NORMAL
2022-04-05,173.9118,0.0,0.976054,0.025345,0.02925,0.027688,NORMAL
2022-04-05,173.9117,-1e-06,0.979538,0.024528,0.021294,0.022587,NORMAL
2022-04-06,168.8757,-0.029385,1.178578,0.483883,0.05302,0.225365,NORMAL
2022-04-06,168.7202,-0.000921,1.168841,0.204003,0.059268,0.117162,NORMAL
2022-04-06,168.7202,0.0,1.159263,0.162872,0.047701,0.093769,NORMAL
2022-04-06,168.7202,0.0,1.14984,0.149799,0.039486,0.083611,NORMAL
2022-04-06,168.8757,0.000921,1.14057,0.179008,0.03771,0.094229,NORMAL
2022-04-06,168.8757,0.0,1.131448,0.158917,0.035255,0.08472,NORMAL
2022-04-06,168.8757,0.0,1.122471,0.158895,0.03185,0.082668,NORMAL
2022-04-06,168.8757,0.0,1.113635,0.159819,0.029906,0.081871,NORMAL
2022-04-06,168.8757,0.0,1.104937,0.15737,0.029371,0.080571,NORMAL
2022-04-06,168.8757,0.0,1.096374,0.16153,0.028872,0.081935,NORMAL
2022-04-07,167.6999,-0.006987,0.952784,0.308351,0.031504,0.142243,NORMAL
2022-04-07,167.5456,-0.000921,0.950338,0.211175,0.035179,0.105577,NORMAL
2022-04-07,167.5456,0.0,0.947904,0.166628,0.03756,0.089187,NORMAL
2022-04-07,167.5456,0.0,0.945483,0.164255,0.037411,0.088149,NORMAL
2022-04-07,167.6999,0.000921,0.943074,0.164231,0.034383,0.086322,NORMAL
2022-04-07,167.6999,0.0,0.940677,0.118271,0.029983,0.065298,NORMAL
2022-04-07,167.6999,0.0,0.938292,0.105597,0.025325,0.057434,NORMAL
2022-04-07,167.6999,0.0,0.935919,0.080685,0.021493,0.04517,NORMAL
2022-04-07,167.6999,0.0,0.933559,0.053957,0.018722,0.032816,NORMAL
2022-04-07,167.6999,0.0,0.93121,0.031116,0.015074,0.021491,NORMAL
2022-04-08,168.1525,0.002695,0.925914,0.101218,0.01552,0.049799,NORMAL
2022-04-08,168.1524,-1e-06,0.932955,0.032163,0.015684,0.022276,NORMAL
2022-04-08,168.1525,1e-06,0.940104,0.031944,0.016524,0.022692,NORMAL
2022-04-08,168.3074,0.000921,0.947364,0.050998,0.019518,0.03211,NORMAL
2022-04-08,168.3074,0.0,0.954736,0.032762,0.02435,0.027715,NORMAL
2022-04-08,168.3074,0.0,0.962224,0.032808,0.031003,0.031725,NORMAL
2022-04-08,168.3074,0.0,0.969831,0.036042,0.038077,0.037263,NORMAL
2022-04-08,168.3073,-1e-06,0.977558,0.034245,0.041524,0.038612,NORMAL
2022-04-08,168.3074,1e-06,0.98541,0.036454,0.035469,0.035863,NORMAL
2022-04-08,168.3074,0.0,0.993389,0.039567,0.013081,0.023675,NORMAL
2022-04-11,165.2994,-0.018034,0.940495,0.424943,0.025851,0.185488,NORMAL
2022-04-11,165.1473,-0.000921,0.943781,0.222194,0.03207,0.108119,NORMAL
2022-04-11,165.1473,0.0,0.947089,0.164984,0.030829,0.084491,NORMAL
2022-04-11,165.1473,0.0,0.950421,0.13392,0.026287,0.06934,NORMAL
2022-04-11,165.2994,0.000921,0.953776,0.090359,0.023583,0.050293,NORMAL
2022-04-11,165.2994,0.0,0.957155,0.067935,0.023886,0.041506,NORMAL
2022-04-11,165.2995,1e-06,0.960558,0.066018,0.025146,0.041495,NORMAL
2022-04-11,165.2994,-1e-06,0.963985,0.061918,0.023853,0.039079,NORMAL
2022-04-11,165.2995,1e-06,0.967436,0.067712,0.018269,0.038047,NORMAL
2022-04-11,165.2994,-1e-06,0.970913,0.072214,0.011744,0.035932,NORMAL
2022-04-12,164.6234,-0.004098,1.063312,0.215568,0.014357,0.094842,NORMAL
2022-04-12,164.6234,0.0,1.061397,0.109233,0.019575,0.055438,NORMAL
2022-04-12,164.6234,0.0,1.059489,0.108247,0.026157,0.058993,NORMAL
2022-04-12,164.6234,0.0,1.057588,0.109435,0.032559,0.063309,NORMAL
2022-04-12,164.6234,0.0,1.055694,0.108697,0.037759,0.066134,NORMAL
2022-04-12,164.6234,0.0,1.053806,0.106367,0.038014,0.065355,NORMAL
2022-04-12,164.4719,-0.000921,1.051925,0.148306,0.032258,0.078677,NORMAL
2022-04-12,164.4719,0.0,1.050051,0.110802,0.023617,0.058491,NORMAL
2022-04-12,164.4719,0.0,1.048184,0.108342,0.017729,0.053974,NORMAL
2022-04-12,164.6234,0.000921,1.046323,0.051543,0.015217,0.029748,NORMAL
2022-04-13,163.8552,-0.004677,0.933192,0.178995,0.017147,0.081886,NORMAL
2022-04-13,164.0061,0.000921,0.934197,0.075694,0.016767,0.040338,NORMAL
2022-04-13,163.8552,-0.000921,0.935204,0.092098,0.015184,0.045949,NORMAL
2022-04-13,163.8552,0.0,0.936213,0.054058,0.013867,0.029944,NORMAL
2022-04-13,164.0061,0.000921,0.937224,0.053531,0.013852,0.029724,NORMAL
2022-04-13,164.0061,0.0,0.938238,0.023013,0.015083,0.018255,NORMAL
2022-04-13,164.0061,0.0,0.939253,0.024295,0.016849,0.019827,NORMAL
2022-04-13,164.0061,0.0,0.940271,0.02412,0.017078,0.019895,NORMAL
2022-04-13,164.0061,0.0,0.941291,0.022411,0.013115,0.016833,NORMAL
2022-04-13,164.0061,0.0,0.942313,0.029045,0.005002,0.014619,NORMAL
2022-04-14,167.017,0.018192,1.007815,0.399433,0.015144,0.16886,NORMAL
2022-04-14,167.0169,-1e-06,1.010475,0.102531,0.018849,0.052322,NORMAL
2022-04-14,167.017,1e-06,1.01315,0.066395,0.019493,0.038253,NORMAL
2022-04-14,167.1708,0.00092,1.015839,0.075016,0.018412,0.041053,NORMAL
2022-04-14,167.1708,0.0,1.018542,0.041466,0.017473,0.02707,NORMAL
2022-04-14,167.1708,0.0,1.021259,0.036734,0.017962,0.02547,NORMAL
2022-04-14,167.1708,0.0,1.023991,0.036467,0.019513,0.026295,NORMAL
2022-04-14,167.1708,0.0,1.026738,0.03818,0.02121,0.027998,NORMAL
2022-04-14,167.1708,0.0,1.029499,0.040592,0.022878,0.029964,NORMAL
2022-04-14,167.1708,0.0,1.032275,0.038696,0.024622,0.030252,NORMAL
2022-04-18,160.6063,-0.04006,0.946903,0.55144,0.094575,0.277321,NORMAL
2022-04-18,160.4585,-0.000921,0.94794,0.2822,0.091449,0.16775,NORMAL
2022-04-18,160.4584,-1e-06,0.948979,0.219932,0.066724,0.128007,NORMAL
2022-04-18,160.4584,0.0,0.950021,0.210136,0.051951,0.115225,NORMAL
2022-04-18,160.6063,0.000921,0.951065,0.235559,0.045338,0.121426,NORMAL
2022-04-18,160.6063,0.0,0.952111,0.198387,0.040155,0.103448,NORMAL
2022-04-18,160.6063,0.0,0.953159,0.213211,0.035914,0.106833,NORMAL
2022-04-18,160.6063,0.0,0.95421,0.223696,0.033729,0.109716,NORMAL
2022-04-18,160.6063,0.0,0.955263,0.247716,0.032906,0.11883,NORMAL
2022-04-18,160.6063,0.0,0.956319,0.251547,0.033681,0.120827,NORMAL
2022-04-19,161.684,0.006688,0.943276,0.375416,0.036716,0.172196,NORMAL
2022-04-19,161.684,0.0,0.948299,0.249058,0.037711,0.12225,NORMAL
2022-04-19,161.684,0.0,0.953375,0.225077,0.035621,0.111404,NORMAL
2022-04-19,161.6841,1e-06,0.958507,0.214038,0.032166,0.104915,NORMAL
2022-04-19,161.6841,0.0,0.963693,0.193464,0.030256,0.095539,NORMAL
2022-04-19,161.684,-1e-06,0.968937,0.171069,0.030263,0.086585,NORMAL
2022-04-19,161.684,0.0,0.974237,0.147535,0.031652,0.078005,NORMAL
2022-04-19,161.5352,-0.000921,0.979596,0.159067,0.03318,0.083535,NORMAL
2022-04-19,161.5352,0.0,0.985014,0.087959,0.031965,0.054363,NORMAL
2022-04-19,161.5352,0.0,0.990493,0.031685,0.027922,0.029427,NORMAL
2022-04-20,165.1962,0.022411,0.994301,0.466484,0.038251,0.209544,NORMAL
2022-04-20,165.1963,1e-06,0.995098,0.140732,0.041458,0.081167,NORMAL
2022-04-20,165.1962,-1e-06,0.995896,0.096908,0.041643,0.063749,NORMAL
2022-04-20,165.3484,0.000921,0.996695,0.105682,0.04239,0.067707,NORMAL
2022-04-20,165.3484,0.0,0.997496,0.063045,0.045331,0.052416,NORMAL
2022-04-20,165.3484,0.0,0.998298,0.061693,0.050852,0.055189,NORMAL
2022-04-20,165.3484,0.0,0.999101,0.05908,0.057637,0.058214,NORMAL
2022-04-20,165.3484,0.0,0.999906,0.054566,0.062571,0.059369,NORMAL
2022-04-20,165.3484,0.0,1.000711,0.05922,0.062149,0.060977,NORMAL
2022-04-20,165.3485,1e-06,1.001519,0.058825,0.041156,0.048223,NORMAL
2022-04-21,165.4954,0.000888,1.267809,0.134831,0.041187,0.078645,NORMAL
2022-04-21,165.3431,-0.000921,1.25009,0.140508,0.04194,0.081367,NORMAL
2022-04-21,165.3431,0.0,1.23286,0.117837,0.042619,0.072707,NORMAL
2022-04-21,165.3431,0.0,1.216098,0.116261,0.043302,0.072485,NORMAL
2022-04-21,165.4954,0.000921,1.199786,0.114196,0.044227,0.072215,NORMAL
2022-04-21,165.4954,0.0,1.183906,0.077774,0.045124,0.058184,NORMAL
2022-04-21,165.4954,0.0,1.16844,0.064628,0.046171,0.053554,NORMAL
2022-04-21,165.4954,0.0,1.153374,0.041723,0.048128,0.045566,NORMAL
2022-04-21,165.4954,0.0,1.138691,0.037237,0.048533,0.044014,NORMAL
2022-04-21,165.4954,0.0,1.124377,0.061224,0.051401,0.05533,NORMAL
2022-04-22,162.9448,-0.015532,1.082319,0.412276,0.056868,0.199031,NORMAL
2022-04-22,163.0949,0.000921,1.070746,0.160246,0.058595,0.099255,NORMAL
2022-04-22,163.0949,0.0,1.059418,0.116173,0.059963,0.082447,NORMAL
2022-04-22,163.0949,0.0,1.048328,0.084959,0.061356,0.070797,NORMAL
2022-04-22,163.095,1e-06,1.037467,0.073947,0.061232,0.066318,NORMAL
2022-04-22,163.095,0.0,1.026829,0.066875,0.057483,0.06124,NORMAL
2022-04-22,163.0949,-1e-06,1.016407,0.063044,0.0505,0.055518,NORMAL
2022-04-22,163.0949,0.0,1.006194,0.058649,0.042608,0.049025,NORMAL
2022-04-22,162.9448,-0.000921,0.996185,0.1014,0.03641,0.062406,NORMAL
2022-04-22,162.9448,0.0,0.986373,0.062262,0.027545,0.041432,NORMAL
2022-04-25,157.7176,-0.032605,1.110414,0.695496,0.057285,0.312569,NORMAL
2022-04-25,157.8629,0.000921,1.104782,0.419402,0.073601,0.211921,NORMAL
2022-04-25,157.7176,-0.000921,1.099207,0.375955,0.075955,0.195955,NORMAL
2022-04-25,157.7176,0.0,1.093688,0.307681,0.067888,0.163805,NORMAL
2022-04-25,157.8629,0.000921,1.088224,0.285864,0.058775,0.149611,NORMAL
2022-04-25,157.8629,0.0,1.082815,0.243982,0.051678,0.1286,NORMAL
2022-04-25,157.8629,0.0,1.077459,0.221651,0.045688,0.116073,NORMAL
2022-04-25,157.8629,0.0,1.072155,0.212867,0.039957,0.109121,NORMAL
2022-04-25,157.8629,0.0,1.066904,0.209214,0.035035,0.104706,NORMAL
2022-04-25,157.8629,0.0,1.061704,0.200553,0.035692,0.101636,NORMAL
2022-04-26,158.8237,0.006068,1.050788,0.312303,0.039528,0.148638,NORMAL
2022-04-26,158.8237,0.0,1.044623,0.191556,0.043773,0.102886,NORMAL
2022-04-26,158.8237,0.0,1.03853,0.17957,0.047597,0.100386,NORMAL
2022-04-26,158.9701,0.000921,1.032508,0.207735,0.050791,0.113569,NORMAL
2022-04-26,158.9701,0.0,1.026555,0.152329,0.052566,0.092471,NORMAL
2022-04-26,158.9701,0.0,1.020671,0.135057,0.0529,0.085763,NORMAL
2022-04-26,158.97,-1e-06,1.014853,0.130479,0.051003,0.082793,NORMAL
2022-04-26,158.9701,1e-06,1.009102,0.096186,0.047445,0.066942,NORMAL
2022-04-26,158.9701,0.0,1.003415,0.059811,0.043694,0.050141,NORMAL
2022-04-26,158.97,-1e-06,0.997792,0.056876,0.037667,0.045351,NORMAL
2022-04-27,152.6176,-0.04078,0.92275,0.647102,0.083928,0.309198,NORMAL
2022-04-27,152.6176,0.0,0.926625,0.357934,0.099016,0.202583,NORMAL
2022-04-27,152.7582,0.000921,0.930534,0.314661,0.091668,0.180865,NORMAL
2022-04-27,152.7582,0.0,0.934475,0.252073,0.075899,0.146369,NORMAL
2022-04-27,152.6176,-0.000921,0.93845,0.29471,0.063748,0.156133,NORMAL
2022-04-27,152.7582,0.000921,0.942459,0.276798,0.060701,0.14714,NORMAL
2022-04-27,152.7582,0.0,0.946502,0.241623,0.063375,0.134674,NORMAL
2022-04-27,152.7582,0.0,0.95058,0.238126,0.06494,0.134214,NORMAL
2022-04-27,152.7582,0.0,0.954694,0.257323,0.061957,0.140103,NORMAL
2022-04-27,152.7582,0.0,0.958843,0.262547,0.049939,0.134982,NORMAL
2022-04-28,155.8871,0.020276,1.391608,0.593705,0.082814,0.28717,NORMAL
2022-04-28,155.8871,0.0,1.366352,0.344214,0.089995,0.191683,NORMAL
2022-04-28,156.0307,0.000921,1.341995,0.357812,0.077651,0.189715,NORMAL
2022-04-28,156.0307,0.0,1.318492,0.298175,0.06381,0.157556,NORMAL
2022-04-28,155.8871,-0.000921,1.295798,0.298402,0.057179,0.153668,NORMAL
2022-04-28,156.0307,0.000921,1.273872,0.27757,0.061145,0.147715,NORMAL
2022-04-28,156.0307,0.0,1.252675,0.223896,0.073846,0.133866,NORMAL
2022-04-28,156.0307,0.0,1.232173,0.218817,0.089474,0.141211,NORMAL
2022-04-28,156.0307,0.0,1.21233,0.166416,0.098826,0.125862,NORMAL
2022-04-28,156.0307,0.0,1.193117,0.135469,0.098352,0.113199,NORMAL
2022-04-29,158.4224,0.015212,1.183459,0.393603,0.102046,0.218669,NORMAL
2022-04-29,158.5683,0.000921,1.160685,0.164981,0.104489,0.128686,NORMAL
2022-04-29,158.5684,1e-06,1.138772,0.126747,0.102742,0.112344,NORMAL
2022-04-29,158.5683,-1e-06,1.117671,0.11008,0.096838,0.102134,NORMAL
2022-04-29,158.5683,0.0,1.097338,0.092015,0.091104,0.091468,NORMAL
2022-04-29,158.5683,0.0,1.077731,0.094021,0.089202,0.09113,NORMAL
2022-04-29,158.5683,0.0,1.058813,0.076467,0.091382,0.085416,NORMAL
2022-04-29,158.5683,0.0,1.040547,0.069661,0.0957,0.085284,NORMAL
2022-04-29,158.4224,-0.000921,1.022901,0.111852,0.097768,0.103402,NORMAL
2022-04-29,158.4224,0.0,1.005844,0.061625,0.082221,0.073983,NORMAL
2022-05-02,153.4007,-0.032211,0.942056,0.509556,0.105597,0.267181,NORMAL
2022-05-02,153.542,0.000921,0.944646,0.197651,0.114014,0.147469,NORMAL
2022-05-02,153.4007,-0.000921,0.94725,0.207185,0.113269,0.150835,NORMAL
2022-05-02,153.4007,0.0,0.949868,0.157951,0.104953,0.126152,NORMAL
2022-05-02,153.542,0.000921,0.952501,0.186061,0.095292,0.1316,NORMAL
2022-05-02,153.5421,1e-06,0.955148,0.160098,0.090492,0.118335,NORMAL
2022-05-02,153.542,-1e-06,0.95781,0.168516,0.087947,0.120175,NORMAL
2022-05-02,153.542,0.0,0.960487,0.175528,0.084968,0.121192,NORMAL
2022-05-02,153.542,0.0,0.963179,0.181632,0.071701,0.115674,NORMAL
2022-05-02,153.542,0.0,0.965886,0.190135,0.053418,0.108105,NORMAL
2022-05-03,154.8103,0.008226,0.710241,0.450715,0.052278,0.211653,NORMAL
2022-05-03,154.8103,0.0,0.72258,0.2574,0.051177,0.133666,NORMAL
2022-05-03,154.8103,0.0,0.735356,0.244145,0.050712,0.128086,NORMAL
2022-05-03,154.9529,0.000921,0.748591,0.258845,0.051707,0.134562,NORMAL
2022-05-03,154.9529,0.0,0.762312,0.20387,0.051971,0.112731,NORMAL
2022-05-03,154.9529,0.0,0.776545,0.193966,0.049231,0.107125,NORMAL
2022-05-03,154.9529,0.0,0.791319,0.164035,0.043764,0.091872,NORMAL
2022-05-03,154.9529,0.0,0.806667,0.138595,0.037603,0.078,NORMAL
2022-05-03,154.9529,0.0,0.822622,0.109575,0.033678,0.064037,NORMAL
2022-05-03,154.9529,0.0,0.83922,0.079094,0.033892,0.051973,NORMAL
2022-05-04,156.4422,0.009565,1.028361,0.258908,0.035068,0.124604,NORMAL
2022-05-04,156.2982,-0.000921,1.03564,0.099359,0.033962,0.060121,NORMAL
2022-05-04,156.2982,0.0,1.043023,0.062995,0.032445,0.044665,NORMAL
2022-05-04,156.2982,0.0,1.050512,0.055869,0.031713,0.041376,NORMAL
2022-05-04,156.4422,0.000921,1.05811,0.069655,0.033067,0.047702,NORMAL
2022-05-04,156.4422,0.0,1.065818,0.043199,0.037588,0.039833,NORMAL
2022-05-04,156.4422,0.0,1.07364,0.043444,0.044722,0.044211,NORMAL
2022-05-04,156.4422,0.0,1.081577,0.044971,0.049584,0.047739,NORMAL
2022-05-04,156.4422,0.0,1.089632,0.036957,0.047927,0.043539,NORMAL
2022-05-04,156.4422,0.0,1.097808,0.03919,0.031007,0.03428,NORMAL
2022-05-05,160.39,0.024922,1.296316,0.620338,0.043669,0.274337,NORMAL
2022-05-05,160.3899,-1e-06,1.270104,0.254894,0.052332,0.133357,NORMAL
2022-05-05,160.3899,0.0,1.244932,0.20119,0.057077,0.114722,NORMAL
2022-05-05,160.5377,0.000921,1.220738,0.198667,0.059274,0.115031,NORMAL
2022-05-05,160.5377,0.0,1.197467,0.158683,0.058925,0.098829,NORMAL
2022-05-05,160.5377,0.0,1.175066,0.152227,0.058169,0.095792,NORMAL
2022-05-05,160.5377,0.0,1.153488,0.139878,0.058075,0.090796,NORMAL
2022-05-05,160.5377,0.0,1.132688,0.139096,0.057596,0.090196,NORMAL
2022-05-05,160.5377,0.0,1.112625,0.132907,0.050878,0.08369,NORMAL
2022-05-05,160.5377,0.0,1.09326,0.118301,0.040439,0.071584,NORMAL
2022-05-06,152.9399,-0.048484,0.969448,0.584257,0.100052,0.293734,NORMAL
2022-05-06,152.9398,-1e-06,0.966274,0.275512,0.108716,0.175435,NORMAL
2022-05-06,153.0808,0.000922,0.963121,0.298828,0.095282,0.1767,NORMAL
2022-05-06,153.0808,0.0,0.959989,0.264257,0.079398,0.153342,NORMAL
2022-05-06,152.9398,-0.000922,0.956877,0.310903,0.070363,0.166579,NORMAL
2022-05-06,153.0808,0.000922,0.953785,0.328481,0.066544,0.171319,NORMAL
2022-05-06,153.0808,0.0,0.950713,0.302898,0.06591,0.160705,NORMAL
2022-05-06,153.0808,0.0,0.947661,0.3111,0.06756,0.164976,NORMAL
2022-05-06,153.0807,-1e-06,0.944628,0.321531,0.070181,0.170721,NORMAL
2022-05-06,153.0808,1e-06,0.941615,0.348986,0.070457,0.181868,NORMAL
2022-05-09,151.8811,-0.007868,1.066465,0.512409,0.071344,0.24777,NORMAL
2022-05-09,151.8811,0.0,1.066011,0.346503,0.067647,0.17919,NORMAL
2022-05-09,151.8811,0.0,1.065556,0.34538,0.060758,0.174607,NORMAL
2022-05-09,152.021,0.000921,1.065102,0.353029,0.053166,0.173111,NORMAL
2022-05-09,152.021,0.0,1.064649,0.308508,0.046552,0.151334,NORMAL
2022-05-09,152.0211,1e-06,1.064195,0.272093,0.041707,0.133861,NORMAL
2022-05-09,152.021,-1e-06,1.063743,0.252277,0.037857,0.123625,NORMAL
2022-05-09,152.021,0.0,1.06329,0.196415,0.03404,0.09899,NORMAL
2022-05-09,152.0211,1e-06,1.062838,0.132097,0.030491,0.071133,NORMAL
2022-05-09,152.021,-1e-06,1.062387,0.070281,0.035622,0.049486,NORMAL
2022-05-10,152.4595,0.00288,0.931779,0.135998,0.035691,0.075813,NORMAL
2022-05-10,152.4595,0.0,0.932064,0.057095,0.037845,0.045545,NORMAL
2022-05-10,152.6,0.000921,0.93235,0.092596,0.042501,0.062539,NORMAL
2022-05-10,152.6,0.0,0.932635,0.066009,0.048514,0.055512,NORMAL
2022-05-10,152.4595,-0.000921,0.932921,0.085615,0.055609,0.067611,NORMAL
2022-05-10,152.6,0.000921,0.933207,0.088391,0.063341,0.073361,NORMAL
2022-05-10,152.6,0.0,0.933493,0.064532,0.070555,0.068146,NORMAL
2022-05-10,152.5999,-1e-06,0.93378,0.067913,0.075389,0.072399,NORMAL
2022-05-10,152.6,1e-06,0.934066,0.068125,0.074299,0.071829,NORMAL
2022-05-10,152.6,0.0,0.934353,0.072592,0.043779,0.055304,NORMAL
2022-05-11,150.4793,-0.013995,1.150465,0.399206,0.047401,0.188123,NORMAL
2022-05-11,150.4793,0.0,1.145335,0.176634,0.049534,0.100374,NORMAL
2022-05-11,150.6179,0.000921,1.14025,0.165988,0.050892,0.096931,NORMAL
2022-05-11,150.6179,0.0,1.13521,0.118321,0.052454,0.078801,NORMAL
2022-05-11,150.4792,-0.000921,1.130214,0.141407,0.054418,0.089213,NORMAL
2022-05-11,150.6179,0.000921,1.125262,0.116702,0.056341,0.080485,NORMAL
2022-05-11,150.6179,0.0,1.120353,0.088705,0.056943,0.069648,NORMAL
2022-05-11,150.6179,0.0,1.115487,0.085023,0.054342,0.066614,NORMAL
2022-05-11,150.6179,0.0,1.110663,0.079922,0.050884,0.062499,NORMAL
2022-05-11,150.6179,0.0,1.10588,0.081255,0.046169,0.060203,NORMAL
2022-05-12,139.9604,-0.073387,1.379273,0.964152,0.205967,0.509241,LOW
2022-05-12,139.9605,1e-06,1.345117,0.741267,0.171547,0.399435,NORMAL
2022-05-12,139.9605,0.0,1.312611,0.701579,0.161218,0.377362,NORMAL
2022-05-12,140.0894,0.000921,1.28164,0.650189,0.179079,0.367523,NORMAL
2022-05-12,140.0893,-1e-06,1.252096,0.610051,0.159164,0.339519,NORMAL
2022-05-12,140.0894,1e-06,1.223884,0.611446,0.126151,0.320269,NORMAL
2022-05-12,140.0893,-1e-06,1.196914,0.624469,0.10026,0.309944,NORMAL
2022-05-12,140.0894,1e-06,1.171108,0.624875,0.079653,0.297742,NORMAL
2022-05-12,140.0894,0.0,1.146392,0.631885,0.070617,0.295124,NORMAL
2022-05-12,140.0894,0.0,1.122697,0.625543,0.06879,0.291491,NORMAL
2022-05-13,141.8752,0.012667,0.707092,0.765187,0.080955,0.354648,NORMAL
2022-05-13,141.7446,-0.000921,0.713442,0.647002,0.088266,0.31176,NORMAL
2022-05-13,141.7446,0.0,0.719907,0.576624,0.092775,0.286315,NORMAL
2022-05-13,141.8752,0.000921,0.726491,0.598888,0.095038,0.296578,NORMAL
2022-05-13,141.7446,-0.000921,0.733196,0.562754,0.09427,0.281664,NORMAL
2022-05-13,141.8752,0.000921,0.740027,0.513492,0.091588,0.260349,NORMAL
2022-05-13,141.8752,0.0,0.746985,0.433683,0.087635,0.226054,NORMAL
2022-05-13,141.8752,0.0,0.754076,0.368904,0.084075,0.198007,NORMAL
2022-05-13,141.8752,0.0,0.761303,0.275681,0.080094,0.158329,NORMAL
2022-05-13,141.8752,0.0,0.768669,0.195878,0.081367,0.127171,NORMAL
2022-05-16,142.6857,0.005697,0.603796,0.408392,0.086205,0.21508,NORMAL
2022-05-16,142.6857,0.0,0.624682,0.255913,0.090322,0.156559,NORMAL
2022-05-16,142.8172,0.000921,0.647065,0.269044,0.091178,0.162324,NORMAL
2022-05-16,142.6857,-0.000921,0.671112,0.248154,0.088467,0.152342,NORMAL
2022-05-16,142.8172,0.000921,0.697015,0.242454,0.090916,0.151531,NORMAL
2022-05-16,142.8172,0.0,0.724998,0.19473,0.105771,0.141354,NORMAL
2022-05-16,142.8172,0.0,0.755322,0.178802,0.1277,0.148141,NORMAL
2022-05-16,142.8172,0.0,0.788293,0.16457,0.148112,0.154695,NORMAL
2022-05-16,142.8172,0.0,0.824274,0.1476,0.167549,0.159569,NORMAL
2022-05-16,142.8172,0.0,0.863697,0.115759,0.118259,0.117259,NORMAL
2022-05-17,145.9306,0.021566,0.795013,0.565697,0.071359,0.269094,NORMAL
2022-05-17,145.9306,0.0,0.809662,0.239841,0.056872,0.13006,NORMAL
2022-05-17,145.9306,0.0,0.82486,0.194984,0.053605,0.110157,NORMAL
2022-05-17,146.065,0.000921,0.840641,0.20447,0.055537,0.11511,NORMAL
2022-05-17,146.065,0.0,0.857036,0.150668,0.058605,0.09543,NORMAL
2022-05-17,146.065,0.0,0.874084,0.147749,0.062313,0.096488,NORMAL
2022-05-17,146.065,0.0,0.891825,0.131867,0.0644,0.091387,NORMAL
2022-05-17,146.065,0.0,0.9103,0.125441,0.067117,0.090447,NORMAL
2022-05-17,146.065,0.0,0.929556,0.127444,0.05969,0.086792,NORMAL
2022-05-17,146.065,0.0,0.949645,0.127826,0.052716,0.08276,NORMAL
2022-05-18,144.0927,-0.013595,1.312008,0.45267,0.079835,0.228969,NORMAL
2022-05-18,143.9601,-0.000921,1.294139,0.267759,0.094745,0.163951,NORMAL
2022-05-18,143.9601,0.0,1.27675,0.2176,0.094031,0.143459,NORMAL
2022-05-18,143.9601,0.0,1.259822,0.209545,0.09122,0.13855,NORMAL
2022-05-18,144.0928,0.000921,1.243337,0.232604,0.090253,0.147193,NORMAL
2022-05-18,144.0927,-1e-06,1.227278,0.186068,0.090157,0.128521,NORMAL
2022-05-18,144.0928,1e-06,1.211628,0.177504,0.091776,0.126067,NORMAL
2022-05-18,144.0928,0.0,1.196373,0.150274,0.089558,0.113844,NORMAL
2022-05-18,144.0927,-1e-06,1.181497,0.142506,0.086791,0.109077,NORMAL
2022-05-18,144.0928,1e-06,1.166986,0.138619,0.084933,0.106408,NORMAL
2022-05-19,137.1273,-0.049548,1.404096,0.867331,0.160995,0.44353,LOW
2022-05-19,137.1273,0.0,1.363471,0.640494,0.192043,0.371424,NORMAL
2022-05-19,137.1273,0.0,1.325131,0.576085,0.141548,0.315363,NORMAL
2022-05-19,137.2536,0.000921,1.288888,0.539288,0.088109,0.268581,NORMAL
2022-05-19,137.2536,0.0,1.254575,0.472905,0.073825,0.233457,NORMAL
2022-05-19,137.2536,0.0,1.222042,0.461772,0.069156,0.226202,NORMAL
2022-05-19,137.2536,0.0,1.191153,0.463624,0.06705,0.22568,NORMAL
2022-05-19,137.2536,0.0,1.161787,0.460925,0.068502,0.225471,NORMAL
2022-05-19,137.2536,0.0,1.133834,0.446745,0.070869,0.221219,NORMAL
2022-05-19,137.2536,0.0,1.107195,0.434155,0.071397,0.2165,NORMAL
2022-05-20,136.3528,-0.006585,1.10557,0.597634,0.071443,0.281919,NORMAL
2022-05-20,136.3528,0.0,1.093395,0.455384,0.075902,0.227695,NORMAL
2022-05-20,136.4784,0.000921,1.081484,0.460634,0.081822,0.233347,NORMAL
2022-05-20,136.4785,1e-06,1.069831,0.407089,0.08761,0.215402,NORMAL
2022-05-20,136.3528,-0.000921,1.058426,0.445792,0.093212,0.234244,NORMAL
2022-05-20,136.4784,0.000921,1.047262,0.390657,0.096319,0.214054,NORMAL
2022-05-20,136.4785,1e-06,1.036331,0.332486,0.096825,0.191089,NORMAL
2022-05-20,136.4785,0.0,1.025625,0.290389,0.094452,0.172827,NORMAL
2022-05-20,136.4784,-1e-06,1.015139,0.228642,0.089249,0.145006,NORMAL
2022-05-20,136.4785,1e-06,1.004864,0.17362,0.087297,0.121826,NORMAL
2022-05-23,135.0784,-0.010312,0.866639,0.433978,0.093225,0.229526,NORMAL
2022-05-23,135.0784,0.0,0.872538,0.270817,0.093453,0.164398,NORMAL
2022-05-23,135.0784,0.0,0.878519,0.244653,0.085571,0.149204,NORMAL
2022-05-23,135.2029,0.000921,0.884582,0.216086,0.071914,0.129583,NORMAL
2022-05-23,135.2029,0.0,0.890729,0.181302,0.059994,0.108517,NORMAL
2022-05-23,135.2029,0.0,0.896962,0.173263,0.055752,0.102757,NORMAL
2022-05-23,135.2028,-1e-06,0.903283,0.176101,0.062561,0.107977,NORMAL
2022-05-23,135.2029,1e-06,0.909694,0.170702,0.073116,0.11215,NORMAL
2022-05-23,135.2029,0.0,0.916196,0.170521,0.079835,0.116109,NORMAL
2022-05-23,135.2029,0.0,0.922792,0.167451,0.052485,0.098472,NORMAL
2022-05-24,138.039,0.02076,0.827031,0.505628,0.056143,0.235937,NORMAL
2022-05-24,138.039,0.0,0.838111,0.206676,0.053012,0.114478,NORMAL
2022-05-24,138.1662,0.000921,0.849493,0.213701,0.048472,0.114564,NORMAL
2022-05-24,138.1662,0.0,0.861188,0.170558,0.048264,0.097182,NORMAL
2022-05-24,138.039,-0.000921,0.873209,0.194891,0.046558,0.105891,NORMAL
2022-05-24,138.1661,0.00092,0.885571,0.193111,0.043862,0.103562,NORMAL
2022-05-24,138.1662,1e-06,0.898288,0.175191,0.042968,0.095857,NORMAL
2022-05-24,138.1662,0.0,0.911375,0.173217,0.044615,0.096056,NORMAL
2022-05-24,138.1662,0.0,0.92485,0.168425,0.052233,0.09871,NORMAL
2022-05-24,138.1661,-1e-06,0.938729,0.175117,0.064,0.108447,NORMAL
2022-05-25,135.7058,-0.017967,0.843302,0.467756,0.108128,0.251979,NORMAL
2022-05-25,135.7058,0.0,0.853121,0.216815,0.139232,0.170265,NORMAL
2022-05-25,135.8309,0.000921,0.863171,0.224795,0.139192,0.173433,NORMAL
2022-05-25,135.8309,0.0,0.873461,0.196486,0.1213,0.151374,NORMAL
2022-05-25,135.7058,-0.000921,0.883999,0.239514,0.103121,0.157678,NORMAL
2022-05-25,135.8309,0.000921,0.894794,0.227812,0.08227,0.140487,NORMAL
2022-05-25,135.8309,0.0,0.905856,0.187621,0.056762,0.109106,NORMAL
2022-05-25,135.8309,0.0,0.917195,0.186214,0.034996,0.095483,NORMAL
2022-05-25,135.8308,-1e-06,0.928822,0.18168,0.025409,0.087917,NORMAL
2022-05-25,135.8308,0.0,0.940747,0.173954,0.025514,0.08489,NORMAL
2022-05-26,134.6863,-0.008462,0.927998,0.381923,0.026497,0.168667,NORMAL
2022-05-26,134.6863,0.0,0.934474,0.199184,0.02772,0.096305,NORMAL
2022-05-26,134.6863,0.0,0.94104,0.186877,0.028964,0.092129,NORMAL
2022-05-26,134.8104,0.000921,0.9477,0.208279,0.030922,0.101865,NORMAL
2022-05-26,134.8104,0.0,0.954455,0.176725,0.033077,0.090537,NORMAL
2022-05-26,134.8104,0.0,0.961306,0.174166,0.034738,0.09051,NORMAL
2022-05-26,134.8104,0.0,0.968257,0.172631,0.034852,0.089963,NORMAL
2022-05-26,134.8104,0.0,0.975309,0.161842,0.032388,0.08417,NORMAL
2022-05-26,134.8104,0.0,0.982464,0.160224,0.026658,0.080084,NORMAL
2022-05-26,134.8104,0.0,0.989725,0.15794,0.018836,0.074478,NORMAL
2022-05-27,142.6602,0.056596,0.99466,0.752048,0.124807,0.375703,NORMAL
2022-05-27,142.5289,-0.000921,0.995479,0.525019,0.173243,0.313953,NORMAL
2022-05-27,142.5288,-1e-06,0.996299,0.444945,0.1747,0.282798,NORMAL
2022-05-27,142.6602,0.000921,0.99712,0.429068,0.14632,0.259419,NORMAL
2022-05-27,142.5288,-0.000921,0.997943,0.429638,0.116478,0.241742,NORMAL
2022-05-27,142.6602,0.000921,0.998767,0.440301,0.098402,0.235162,NORMAL
2022-05-27,142.6602,0.0,0.999592,0.425666,0.087513,0.222775,NORMAL
2022-05-27,142.6602,0.0,1.000419,0.455456,0.078031,0.229001,NORMAL
2022-05-27,142.6602,0.0,1.001247,0.457846,0.067155,0.223431,NORMAL
2022-05-27,142.6602,0.0,1.002076,0.461698,0.053714,0.216908,NORMAL
2022-05-31,146.2711,0.024996,1.134206,0.736511,0.06339,0.332638,NORMAL
2022-05-31,146.2711,0.0,1.126129,0.501255,0.068631,0.241681,NORMAL
2022-05-31,146.2711,0.0,1.118167,0.509923,0.071891,0.247104,NORMAL
2022-05-31,146.2711,0.0,1.110316,0.519116,0.074787,0.252519,NORMAL
2022-05-31,146.2711,0.0,1.102575,0.501024,0.078092,0.247265,NORMAL
2022-05-31,146.2711,0.0,1.094941,0.476012,0.081719,0.239436,NORMAL
2022-05-31,146.2711,0.0,1.087413,0.435209,0.084358,0.224699,NORMAL
2022-05-31,146.1364,-0.000921,1.079986,0.431716,0.084488,0.223379,NORMAL
2022-05-31,146.1364,0.0,1.072661,0.297722,0.083296,0.169066,NORMAL
2022-05-31,146.1364,0.0,1.065435,0.147398,0.087133,0.111239,NORMAL
2022-06-01,146.9501,0.005553,0.769699,0.301856,0.092325,0.176137,NORMAL
2022-06-01,146.9501,0.0,0.776413,0.171619,0.095568,0.125989,NORMAL
2022-06-01,147.0855,0.000921,0.783245,0.205928,0.099981,0.14236,NORMAL
2022-06-01,147.0855,0.0,0.790198,0.182831,0.107805,0.137815,NORMAL
2022-06-01,146.9501,-0.000921,0.797276,0.199036,0.117646,0.150202,NORMAL
2022-06-01,147.0855,0.000921,0.804482,0.175613,0.126957,0.14642,NORMAL
2022-06-01,147.0855,0.0,0.81182,0.129203,0.131647,0.13067,NORMAL
2022-06-01,147.0855,0.0,0.819292,0.110477,0.127211,0.120518,NORMAL
2022-06-01,147.0855,0.0,0.826903,0.098448,0.114711,0.108206,NORMAL
2022-06-01,147.0855,0.0,0.834657,0.096882,0.102213,0.100081,NORMAL
2022-06-02,144.9208,-0.014827,0.82746,0.398704,0.089737,0.213324,NORMAL
2022-06-02,144.9208,0.0,0.842575,0.165611,0.07986,0.11416,NORMAL
2022-06-02,145.0544,0.000921,0.858253,0.150162,0.071208,0.102789,NORMAL
2022-06-02,145.0543,-1e-06,0.874525,0.103255,0.064345,0.079909,NORMAL
2022-06-02,144.9209,-0.00092,0.891426,0.137108,0.061651,0.091834,NORMAL
2022-06-02,145.0543,0.00092,0.908994,0.123766,0.061175,0.086212,NORMAL
2022-06-02,145.0544,1e-06,0.927268,0.095515,0.061701,0.075227,NORMAL
2022-06-02,145.0544,0.0,0.946291,0.087056,0.058657,0.070017,NORMAL
2022-06-02,145.0543,-1e-06,0.966112,0.090592,0.049208,0.065762,NORMAL
2022-06-02,145.0543,0.0,0.98678,0.095353,0.045566,0.065481,NORMAL
2022-06-03,144.1418,-0.006311,1.196386,0.289458,0.04627,0.143545,NORMAL
2022-06-03,144.1418,0.0,1.184955,0.158141,0.046113,0.090924,NORMAL
2022-06-03,144.1418,0.0,1.17374,0.147641,0.046365,0.086876,NORMAL
2022-06-03,144.1418,0.0,1.162735,0.143296,0.047013,0.085526,NORMAL
2022-06-03,144.1418,0.0,1.151935,0.136857,0.047194,0.083059,NORMAL
2022-06-03,144.1418,0.0,1.141334,0.125366,0.046277,0.077913,NORMAL
2022-06-03,144.0092,-0.00092,1.130926,0.16182,0.042355,0.090141,NORMAL
2022-06-03,144.0092,0.0,1.120706,0.121418,0.034212,0.069094,NORMAL
2022-06-03,144.0092,0.0,1.110669,0.114287,0.025405,0.060958,NORMAL
2022-06-03,144.1418,0.00092,1.10081,0.128561,0.020228,0.063562,NORMAL
2022-06-06,144.2694,0.000885,0.890287,0.122717,0.023849,0.063396,NORMAL
2022-06-06,144.1366,-0.000921,0.890702,0.106708,0.02597,0.058265,NORMAL
2022-06-06,144.1366,0.0,0.891118,0.082207,0.02698,0.049071,NORMAL
2022-06-06,144.2694,0.000921,0.891534,0.126467,0.026839,0.066691,NORMAL
2022-06-06,144.1366,-0.000921,0.89195,0.11079,0.026633,0.060296,NORMAL
2022-06-06,144.2694,0.000921,0.892367,0.131585,0.025936,0.068195,NORMAL
2022-06-06,144.2694,0.0,0.892784,0.103467,0.024663,0.056184,NORMAL
2022-06-06,144.2694,0.0,0.893201,0.107046,0.022307,0.056202,NORMAL
2022-06-06,144.2693,-1e-06,0.893619,0.111287,0.018483,0.055604,NORMAL
2022-06-06,144.2694,1e-06,0.894037,0.128542,0.012349,0.058826,NORMAL
2022-06-07,141.5093,-0.019317,0.857829,0.497953,0.025438,0.214444,NORMAL
2022-06-07,141.5093,0.0,0.869245,0.249036,0.033097,0.119473,NORMAL
2022-06-07,141.5094,1e-06,0.880969,0.229452,0.035765,0.113239,NORMAL
2022-06-07,141.6397,0.00092,0.893013,0.183472,0.034983,0.094379,NORMAL
2022-06-07,141.6397,0.0,0.905391,0.134262,0.03332,0.073697,NORMAL
2022-06-07,141.6397,0.0,0.918117,0.136361,0.032171,0.073847,NORMAL
2022-06-07,141.6397,0.0,0.931206,0.13025,0.029753,0.069952,NORMAL
2022-06-07,141.6397,0.0,0.944673,0.12731,0.024751,0.065774,NORMAL
2022-06-07,141.6397,0.0,0.958536,0.12938,0.017889,0.062485,NORMAL
2022-06-07,141.6397,0.0,0.972812,0.135,0.013333,0.062,NORMAL
2022-06-08,145.6561,0.027962,0.783922,0.522548,0.036818,0.23111,NORMAL
2022-06-08,145.6561,0.0,0.794104,0.154493,0.039345,0.085404,NORMAL
2022-06-08,145.7903,0.000921,0.804554,0.196511,0.038374,0.101629,NORMAL
2022-06-08,145.7902,-1e-06,0.815282,0.170201,0.036704,0.090103,NORMAL
2022-06-08,145.6561,-0.00092,0.826301,0.189138,0.034508,0.09636,NORMAL
2022-06-08,145.7903,0.000921,0.837621,0.192439,0.032201,0.096296,NORMAL
2022-06-08,145.7903,0.0,0.849256,0.157597,0.029798,0.080918,NORMAL
2022-06-08,145.7903,0.0,0.861219,0.150762,0.028497,0.077403,NORMAL
2022-06-08,145.7903,0.0,0.873523,0.160985,0.027995,0.081191,NORMAL
2022-06-08,145.7903,0.0,0.886184,0.166247,0.027834,0.0832,NORMAL
2022-06-09,144.1856,-0.011068,1.139603,0.422159,0.042871,0.194586,NORMAL
2022-06-09,144.1856,0.0,1.138049,0.206742,0.048314,0.111685,NORMAL
2022-06-09,144.3184,0.000921,1.1365,0.237185,0.047716,0.123503,NORMAL
2022-06-09,144.3184,0.0,1.134954,0.193048,0.047298,0.105598,NORMAL
2022-06-09,144.1856,-0.000921,1.133413,0.229157,0.047885,0.120394,NORMAL
2022-06-09,144.3184,0.000921,1.131876,0.222194,0.048585,0.118029,NORMAL
2022-06-09,144.3184,0.0,1.130343,0.165615,0.048913,0.095594,NORMAL
2022-06-09,144.3184,0.0,1.128814,0.152542,0.047481,0.089505,NORMAL
2022-06-09,144.3184,0.0,1.127289,0.138205,0.041613,0.08025,NORMAL
2022-06-09,144.3184,0.0,1.125769,0.119598,0.033792,0.068114,NORMAL
2022-06-10,137.5194,-0.048257,1.43802,0.85578,0.101851,0.403422,LOW
2022-06-10,137.5194,0.0,1.396844,0.63973,0.123558,0.330027,NORMAL
2022-06-10,137.5194,0.0,1.35796,0.564136,0.098247,0.284603,NORMAL
2022-06-10,137.6461,0.000921,1.321182,0.519671,0.073015,0.251677,NORMAL
2022-06-10,137.6461,0.0,1.286344,0.458473,0.073818,0.22768,NORMAL
2022-06-10,137.6461,0.0,1.253297,0.44469,0.075743,0.223322,NORMAL
2022-06-10,137.6461,0.0,1.221904,0.444625,0.075877,0.223376,NORMAL
2022-06-10,137.6461,0.0,1.192046,0.444628,0.073314,0.22184,NORMAL
2022-06-10,137.6461,0.0,1.163612,0.432635,0.063859,0.211369,NORMAL
2022-06-10,137.6461,0.0,1.136503,0.419954,0.051631,0.19896,NORMAL
2022-06-13,130.3752,-0.054269,1.470742,0.999458,0.18751,0.512289,LOW
2022-06-13,130.2553,-0.00092,1.425507,0.769798,0.274901,0.472859,LOW
2022-06-13,130.2552,-1e-06,1.382972,0.696724,0.251826,0.429785,LOW
2022-06-13,130.2553,1e-06,1.342902,0.694378,0.221616,0.41072,LOW
2022-06-13,130.3752,0.00092,1.305088,0.727628,0.212804,0.418734,LOW
2022-06-13,130.3752,0.0,1.269345,0.669725,0.214672,0.396693,NORMAL
2022-06-13,130.3753,1e-06,1.235509,0.673948,0.218422,0.400632,LOW
2022-06-13,130.3752,-1e-06,1.203429,0.64162,0.221162,0.389345,NORMAL
2022-06-13,130.3752,0.0,1.172973,0.588646,0.228375,0.372483,NORMAL
2022-06-13,130.3752,0.0,1.14402,0.537674,0.253972,0.367453,NORMAL
2022-06-14,130.5101,0.001034,0.796173,0.56266,0.270705,0.387487,NORMAL
2022-06-14,130.5101,0.0,0.798668,0.506552,0.28505,0.373651,NORMAL
2022-06-14,130.5101,0.0,0.801179,0.495382,0.294491,0.374847,NORMAL
2022-06-14,130.6304,0.000921,0.803705,0.50246,0.295689,0.378397,NORMAL
2022-06-14,130.6304,0.0,0.806248,0.459664,0.284947,0.354834,NORMAL
2022-06-14,130.6304,0.0,0.808807,0.43577,0.26162,0.33128,NORMAL
2022-06-14,130.6304,0.0,0.811382,0.396331,0.231728,0.297569,NORMAL
2022-06-14,130.6304,0.0,0.813973,0.355953,0.200299,0.262561,NORMAL
2022-06-14,130.6304,0.0,0.816581,0.294776,0.168645,0.219097,NORMAL
2022-06-14,130.6304,0.0,0.819206,0.277564,0.156072,0.204669,NORMAL
2022-06-15,131.6473,0.007754,0.897717,0.39846,0.158299,0.254363,NORMAL
2022-06-15,131.6473,0.0,0.911426,0.2429,0.16537,0.196382,NORMAL
2022-06-15,131.6473,0.0,0.925561,0.22778,0.166639,0.191096,NORMAL
2022-06-15,131.7686,0.000921,0.940141,0.244455,0.165562,0.197119,NORMAL
2022-06-15,131.7686,0.0,0.955188,0.208934,0.154552,0.176305,NORMAL
2022-06-15,131.7686,0.0,0.970725,0.211871,0.126534,0.160669,NORMAL
2022-06-15,131.7686,0.0,0.986775,0.205266,0.099365,0.141725,NORMAL
2022-06-15,131.7686,0.0,1.003365,0.196727,0.083183,0.128601,NORMAL
2022-06-15,131.7686,0.0,1.020522,0.20315,0.089553,0.134992,NORMAL
2022-06-15,131.7686,0.0,1.038276,0.196584,0.082892,0.128369,NORMAL
2022-06-16,129.4807,-0.017516,1.210447,0.554816,0.088267,0.274887,NORMAL
2022-06-16,129.4808,1e-06,1.194837,0.31128,0.091506,0.179416,NORMAL
2022-06-16,129.4808,0.0,1.179625,0.278387,0.086706,0.163378,NORMAL
2022-06-16,129.6001,0.000921,1.164795,0.282245,0.07549,0.158192,NORMAL
2022-06-16,129.6001,0.0,1.150333,0.2459,0.065371,0.137582,NORMAL
2022-06-16,129.6,-1e-06,1.136226,0.242591,0.060484,0.133327,NORMAL
2022-06-16,129.6001,1e-06,1.122461,0.231686,0.061,0.129275,NORMAL
2022-06-16,129.6001,0.0,1.109026,0.223186,0.060868,0.125795,NORMAL
2022-06-16,129.6001,0.0,1.095908,0.217316,0.055335,0.120127,NORMAL
2022-06-16,129.6001,0.0,1.083097,0.221508,0.049302,0.118184,NORMAL
2022-06-17,127.5104,-0.016256,1.319113,0.672624,0.069284,0.31062,NORMAL
2022-06-17,127.5104,0.0,1.291885,0.415031,0.091299,0.220792,NORMAL
2022-06-17,127.6278,0.00092,1.265757,0.382588,0.110435,0.219296,NORMAL
2022-06-17,127.6278,0.0,1.240666,0.332972,0.124497,0.207887,NORMAL
2022-06-17,127.5103,-0.000921,1.21655,0.37313,0.126895,0.225389,NORMAL
2022-06-17,127.6278,0.000921,1.193353,0.330855,0.110367,0.198562,NORMAL
2022-06-17,127.6278,0.0,1.171025,0.289736,0.080807,0.164379,NORMAL
2022-06-17,127.6278,0.0,1.149517,0.267102,0.052657,0.138435,NORMAL
2022-06-17,127.6279,1e-06,1.128784,0.255407,0.038562,0.1253,NORMAL
2022-06-17,127.6279,0.0,1.108786,0.232424,0.035429,0.114227,NORMAL
2022-06-21,130.7944,0.024508,0.675196,0.628933,0.0921,0.306833,NORMAL
2022-06-21,130.7944,0.0,0.682916,0.310063,0.113289,0.191999,NORMAL
2022-06-21,130.7944,0.0,0.690815,0.294525,0.096986,0.176002,NORMAL
2022-06-21,130.9149,0.000921,0.698898,0.320917,0.084327,0.178963,NORMAL
2022-06-21,130.9149,0.0,0.707173,0.297144,0.08368,0.169066,NORMAL
2022-06-21,130.9149,0.0,0.715646,0.297786,0.084212,0.169642,NORMAL
2022-06-21,130.9149,0.0,0.724325,0.288477,0.080049,0.16342,NORMAL
2022-06-21,130.9149,0.0,0.733217,0.287994,0.070106,0.157261,NORMAL
2022-06-21,130.9149,0.0,0.74233,0.288201,0.055799,0.14876,NORMAL
2022-06-21,130.9149,0.0,0.751672,0.282831,0.040869,0.137654,NORMAL
2022-06-22,132.1375,0.009296,0.701106,0.482373,0.037817,0.21564,NORMAL
2022-06-22,132.1374,-1e-06,0.722181,0.31886,0.035195,0.148661,NORMAL
2022-06-22,132.2592,0.000921,0.744563,0.32705,0.032842,0.150526,NORMAL
2022-06-22,132.2592,0.0,0.768376,0.281088,0.031114,0.131104,NORMAL
2022-06-22,132.1375,-0.000921,0.793762,0.287415,0.029565,0.132705,NORMAL
2022-06-22,132.2592,0.000921,0.820883,0.267754,0.029372,0.124725,NORMAL
2022-06-22,132.2592,0.0,0.849924,0.219,0.030516,0.105909,NORMAL
2022-06-22,132.2592,0.0,0.881094,0.199432,0.031387,0.098605,NORMAL
2022-06-22,132.2592,0.0,0.914638,0.16752,0.029195,0.084525,NORMAL
2022-06-22,132.2592,0.0,0.950837,0.156099,0.025342,0.077644,NORMAL
2022-06-23,134.1275,0.014027,0.943437,0.492047,0.027561,0.213355,NORMAL
2022-06-23,134.1275,0.0,0.94873,0.233388,0.030226,0.111491,NORMAL
2022-06-23,134.2511,0.000921,0.954083,0.252224,0.03383,0.121188,NORMAL
2022-06-23,134.2511,0.0,0.959496,0.208327,0.037076,0.105577,NORMAL
2022-06-23,134.1275,-0.000921,0.964971,0.206136,0.040039,0.106478,NORMAL
2022-06-23,134.2511,0.000921,0.970509,0.194532,0.044204,0.104335,NORMAL
2022-06-23,134.2511,0.0,0.976111,0.164334,0.049473,0.095417,NORMAL
2022-06-23,134.2511,0.0,0.981778,0.171841,0.049873,0.09866,NORMAL
2022-06-23,134.2511,0.0,0.987511,0.16665,0.038687,0.089872,NORMAL
2022-06-23,134.2511,0.0,0.993312,0.163282,0.022307,0.078697,NORMAL
2022-06-24,137.1469,0.021341,1.20907,0.61543,0.036719,0.268203,NORMAL
2022-06-24,137.1469,0.0,1.196323,0.336167,0.044589,0.16122,NORMAL
2022-06-24,137.1468,-1e-06,1.183842,0.314665,0.0477,0.154486,NORMAL
2022-06-24,137.2732,0.000921,1.171618,0.319791,0.047677,0.156523,NORMAL
2022-06-24,137.2732,0.0,1.159644,0.284714,0.045722,0.141319,NORMAL
2022-06-24,137.2732,0.0,1.147913,0.263426,0.043266,0.13133,NORMAL
2022-06-24,137.2732,0.0,1.136416,0.253105,0.041068,0.125883,NORMAL
2022-06-24,137.2732,0.0,1.125148,0.248566,0.039222,0.12296,NORMAL
2022-06-24,137.2732,0.0,1.1141,0.22926,0.037616,0.114274,NORMAL
2022-06-24,137.2732,0.0,1.103268,0.217693,0.038701,0.110298,NORMAL
2022-06-27,140.0206,0.019816,0.870375,0.570205,0.051432,0.258941,NORMAL
2022-06-27,139.8918,-0.00092,0.871577,0.306158,0.055703,0.155885,NORMAL
2022-06-27,139.8917,-1e-06,0.872783,0.247484,0.055253,0.132146,NORMAL
2022-06-27,140.0207,0.000922,0.873992,0.279355,0.052781,0.143411,NORMAL
2022-06-27,139.8918,-0.000921,0.875205,0.244846,0.050602,0.1283,NORMAL
2022-06-27,140.0207,0.000921,0.876421,0.240167,0.047816,0.124756,NORMAL
2022-06-27,140.0207,0.0,0.87764,0.192211,0.045623,0.104258,NORMAL
2022-06-27,140.0207,0.0,0.878863,0.183874,0.044821,0.100442,NORMAL
2022-06-27,140.0207,0.0,0.880089,0.16407,0.045453,0.0929,NORMAL
2022-06-27,140.0206,-1e-06,0.881318,0.143477,0.046656,0.085385,NORMAL
2022-06-28,139.4613,-0.004002,0.853906,0.266803,0.045949,0.13429,NORMAL
2022-06-28,139.4614,1e-06,0.86605,0.166687,0.044823,0.093568,NORMAL
2022-06-28,139.4614,0.0,0.878546,0.164626,0.043067,0.091691,NORMAL
2022-06-28,139.4614,0.0,0.891407,0.158168,0.041688,0.08828,NORMAL
2022-06-28,139.4614,0.0,0.90465,0.154612,0.042387,0.087277,NORMAL
2022-06-28,139.4614,0.0,0.918292,0.143871,0.043894,0.083885,NORMAL
2022-06-28,139.4614,0.0,0.932353,0.132,0.045784,0.08027,NORMAL
2022-06-28,139.333,-0.000921,0.94685,0.146611,0.046201,0.086365,NORMAL
2022-06-28,139.333,0.0,0.961806,0.129503,0.04467,0.078603,NORMAL
2022-06-28,139.333,0.0,0.977242,0.145227,0.047347,0.086499,NORMAL
2022-06-29,134.7549,-0.033409,0.967786,0.682509,0.073154,0.316896,NORMAL
2022-06-29,134.7549,0.0,0.970597,0.431791,0.075263,0.217874,NORMAL
2022-06-29,134.8791,0.000921,0.973425,0.391389,0.062945,0.194322,NORMAL
2022-06-29,134.8791,0.0,0.97627,0.315578,0.051878,0.157358,NORMAL
2022-06-29,134.7549,-0.000921,0.979131,0.353268,0.0448,0.168187,NORMAL
2022-06-29,134.879,0.000921,0.982009,0.325467,0.039591,0.153941,NORMAL
2022-06-29,134.8791,1e-06,0.984904,0.287215,0.035613,0.136254,NORMAL
2022-06-29,134.8791,0.0,0.987816,0.280487,0.032028,0.131412,NORMAL
2022-06-29,134.8791,0.0,0.990745,0.284008,0.026489,0.129496,NORMAL
2022-06-29,134.879,-1e-06,0.993692,0.29276,0.020748,0.129553,NORMAL
2022-06-30,134.549,-0.00245,1.449882,0.493469,0.047396,0.225825,NORMAL
2022-06-30,134.549,0.0,1.416794,0.436333,0.063876,0.212859,NORMAL
2022-06-30,134.673,0.000921,1.385183,0.444246,0.068422,0.218751,NORMAL
2022-06-30,134.673,0.0,1.354952,0.392227,0.06542,0.196143,NORMAL
2022-06-30,134.549,-0.000921,1.326012,0.398959,0.062615,0.197153,NORMAL
2022-06-30,134.673,0.000921,1.298283,0.363615,0.059496,0.181143,NORMAL
2022-06-30,134.673,0.0,1.271689,0.305107,0.056936,0.156205,NORMAL
2022-06-30,134.673,0.0,1.246164,0.257382,0.054726,0.135788,NORMAL
2022-06-30,134.673,0.0,1.221642,0.221129,0.052838,0.120155,NORMAL
2022-06-30,134.673,0.0,1.198067,0.227951,0.052364,0.122599,NORMAL
2022-07-01,133.4857,-0.008855,0.857656,0.416967,0.063714,0.205015,NORMAL
2022-07-01,133.4857,0.0,0.855174,0.28594,0.069631,0.156155,NORMAL
2022-07-01,133.4857,0.0,0.852706,0.256685,0.069917,0.144624,NORMAL
2022-07-01,133.4857,0.0,0.850253,0.249847,0.066932,0.140098,NORMAL
2022-07-01,133.4857,0.0,0.847813,0.236042,0.065291,0.133591,NORMAL
2022-07-01,133.4857,0.0,0.845387,0.231225,0.068259,0.133445,NORMAL
2022-07-01,133.3628,-0.000921,0.842976,0.26808,0.073959,0.151607,NORMAL
2022-07-01,133.3628,0.0,0.840577,0.227899,0.076642,0.137145,NORMAL
2022-07-01,133.3628,0.0,0.838193,0.227062,0.069685,0.132636,NORMAL
2022-07-01,133.4857,0.000921,0.835822,0.22177,0.049113,0.118176,NORMAL
2022-07-05,135.1833,0.012637,0.876101,0.385149,0.045437,0.181322,NORMAL
2022-07-05,135.0588,-0.000921,0.889709,0.201272,0.038065,0.103348,NORMAL
2022-07-05,135.0588,0.0,0.903745,0.170824,0.034471,0.089013,NORMAL
2022-07-05,135.1832,0.000921,0.918232,0.181806,0.03576,0.094178,NORMAL
2022-07-05,135.0588,-0.000921,0.933191,0.188791,0.038043,0.098342,NORMAL
2022-07-05,135.1833,0.000921,0.948645,0.18592,0.04092,0.09892,NORMAL
2022-07-05,135.1832,-1e-06,0.964619,0.169289,0.044263,0.094274,NORMAL
2022-07-05,135.1833,1e-06,0.981141,0.170437,0.047449,0.096644,NORMAL
2022-07-05,135.1832,-1e-06,0.998239,0.170582,0.051188,0.098946,NORMAL
2022-07-05,135.1832,0.0,1.015943,0.171935,0.058866,0.104094,NORMAL
2022-07-06,138.5684,0.024733,1.023647,0.611204,0.069469,0.286163,NORMAL
2022-07-06,138.5684,0.0,1.021521,0.30242,0.07958,0.168716,NORMAL
2022-07-06,138.5683,-1e-06,1.019403,0.258312,0.08645,0.155195,NORMAL
2022-07-06,138.696,0.000921,1.017294,0.272409,0.085312,0.160151,NORMAL
2022-07-06,138.6961,1e-06,1.015193,0.238117,0.076826,0.141342,NORMAL
2022-07-06,138.6961,0.0,1.013101,0.22048,0.067087,0.128444,NORMAL
2022-07-06,138.696,-1e-06,1.011018,0.215852,0.059255,0.121894,NORMAL
2022-07-06,138.696,0.0,1.008943,0.205391,0.053568,0.114297,NORMAL
2022-07-06,138.696,0.0,1.006877,0.207489,0.047931,0.111754,NORMAL
2022-07-06,138.696,0.0,1.00482,0.193099,0.038541,0.100364,NORMAL
2022-07-07,140.4702,0.012711,0.903204,0.446449,0.041882,0.203709,NORMAL
2022-07-07,140.4701,-1e-06,0.907597,0.222623,0.043139,0.114932,NORMAL
2022-07-07,140.5996,0.000921,0.912032,0.249852,0.043356,0.125954,NORMAL
2022-07-07,140.5996,0.0,0.916511,0.211653,0.042685,0.110272,NORMAL
2022-07-07,140.4701,-0.000921,0.921034,0.202859,0.041576,0.106089,NORMAL
2022-07-07,140.5996,0.000921,0.925602,0.201827,0.040614,0.105099,NORMAL
2022-07-07,140.5996,0.0,0.930216,0.154309,0.039055,0.085157,NORMAL
2022-07-07,140.5996,0.0,0.934875,0.140764,0.036639,0.078289,NORMAL
2022-07-07,140.5996,0.0,0.939582,0.116957,0.033518,0.066894,NORMAL
2022-07-07,140.5996,0.0,0.944336,0.104775,0.03382,0.062202,NORMAL
2022-07-08,142.4014,0.012734,0.926304,0.406761,0.036931,0.184863,NORMAL
2022-07-08,142.4014,0.0,0.932673,0.15711,0.037954,0.085616,NORMAL
2022-07-08,142.5326,0.000921,0.939129,0.178309,0.037706,0.093947,NORMAL
2022-07-08,142.5326,0.0,0.945676,0.145207,0.036029,0.0797,NORMAL
2022-07-08,142.4014,-0.000921,0.952315,0.145625,0.035391,0.079484,NORMAL
2022-07-08,142.5326,0.000921,0.959048,0.137359,0.03459,0.075698,NORMAL
2022-07-08,142.5326,0.0,0.965876,0.107011,0.033591,0.062959,NORMAL
2022-07-08,142.5326,0.0,0.972803,0.111801,0.031577,0.063667,NORMAL
2022-07-08,142.5326,0.0,0.979829,0.0984,0.028218,0.056291,NORMAL
2022-07-08,142.5326,0.0,0.986958,0.101777,0.025757,0.056165,NORMAL
2022-07-11,142.8033,0.001897,0.967759,0.149778,0.021226,0.072647,NORMAL
2022-07-11,142.8033,0.0,0.970073,0.099218,0.018776,0.050953,NORMAL
2022-07-11,142.8033,0.0,0.972398,0.107851,0.017769,0.053801,NORMAL
2022-07-11,142.9349,0.000921,0.974733,0.1379,0.017266,0.065519,NORMAL
2022-07-11,142.9349,0.0,0.97708,0.099517,0.017298,0.050186,NORMAL
2022-07-11,142.9349,0.0,0.979439,0.093377,0.017628,0.047927,NORMAL
2022-07-11,142.9349,0.0,0.981809,0.096365,0.017934,0.049307,NORMAL
2022-07-11,142.9349,0.0,0.98419,0.10791,0.017757,0.053818,NORMAL
2022-07-11,142.9349,0.0,0.986583,0.097319,0.016548,0.048856,NORMAL
2022-07-11,142.9349,0.0,0.988987,0.11279,0.016567,0.055056,NORMAL
2022-07-12,143.0232,0.000618,1.202988,0.176413,0.020299,0.082744,NORMAL
2022-07-12,142.8916,-0.000921,1.190947,0.175805,0.022091,0.083577,NORMAL
2022-07-12,142.8916,0.0,1.179146,0.141871,0.022564,0.070287,NORMAL
2022-07-12,143.0232,0.000921,1.167576,0.16562,0.021876,0.079374,NORMAL
2022-07-12,142.8916,-0.000921,1.156231,0.162481,0.022168,0.078293,NORMAL
2022-07-12,143.0232,0.000921,1.145104,0.151951,0.020624,0.073155,NORMAL
2022-07-12,143.0232,0.0,1.134189,0.132887,0.01834,0.064159,NORMAL
2022-07-12,143.0232,0.0,1.123481,0.130026,0.016152,0.061701,NORMAL
2022-07-12,143.0232,0.0,1.112972,0.129646,0.014257,0.060412,NORMAL
2022-07-12,143.0232,0.0,1.102659,0.131294,0.012315,0.059906,NORMAL
2022-07-13,140.1761,-0.020107,1.00591,0.484375,0.029086,0.211201,NORMAL
2022-07-13,140.1761,0.0,1.000225,0.23926,0.035151,0.116795,NORMAL
2022-07-13,140.1761,0.0,0.994604,0.224313,0.032431,0.109184,NORMAL
2022-07-13,140.3053,0.000921,0.989046,0.195625,0.025811,0.093736,NORMAL
2022-07-13,140.3053,0.0,0.98355,0.145135,0.020028,0.070071,NORMAL
2022-07-13,140.3052,-1e-06,0.978114,0.145465,0.01611,0.067852,NORMAL
2022-07-13,140.3053,1e-06,0.972739,0.13939,0.014293,0.064332,NORMAL
2022-07-13,140.3053,0.0,0.967422,0.135841,0.014068,0.062777,NORMAL
2022-07-13,140.3052,-1e-06,0.962163,0.129465,0.014506,0.060489,NORMAL
2022-07-13,140.3053,1e-06,0.95696,0.133659,0.015147,0.062552,NORMAL
2022-07-14,141.3748,0.007594,1.050069,0.306017,0.021602,0.135368,NORMAL
2022-07-14,141.2447,-0.000921,1.04968,0.180568,0.023964,0.086605,NORMAL
2022-07-14,141.2446,-1e-06,1.049291,0.149048,0.023638,0.073802,NORMAL
2022-07-14,141.2447,1e-06,1.048903,0.139987,0.023069,0.069836,NORMAL
2022-07-14,141.3748,0.000921,1.048514,0.159251,0.022603,0.077262,NORMAL
2022-07-14,141.3748,0.0,1.048126,0.108229,0.021895,0.056429,NORMAL
2022-07-14,141.3748,0.0,1.047738,0.104999,0.021182,0.054709,NORMAL
2022-07-14,141.3748,0.0,1.047351,0.103504,0.020425,0.053656,NORMAL
2022-07-14,141.3748,0.0,1.046963,0.103864,0.019163,0.053043,NORMAL
2022-07-14,141.3748,0.0,1.046577,0.097583,0.017949,0.049803,NORMAL
2022-07-15,146.9677,0.038798,1.017927,0.704766,0.054522,0.31462,NORMAL
2022-07-15,146.8325,-0.00092,1.014491,0.409724,0.077815,0.210579,NORMAL
2022-07-15,146.8324,-1e-06,1.011079,0.324378,0.089387,0.183384,NORMAL
2022-07-15,146.8324,0.0,1.007689,0.28661,0.092868,0.170365,NORMAL
2022-07-15,146.9678,0.000922,1.004322,0.313947,0.089279,0.179146,NORMAL
2022-07-15,146.9677,-1e-06,1.000977,0.280981,0.083703,0.162614,NORMAL
2022-07-15,146.9677,0.0,0.997655,0.281308,0.078665,0.159722,NORMAL
2022-07-15,146.9677,0.0,0.994354,0.289378,0.074534,0.160472,NORMAL
2022-07-15,146.9677,0.0,0.991076,0.297625,0.068207,0.159974,NORMAL
2022-07-15,146.9677,0.0,0.987819,0.296682,0.058092,0.153528,NORMAL
2022-07-18,147.7736,0.005469,1.052435,0.400777,0.055421,0.193563,NORMAL
2022-07-18,147.7736,0.0,1.050208,0.303429,0.054697,0.15419,NORMAL
2022-07-18,147.7736,0.0,1.047991,0.294257,0.055252,0.150854,NORMAL
2022-07-18,147.9097,0.000921,1.045784,0.307697,0.05726,0.157435,NORMAL
2022-07-18,147.9097,0.0,1.043585,0.230806,0.059421,0.127975,NORMAL
2022-07-18,147.9097,0.0,1.041396,0.211085,0.06117,0.121136,NORMAL
2022-07-18,147.9097,0.0,1.039216,0.200161,0.061912,0.117212,NORMAL
2022-07-18,147.9097,0.0,1.037045,0.16826,0.061145,0.103991,NORMAL
2022-07-18,147.9097,0.0,1.034884,0.111773,0.05902,0.080121,NORMAL
2022-07-18,147.9097,0.0,1.032731,0.088497,0.061075,0.072044,NORMAL
2022-07-19,145.009,-0.019806,1.048068,0.436324,0.065393,0.213765,NORMAL
2022-07-19,145.0091,1e-06,1.043638,0.176714,0.061878,0.107812,NORMAL
2022-07-19,145.0091,0.0,1.039244,0.149274,0.055728,0.093147,NORMAL
2022-07-19,145.1427,0.000921,1.034888,0.153558,0.051995,0.09262,NORMAL
2022-07-19,145.1427,0.0,1.030568,0.107224,0.052293,0.074265,NORMAL
2022-07-19,145.1427,0.0,1.026284,0.114595,0.055824,0.079332,NORMAL
2022-07-19,145.1427,0.0,1.022035,0.113553,0.059579,0.081169,NORMAL
2022-07-19,145.1427,0.0,1.017822,0.110052,0.060043,0.080047,NORMAL
2022-07-19,145.1427,0.0,1.013643,0.117125,0.054319,0.079441,NORMAL
2022-07-19,145.1427,0.0,1.009498,0.114793,0.040865,0.070436,NORMAL
2022-07-20,148.2826,0.021403,0.796632,0.419429,0.050706,0.198195,NORMAL
2022-07-20,148.2826,0.0,0.804841,0.131129,0.0551,0.085512,NORMAL
2022-07-20,148.2826,0.0,0.81322,0.12879,0.05009,0.08157,NORMAL
2022-07-20,148.2826,0.0,0.821775,0.125265,0.043426,0.076161,NORMAL
2022-07-20,148.2826,0.0,0.830513,0.113543,0.039048,0.068846,NORMAL
2022-07-20,148.2826,0.0,0.839438,0.112173,0.037843,0.067575,NORMAL
2022-07-20,148.2826,0.0,0.848557,0.10984,0.039118,0.067407,NORMAL
2022-07-20,148.1461,-0.000921,0.857876,0.152489,0.043329,0.086993,NORMAL
2022-07-20,148.1461,0.0,0.867403,0.119551,0.050591,0.078175,NORMAL
2022-07-20,148.1461,0.0,0.877143,0.117967,0.062449,0.084656,NORMAL
2022-07-21,151.4596,0.02212,0.891498,0.515762,0.069503,0.248007,NORMAL
2022-07-21,151.4596,0.0,0.90256,0.204958,0.072011,0.125189,NORMAL
2022-07-21,151.5991,0.000921,0.9139,0.235502,0.071512,0.137108,NORMAL
2022-07-21,151.5991,0.0,0.925528,0.183527,0.068171,0.114314,NORMAL
2022-07-21,151.4596,-0.000921,0.937456,0.185294,0.063171,0.11202,NORMAL
2022-07-21,151.5991,0.000921,0.949696,0.16712,0.058691,0.102062,NORMAL
2022-07-21,151.5991,0.0,0.962259,0.126757,0.056812,0.08479,NORMAL
2022-07-21,151.5991,0.0,0.975159,0.108274,0.056067,0.07695,NORMAL
2022-07-21,151.5991,0.0,0.98841,0.095809,0.052226,0.069659,NORMAL
2022-07-21,151.5991,0.0,1.002026,0.08319,0.038601,0.056437,NORMAL
2022-07-22,152.3321,0.004823,1.025025,0.201648,0.038439,0.103723,NORMAL
2022-07-22,152.3321,0.0,1.023568,0.098038,0.038894,0.062551,NORMAL
2022-07-22,152.4724,0.000921,1.022115,0.131664,0.040062,0.076703,NORMAL
2022-07-22,152.4724,0.0,1.020666,0.097761,0.041412,0.063952,NORMAL
2022-07-22,152.332,-0.000921,1.019221,0.109926,0.042296,0.069348,NORMAL
2022-07-22,152.4724,0.000921,1.01778,0.092983,0.042833,0.062893,NORMAL
2022-07-22,152.4724,0.0,1.016344,0.063721,0.042177,0.050795,NORMAL
2022-07-22,152.4724,0.0,1.014911,0.049228,0.038992,0.043086,NORMAL
2022-07-22,152.4724,0.0,1.013483,0.029832,0.03232,0.031325,NORMAL
2022-07-22,152.4724,0.0,1.012058,0.035472,0.028108,0.031054,NORMAL
2022-07-25,151.1183,-0.008921,0.821094,0.263072,0.033032,0.125048,NORMAL
2022-07-25,151.1183,0.0,0.828364,0.08906,0.033894,0.05596,NORMAL
2022-07-25,151.1183,0.0,0.835763,0.077425,0.033208,0.050895,NORMAL
2022-07-25,151.1183,0.0,0.843296,0.072288,0.031903,0.048057,NORMAL
2022-07-25,151.1183,0.0,0.850966,0.070847,0.030365,0.046558,NORMAL
2022-07-25,151.1183,0.0,0.858777,0.059541,0.028762,0.041074,NORMAL
2022-07-25,150.9792,-0.000921,0.866732,0.091503,0.026865,0.052721,NORMAL
2022-07-25,150.9792,0.0,0.874836,0.062191,0.023902,0.039217,NORMAL
2022-07-25,150.9792,0.0,0.883094,0.056892,0.018511,0.033864,NORMAL
2022-07-25,151.1183,0.000921,0.891508,0.086086,0.011884,0.041565,NORMAL
2022-07-26,149.4012,-0.011428,0.925568,0.335486,0.013724,0.142429,NORMAL
2022-07-26,149.2637,-0.000921,0.934618,0.183754,0.016078,0.083149,NORMAL
2022-07-26,149.2636,-1e-06,0.943846,0.109703,0.018173,0.054785,NORMAL
2022-07-26,149.4011,0.000921,0.953259,0.10795,0.019433,0.054839,NORMAL
2022-07-26,149.2637,-0.00092,0.962861,0.122795,0.021177,0.061824,NORMAL
2022-07-26,149.4012,0.000921,0.972659,0.109783,0.022498,0.057412,NORMAL
2022-07-26,149.4012,0.0,0.982658,0.078296,0.023364,0.045337,NORMAL
2022-07-26,149.4012,0.0,0.992864,0.072278,0.023322,0.042904,NORMAL
2022-07-26,149.4012,0.0,1.003286,0.064472,0.022054,0.039021,NORMAL
2022-07-26,149.4012,0.0,1.013928,0.0657,0.02034,0.038484,NORMAL
2022-07-27,149.7152,0.0021,1.41325,0.23841,0.031453,0.114236,NORMAL
2022-07-27,149.7152,0.0,1.382197,0.171932,0.036266,0.090532,NORMAL
2022-07-27,149.7152,0.0,1.352479,0.158266,0.037858,0.086021,NORMAL
2022-07-27,149.7152,0.0,1.324012,0.144244,0.038299,0.080677,NORMAL
2022-07-27,149.7152,0.0,1.296719,0.137345,0.038912,0.078286,NORMAL
2022-07-27,149.7152,0.0,1.270528,0.125474,0.037905,0.072932,NORMAL
2022-07-27,149.7152,0.0,1.245374,0.115845,0.034491,0.067032,NORMAL
2022-07-27,149.5774,-0.000921,1.221197,0.121988,0.029878,0.066722,NORMAL
2022-07-27,149.5774,0.0,1.197941,0.087627,0.025583,0.0504,NORMAL
2022-07-27,149.5774,0.0,1.175554,0.095068,0.02378,0.052295,NORMAL
2022-07-28,153.8908,0.028429,1.193381,0.607873,0.046017,0.27076,NORMAL
2022-07-28,153.8908,0.0,1.170854,0.217895,0.049094,0.116614,NORMAL
2022-07-28,153.8908,0.0,1.149162,0.173841,0.041504,0.094439,NORMAL
2022-07-28,154.0326,0.000921,1.128259,0.18727,0.038605,0.098071,NORMAL
2022-07-28,154.0326,0.0,1.108102,0.138413,0.041078,0.080012,NORMAL
2022-07-28,154.0326,0.0,1.088654,0.14016,0.043972,0.082447,NORMAL
2022-07-28,154.0326,0.0,1.069876,0.127242,0.044535,0.077618,NORMAL
2022-07-28,154.0325,-1e-06,1.051735,0.126557,0.043121,0.076496,NORMAL
2022-07-28,154.0325,0.0,1.034198,0.128689,0.041128,0.076152,NORMAL
2022-07-28,154.0326,1e-06,1.017238,0.145379,0.040588,0.082505,NORMAL
2022-07-29,158.2126,0.026775,1.254182,0.664464,0.062037,0.303008,NORMAL
2022-07-29,158.0669,-0.000921,1.236534,0.331438,0.073532,0.176694,NORMAL
2022-07-29,158.067,1e-06,1.219375,0.290039,0.079174,0.16352,NORMAL
2022-07-29,158.067,0.0,1.202687,0.275624,0.081832,0.159349,NORMAL
2022-07-29,158.2126,0.000921,1.186449,0.301118,0.083064,0.170286,NORMAL
2022-07-29,158.2126,0.0,1.170643,0.259811,0.084141,0.154409,NORMAL
2022-07-29,158.2126,0.0,1.155253,0.261235,0.083819,0.154785,NORMAL
2022-07-29,158.2126,0.0,1.140263,0.218231,0.079844,0.135199,NORMAL
2022-07-29,158.2125,-1e-06,1.125656,0.17316,0.071432,0.112123,NORMAL
2022-07-29,158.2126,1e-06,1.111419,0.129702,0.066844,0.091987,NORMAL
2022-08-01,157.8415,-0.002348,0.746154,0.234538,0.074979,0.138803,NORMAL
2022-08-01,157.8414,-1e-06,0.751757,0.181586,0.079147,0.120123,NORMAL
2022-08-01,157.8415,1e-06,0.757444,0.178497,0.08203,0.120617,NORMAL
2022-08-01,157.9869,0.000921,0.763218,0.196542,0.084814,0.129505,NORMAL
2022-08-01,157.9869,0.0,0.76908,0.166146,0.087223,0.118792,NORMAL
2022-08-01,157.9869,0.0,0.775034,0.163305,0.088707,0.118546,NORMAL
2022-08-01,157.9869,0.0,0.78108,0.138192,0.088664,0.108475,NORMAL
2022-08-01,157.9869,0.0,0.787221,0.118663,0.085457,0.098739,NORMAL
2022-08-01,157.9869,0.0,0.79346,0.105871,0.079965,0.090327,NORMAL
2022-08-01,157.9869,0.0,0.799798,0.119148,0.073865,0.091978,NORMAL
2022-08-02,157.094,-0.005668,0.724265,0.277673,0.068626,0.152245,NORMAL
2022-08-02,156.9494,-0.000921,0.743077,0.175617,0.06463,0.109025,NORMAL
2022-08-02,156.9494,0.0,0.762892,0.130193,0.059959,0.088053,NORMAL
2022-08-02,156.9494,0.0,0.783793,0.121976,0.054165,0.08129,NORMAL
2022-08-02,157.094,0.000921,0.805871,0.104447,0.048784,0.07105,NORMAL
2022-08-02,157.094,0.0,0.829229,0.057111,0.045539,0.050168,NORMAL
2022-08-02,157.094,0.0,0.853982,0.044379,0.044573,0.044495,NORMAL
2022-08-02,157.094,0.0,0.880258,0.038663,0.043116,0.041335,NORMAL
2022-08-02,157.094,0.0,0.908202,0.033118,0.037756,0.035901,NORMAL
2022-08-02,157.094,0.0,0.937979,0.032915,0.032255,0.032519,NORMAL
2022-08-03,157.6748,0.00369,1.277164,0.187259,0.03842,0.097955,NORMAL
2022-08-03,157.6748,0.0,1.262818,0.108054,0.040076,0.067267,NORMAL
2022-08-03,157.6748,0.0,1.248791,0.105138,0.039602,0.065817,NORMAL
2022-08-03,157.8201,0.000921,1.235072,0.122544,0.037607,0.071582,NORMAL
2022-08-03,157.82,-1e-06,1.221651,0.087994,0.035426,0.056453,NORMAL
2022-08-03,157.8201,1e-06,1.208518,0.082634,0.034623,0.053827,NORMAL
2022-08-03,157.8201,0.0,1.195665,0.07422,0.034703,0.05051,NORMAL
2022-08-03,157.8201,0.0,1.183082,0.068453,0.034282,0.04795,NORMAL
2022-08-03,157.8201,0.0,1.170762,0.066034,0.031497,0.045312,NORMAL
2022-08-03,157.82,-1e-06,1.158695,0.07272,0.025654,0.04448,NORMAL
2022-08-04,162.7431,0.030718,0.781484,0.634076,0.043831,0.279929,NORMAL
2022-08-04,162.7431,0.0,0.783932,0.277643,0.041919,0.136209,NORMAL
2022-08-04,162.893,0.000921,0.786395,0.285909,0.042594,0.13992,NORMAL
2022-08-04,162.893,0.0,0.788873,0.227188,0.05022,0.121007,NORMAL
2022-08-04,162.7431,-0.000921,0.791368,0.20437,0.058142,0.116633,NORMAL
2022-08-04,162.893,0.000921,0.793878,0.21312,0.062074,0.122493,NORMAL
2022-08-04,162.893,0.0,0.796404,0.163499,0.060498,0.101698,NORMAL
2022-08-04,162.893,0.0,0.798946,0.16563,0.054956,0.099226,NORMAL
2022-08-04,162.893,0.0,0.801505,0.161789,0.048473,0.0938,NORMAL
2022-08-04,162.893,0.0,0.80408,0.175821,0.040924,0.094883,NORMAL
2022-08-05,160.2204,-0.016543,0.837471,0.420358,0.047673,0.196747,NORMAL
2022-08-05,160.2204,0.0,0.853745,0.178407,0.054679,0.10417,NORMAL
2022-08-05,160.368,0.000921,0.870665,0.19352,0.058346,0.112416,NORMAL
2022-08-05,160.368,0.0,0.888268,0.154328,0.061319,0.098523,NORMAL
2022-08-05,160.2204,-0.000921,0.906598,0.17198,0.067314,0.10918,NORMAL
2022-08-05,160.368,0.000921,0.925701,0.157791,0.074077,0.107563,NORMAL
2022-08-05,160.3681,1e-06,0.945626,0.109087,0.078551,0.090766,NORMAL
2022-08-05,160.368,-1e-06,0.966427,0.098537,0.077447,0.085883,NORMAL
2022-08-05,160.368,0.0,0.988164,0.088052,0.07007,0.077263,NORMAL
2022-08-05,160.3681,1e-06,1.010902,0.075428,0.061563,0.067109,NORMAL
2022-08-08,163.3225,0.018255,1.070149,0.300537,0.069227,0.161751,NORMAL
2022-08-08,163.3225,0.0,1.065606,0.04238,0.071064,0.059591,NORMAL
2022-08-08,163.3226,1e-06,1.061102,0.040881,0.067961,0.057129,NORMAL
2022-08-08,163.473,0.00092,1.056635,0.062434,0.061361,0.061791,NORMAL
2022-08-08,163.473,0.0,1.052205,0.041216,0.05421,0.049012,NORMAL
2022-08-08,163.473,0.0,1.047813,0.039401,0.048465,0.04484,NORMAL
2022-08-08,163.473,0.0,1.043457,0.035686,0.044213,0.040802,NORMAL
2022-08-08,163.473,0.0,1.039137,0.036755,0.040704,0.039124,NORMAL
2022-08-08,163.473,0.0,1.034853,0.040139,0.037366,0.038475,NORMAL
2022-08-08,163.473,0.0,1.030604,0.037827,0.030395,0.033368,NORMAL
2022-08-09,161.1639,-0.014226,1.073571,0.317007,0.031631,0.145782,NORMAL
2022-08-09,161.0156,-0.000921,1.067726,0.121153,0.034789,0.069335,NORMAL
2022-08-09,161.0156,0.0,1.061945,0.079314,0.035594,0.053082,NORMAL
2022-08-09,161.0156,0.0,1.056225,0.07754,0.034028,0.051433,NORMAL
2022-08-09,161.1639,0.000921,1.050567,0.096628,0.032189,0.057964,NORMAL
2022-08-09,161.1639,0.0,1.04497,0.067912,0.032316,0.046554,NORMAL
2022-08-09,161.1639,0.0,1.039431,0.063316,0.037395,0.047764,NORMAL
2022-08-09,161.1639,0.0,1.033951,0.054786,0.047262,0.050271,NORMAL
2022-08-09,161.1639,0.0,1.028529,0.057563,0.055426,0.056281,NORMAL
2022-08-09,161.1639,0.0,1.023163,0.052322,0.041537,0.045851,NORMAL
2022-08-10,164.6085,0.021148,1.128127,0.338426,0.054206,0.167894,NORMAL
2022-08-10,164.6085,0.0,1.119226,0.039233,0.050786,0.046165,NORMAL
2022-08-10,164.6085,0.0,1.110464,0.033564,0.042084,0.038676,NORMAL
2022-08-10,164.7602,0.000921,1.101839,0.06182,0.034889,0.045661,NORMAL
2022-08-10,164.7602,0.0,1.093346,0.045534,0.032017,0.037424,NORMAL
2022-08-10,164.7602,0.0,1.084983,0.053717,0.03212,0.040759,NORMAL
2022-08-10,164.7602,0.0,1.076747,0.055306,0.033333,0.042122,NORMAL
2022-08-10,164.7602,0.0,1.068636,0.057375,0.031793,0.042026,NORMAL
2022-08-10,164.7602,0.0,1.060645,0.056166,0.026558,0.038401,NORMAL
2022-08-10,164.7602,0.0,1.052773,0.061384,0.021248,0.037302,NORMAL
2022-08-11,167.0987,0.014094,0.861281,0.362192,0.026128,0.160554,NORMAL
2022-08-11,166.945,-0.00092,0.865184,0.134631,0.028594,0.071009,NORMAL
2022-08-11,166.9449,-1e-06,0.869123,0.08657,0.029933,0.052588,NORMAL
2022-08-11,166.945,1e-06,0.873097,0.078643,0.030499,0.049756,NORMAL
2022-08-11,167.0987,0.00092,0.877108,0.097205,0.031038,0.057505,NORMAL
2022-08-11,167.0987,0.0,0.881156,0.064356,0.031923,0.044896,NORMAL
2022-08-11,167.0988,1e-06,0.885241,0.060514,0.033487,0.044298,NORMAL
2022-08-11,167.0987,-1e-06,0.889364,0.050812,0.03496,0.041301,NORMAL
2022-08-11,167.0988,1e-06,0.893526,0.035773,0.034075,0.034754,NORMAL
2022-08-11,167.0988,0.0,0.897728,0.023758,0.024875,0.024428,NORMAL
2022-08-12,166.8629,-0.001413,1.070588,0.077872,0.02837,0.048171,NORMAL
2022-08-12,166.7093,-0.000921,1.072386,0.058308,0.030397,0.041561,NORMAL
2022-08-12,166.7093,0.0,1.07419,0.040066,0.030605,0.034389,NORMAL
2022-08-12,166.7093,0.0,1.076,0.04453,0.030045,0.035839,NORMAL
2022-08-12,166.8629,0.000921,1.077816,0.059203,0.029872,0.041604,NORMAL
2022-08-12,166.8629,0.0,1.079639,0.039515,0.030828,0.034303,NORMAL
2022-08-12,166.8629,0.0,1.081467,0.036372,0.032121,0.033822,NORMAL
2022-08-12,166.8629,0.0,1.083302,0.037236,0.031527,0.03381,NORMAL
2022-08-12,166.8629,0.0,1.085143,0.029535,0.026835,0.027915,NORMAL
2022-08-12,166.8629,0.0,1.08699,0.060353,0.021882,0.037271,NORMAL
2022-08-15,168.3782,0.00904,0.866279,0.276315,0.027001,0.126727,NORMAL
2022-08-15,168.3782,0.0,0.868405,0.077888,0.027251,0.047506,NORMAL
2022-08-15,168.3782,0.0,0.870542,0.059031,0.02639,0.039446,NORMAL
2022-08-15,168.5333,0.000921,0.872689,0.070822,0.025535,0.04365,NORMAL
2022-08-15,168.5333,0.0,0.874847,0.038104,0.025345,0.030449,NORMAL
2022-08-15,168.5333,0.0,0.877015,0.031008,0.025531,0.027722,NORMAL
2022-08-15,168.5333,0.0,0.879194,0.029961,0.025513,0.027292,NORMAL
2022-08-15,168.5333,0.0,0.881384,0.024139,0.024232,0.024194,NORMAL
2022-08-15,168.5334,1e-06,0.883585,0.023813,0.020228,0.021662,NORMAL
2022-08-15,168.5333,-1e-06,0.885797,0.023331,0.012814,0.017021,NORMAL
2022-08-16,169.7714,0.007319,0.932124,0.209414,0.012404,0.091208,NORMAL
2022-08-16,169.6151,-0.000921,0.941198,0.053955,0.011677,0.028588,NORMAL
2022-08-16,169.6151,0.0,0.95045,0.010046,0.010981,0.010607,NORMAL
2022-08-16,169.6151,0.0,0.959886,0.016109,0.010476,0.01273,NORMAL
2022-08-16,169.7714,0.000921,0.969512,0.039203,0.010158,0.021776,NORMAL
2022-08-16,169.7714,0.0,0.979333,0.014693,0.010211,0.012004,NORMAL
2022-08-16,169.7714,0.0,0.989354,0.008358,0.010874,0.009867,NORMAL
2022-08-16,169.7714,0.0,0.999583,0.002954,0.011926,0.008338,NORMAL
2022-08-16,169.7714,0.0,1.010025,0.005933,0.012147,0.009661,NORMAL
2022-08-16,169.7714,0.0,1.020688,0.013536,0.00974,0.011258,NORMAL
2022-08-17,169.6053,-0.000979,1.407651,0.147393,0.017013,0.069165,NORMAL
2022-08-17,169.6053,0.0,1.376649,0.103481,0.019264,0.052951,NORMAL
2022-08-17,169.6053,0.0,1.346984,0.096635,0.021162,0.051351,NORMAL
2022-08-17,169.7616,0.000921,1.31857,0.106178,0.023747,0.056719,NORMAL
2022-08-17,169.7616,0.0,1.29133,0.078674,0.02647,0.047352,NORMAL
2022-08-17,169.7616,0.0,1.265192,0.072371,0.029091,0.046403,NORMAL
2022-08-17,169.7616,0.0,1.240092,0.065848,0.031116,0.045009,NORMAL
2022-08-17,169.7616,0.0,1.215969,0.059375,0.031646,0.042738,NORMAL
2022-08-17,169.7615,-1e-06,1.192766,0.063636,0.029789,0.043328,NORMAL
2022-08-17,169.7616,1e-06,1.170432,0.080801,0.024604,0.047083,NORMAL
2022-08-18,170.5674,0.004735,0.912606,0.189252,0.027218,0.092032,NORMAL
2022-08-18,170.5673,-1e-06,0.90867,0.077701,0.027747,0.047729,NORMAL
2022-08-18,170.7245,0.000921,0.904768,0.096822,0.027022,0.054942,NORMAL
2022-08-18,170.7245,0.0,0.900899,0.065254,0.025541,0.041426,NORMAL
2022-08-18,170.5674,-0.000921,0.897063,0.061807,0.023889,0.039057,NORMAL
2022-08-18,170.7245,0.000921,0.89326,0.043378,0.021819,0.030443,NORMAL
2022-08-18,170.7245,0.0,0.889489,0.022542,0.019679,0.020824,NORMAL
2022-08-18,170.7245,0.0,0.885749,0.019403,0.017493,0.018257,NORMAL
2022-08-18,170.7245,0.0,0.882041,0.016614,0.01518,0.015754,NORMAL
2022-08-18,170.7245,0.0,0.878364,0.019069,0.013227,0.015563,NORMAL
2022-08-19,169.8605,-0.005074,0.998439,0.126041,0.018124,0.061291,NORMAL
2022-08-19,169.8605,0.0,1.004998,0.018246,0.021693,0.020314,NORMAL
2022-08-19,170.017,0.000921,1.011643,0.041925,0.022978,0.030557,NORMAL
2022-08-19,170.0171,1e-06,1.018376,0.021579,0.023605,0.022794,NORMAL
2022-08-19,169.8605,-0.000922,1.0252,0.045417,0.024126,0.032643,NORMAL
2022-08-19,170.0171,0.000922,1.032116,0.048696,0.024895,0.034415,NORMAL
2022-08-19,170.017,-1e-06,1.039126,0.020119,0.026006,0.023651,NORMAL
2022-08-19,170.017,0.0,1.046232,0.021106,0.025631,0.023821,NORMAL
2022-08-19,170.017,0.0,1.053435,0.020278,0.021298,0.02089,NORMAL
2022-08-19,170.017,0.0,1.060739,0.02698,0.017761,0.021449,NORMAL
2022-08-22,166.5817,-0.020413,1.035583,0.483696,0.030952,0.212049,NORMAL
2022-08-22,166.5817,0.0,1.030376,0.227838,0.033429,0.111193,NORMAL
2022-08-22,166.5817,0.0,1.025221,0.204392,0.029812,0.099644,NORMAL
2022-08-22,166.7352,0.000921,1.020117,0.152529,0.027021,0.077224,NORMAL
2022-08-22,166.7352,0.0,1.015065,0.11247,0.026493,0.060884,NORMAL
2022-08-22,166.7352,0.0,1.010061,0.09904,0.027428,0.056073,NORMAL
2022-08-22,166.7352,0.0,1.005107,0.095227,0.028459,0.055166,NORMAL
2022-08-22,166.7352,0.0,1.000202,0.098759,0.028221,0.056436,NORMAL
2022-08-22,166.7352,0.0,0.995344,0.100551,0.025972,0.055803,NORMAL
2022-08-22,166.7352,0.0,0.990533,0.09025,0.021604,0.049062,NORMAL
2022-08-23,164.0195,-0.016422,0.786147,0.499964,0.028792,0.217261,NORMAL
2022-08-23,164.0195,0.0,0.795501,0.252192,0.033825,0.121172,NORMAL
2022-08-23,164.0195,0.0,0.805081,0.246926,0.036839,0.120874,NORMAL
2022-08-23,164.1707,0.000921,0.814895,0.197787,0.037469,0.101597,NORMAL
2022-08-23,164.1706,-1e-06,0.824951,0.17,0.038191,0.090915,NORMAL
2022-08-23,164.1706,0.0,0.835258,0.164369,0.037831,0.088446,NORMAL
2022-08-23,164.1706,0.0,0.845826,0.132761,0.037053,0.075336,NORMAL
2022-08-23,164.1707,1e-06,0.856665,0.119276,0.036126,0.069386,NORMAL
2022-08-23,164.1707,0.0,0.867785,0.110552,0.035093,0.065277,NORMAL
2022-08-23,164.1706,-1e-06,0.879198,0.08441,0.034112,0.054231,NORMAL
2022-08-24,164.2551,0.000515,0.885148,0.065577,0.033567,0.046371,NORMAL
2022-08-24,164.2552,1e-06,0.896336,0.054995,0.033337,0.042,NORMAL
2022-08-24,164.2552,0.0,0.907811,0.054944,0.034672,0.042781,NORMAL
2022-08-24,164.4065,0.000921,0.919583,0.077464,0.037426,0.053441,NORMAL
2022-08-24,164.4065,0.0,0.931665,0.046563,0.039655,0.042418,NORMAL
2022-08-24,164.4065,0.0,0.944068,0.039427,0.041242,0.040516,NORMAL
2022-08-24,164.4065,0.0,0.956806,0.03245,0.040599,0.037339,NORMAL
2022-08-24,164.4065,0.0,0.969893,0.031425,0.03705,0.0348,NORMAL
2022-08-24,164.4065,0.0,0.983342,0.019793,0.030895,0.026454,NORMAL
2022-08-24,164.4065,0.0,0.99717,0.046752,0.024862,0.033618,NORMAL
2022-08-25,165.6884,0.007767,0.951165,0.233138,0.025709,0.108681,NORMAL
2022-08-25,165.6884,0.0,0.953759,0.052528,0.02532,0.036203,NORMAL
2022-08-25,165.841,0.000921,0.956367,0.072498,0.024174,0.043504,NORMAL
2022-08-25,165.841,0.0,0.958989,0.033577,0.023415,0.027479,NORMAL
2022-08-25,165.6884,-0.000921,0.961626,0.063367,0.022958,0.039122,NORMAL
2022-08-25,165.8411,0.000921,0.964277,0.048102,0.022565,0.03278,NORMAL
2022-08-25,165.8411,0.0,0.966943,0.020682,0.022196,0.02159,NORMAL
2022-08-25,165.841,-1e-06,0.969624,0.019099,0.020451,0.01991,NORMAL
2022-08-25,165.8411,1e-06,0.97232,0.019781,0.015941,0.017477,NORMAL
2022-08-25,165.8411,0.0,0.97503,0.016828,0.011607,0.013695,NORMAL
2022-08-26,167.4456,0.009628,1.468063,0.404806,0.033978,0.18231,NORMAL
2022-08-26,167.4456,0.0,1.434564,0.183605,0.044707,0.100266,NORMAL
2022-08-26,167.5999,0.000921,1.40256,0.193682,0.045309,0.104659,NORMAL
2022-08-26,167.5999,0.0,1.371952,0.13889,0.040361,0.079772,NORMAL
2022-08-26,167.4456,-0.000921,1.342652,0.140987,0.03575,0.077845,NORMAL
2022-08-26,167.5999,0.000921,1.314577,0.117141,0.03341,0.066903,NORMAL
2022-08-26,167.5999,0.0,1.287652,0.089009,0.031741,0.054648,NORMAL
2022-08-26,167.5999,0.0,1.261808,0.067766,0.02972,0.044938,NORMAL
2022-08-26,167.5999,0.0,1.236981,0.061771,0.027897,0.041446,NORMAL
2022-08-26,167.5999,0.0,1.213112,0.037309,0.026974,0.031108,NORMAL
2022-08-29,158.1981,-0.057732,1.107556,0.721233,0.121836,0.361595,NORMAL
2022-08-29,158.1982,1e-06,1.089374,0.4601,0.106318,0.247831,NORMAL
2022-08-29,158.1982,0.0,1.07178,0.402355,0.065776,0.200407,NORMAL
2022-08-29,158.3439,0.000921,1.054745,0.383929,0.056248,0.187321,NORMAL
2022-08-29,158.3439,0.0,1.038243,0.341672,0.054923,0.169622,NORMAL
2022-08-29,158.3439,0.0,1.022249,0.343808,0.054539,0.170246,NORMAL
2022-08-29,158.3439,0.0,1.006741,0.367229,0.055116,0.179961,NORMAL
2022-08-29,158.3439,0.0,0.991696,0.386912,0.056859,0.18888,NORMAL
2022-08-29,158.3439,0.0,0.977094,0.409651,0.058709,0.199086,NORMAL
2022-08-29,158.3439,0.0,0.962916,0.406457,0.056425,0.196438,NORMAL
2022-08-30,159.3068,0.006063,1.02394,0.495348,0.05948,0.233827,NORMAL
2022-08-30,159.1602,-0.000921,1.02465,0.438552,0.060843,0.211927,NORMAL
2022-08-30,159.1602,0.0,1.025361,0.388961,0.060302,0.191766,NORMAL
2022-08-30,159.1602,0.0,1.026073,0.363817,0.058998,0.180926,NORMAL
2022-08-30,159.3068,0.000921,1.026787,0.360818,0.058824,0.179621,NORMAL
2022-08-30,159.3068,0.0,1.027501,0.308905,0.059604,0.159324,NORMAL
2022-08-30,159.3068,0.0,1.028216,0.261687,0.061455,0.141548,NORMAL
2022-08-30,159.3068,0.0,1.028932,0.214971,0.062135,0.123269,NORMAL
2022-08-30,159.3068,0.0,1.029649,0.141073,0.058031,0.091248,NORMAL
2022-08-30,159.3068,0.0,1.030368,0.043128,0.059289,0.052825,NORMAL
2022-08-31,157.3735,-0.01221,1.152561,0.335002,0.070068,0.176042,NORMAL
2022-08-31,157.3735,0.0,1.141588,0.120357,0.07723,0.094481,NORMAL
2022-08-31,157.3736,1e-06,1.130821,0.100022,0.078591,0.087163,NORMAL
2022-08-31,157.5185,0.00092,1.120256,0.106208,0.075765,0.087942,NORMAL
2022-08-31,157.5185,0.0,1.109886,0.069685,0.073438,0.071937,NORMAL
2022-08-31,157.5186,1e-06,1.099707,0.065914,0.073197,0.070284,NORMAL
2022-08-31,157.5185,-1e-06,1.089712,0.067813,0.081069,0.075767,NORMAL
2022-08-31,157.5185,0.0,1.079898,0.05906,0.095517,0.080934,NORMAL
2022-08-31,157.5185,0.0,1.070259,0.057243,0.104808,0.085782,NORMAL
2022-08-31,157.5185,0.0,1.06079,0.054077,0.067855,0.062344,NORMAL
2022-09-01,153.7707,-0.02408,0.896877,0.586553,0.062054,0.271853,NORMAL
2022-09-01,153.7708,1e-06,0.898874,0.28386,0.060212,0.149671,NORMAL
2022-09-01,153.9124,0.00092,0.900879,0.229292,0.057847,0.126425,NORMAL
2022-09-01,153.9124,0.0,0.902893,0.182598,0.056878,0.107166,NORMAL
2022-09-01,153.7708,-0.00092,0.904916,0.224369,0.056062,0.123385,NORMAL
2022-09-01,153.9125,0.000921,0.906949,0.183686,0.055659,0.10687,NORMAL
2022-09-01,153.9124,-1e-06,0.90899,0.14727,0.055335,0.092109,NORMAL
2022-09-01,153.9124,0.0,0.911041,0.134529,0.057209,0.088137,NORMAL
2022-09-01,153.9125,1e-06,0.913101,0.121238,0.057116,0.082765,NORMAL
2022-09-01,153.9124,-1e-06,0.91517,0.113989,0.057658,0.08019,NORMAL
2022-09-02,156.8238,0.018739,0.955299,0.36344,0.072026,0.188592,NORMAL
2022-09-02,156.8238,0.0,0.961886,0.090126,0.072352,0.079462,NORMAL
2022-09-02,156.9683,0.000921,0.968565,0.120475,0.058969,0.083572,NORMAL
2022-09-02,156.9683,0.0,0.975337,0.091958,0.055543,0.070109,NORMAL
2022-09-02,156.8238,-0.000921,0.982204,0.117449,0.058471,0.082063,NORMAL
2022-09-02,156.9683,0.000921,0.989168,0.109506,0.057541,0.078327,NORMAL
2022-09-02,156.9683,0.0,0.996232,0.074989,0.047455,0.058469,NORMAL
2022-09-02,156.9683,0.0,1.003398,0.074705,0.03402,0.050294,NORMAL
2022-09-02,156.9683,0.0,1.010668,0.074761,0.026907,0.046049,NORMAL
2022-09-02,156.9683,0.0,1.018043,0.073645,0.023127,0.043334,NORMAL
2022-09-06,153.6039,-0.021667,0.975475,0.38121,0.044612,0.179252,NORMAL
2022-09-06,153.7454,0.000921,0.975808,0.121632,0.050932,0.079212,NORMAL
2022-09-06,153.7454,0.0,0.976141,0.09342,0.049103,0.06683,NORMAL
2022-09-06,153.7454,0.0,0.976474,0.09464,0.04234,0.06326,NORMAL
2022-09-06,153.7454,0.0,0.976807,0.094379,0.03426,0.058308,NORMAL
2022-09-06,153.7454,0.0,0.97714,0.095152,0.030278,0.056228,NORMAL
2022-09-06,153.7454,0.0,0.977474,0.094807,0.030969,0.056504,NORMAL
2022-09-06,153.7454,0.0,0.977808,0.097343,0.031329,0.057735,NORMAL
2022-09-06,153.6039,-0.000921,0.978142,0.138326,0.026076,0.070976,NORMAL
2022-09-06,153.6039,0.0,0.978477,0.096976,0.019896,0.050728,NORMAL
2022-09-07,151.9841,-0.010601,1.152763,0.39027,0.022919,0.169859,NORMAL
2022-09-07,152.1241,0.000921,1.144846,0.189856,0.025421,0.091195,NORMAL
2022-09-07,151.9841,-0.000921,1.137037,0.192057,0.028444,0.093889,NORMAL
2022-09-07,151.9841,0.0,1.129334,0.150355,0.031031,0.07876,NORMAL
2022-09-07,152.1241,0.000921,1.121735,0.17868,0.033162,0.091369,NORMAL
2022-09-07,152.1241,0.0,1.114237,0.130979,0.037013,0.074599,NORMAL
2022-09-07,152.1241,0.0,1.106839,0.119624,0.041361,0.072666,NORMAL
2022-09-07,152.1241,0.0,1.099538,0.105396,0.043187,0.06807,NORMAL
2022-09-07,152.1241,0.0,1.092333,0.081707,0.037707,0.055307,NORMAL
2022-09-07,152.1241,0.0,1.085222,0.065899,0.025906,0.041903,NORMAL
2022-09-08,151.8074,-0.002084,1.046599,0.132343,0.026449,0.068807,NORMAL
2022-09-08,151.8074,0.0,1.03942,0.063865,0.025883,0.041076,NORMAL
2022-09-08,151.8074,0.0,1.032338,0.06407,0.024973,0.040612,NORMAL
2022-09-08,151.9473,0.000921,1.025353,0.083764,0.02381,0.047792,NORMAL
2022-09-08,151.9473,0.0,1.018461,0.046235,0.022877,0.03222,NORMAL
2022-09-08,151.9473,0.0,1.011661,0.043746,0.023061,0.031335,NORMAL
2022-09-08,151.9472,-1e-06,1.004952,0.040805,0.023928,0.030679,NORMAL
2022-09-08,151.9472,0.0,0.998331,0.044609,0.024496,0.032542,NORMAL
2022-09-08,151.9473,1e-06,0.991796,0.050882,0.022895,0.03409,NORMAL
2022-09-08,151.9473,0.0,0.985347,0.074747,0.015272,0.039062,NORMAL
2022-09-09,152.6222,0.004432,0.798313,0.238824,0.019521,0.107242,NORMAL
2022-09-09,152.6222,0.0,0.807515,0.136932,0.021895,0.06791,NORMAL
2022-09-09,152.7628,0.000921,0.816931,0.158262,0.022897,0.077043,NORMAL
2022-09-09,152.7628,0.0,0.82657,0.111767,0.023152,0.058598,NORMAL
2022-09-09,152.6222,-0.000921,0.836439,0.10039,0.022985,0.053947,NORMAL
2022-09-09,152.7628,0.000921,0.846546,0.105498,0.022067,0.055439,NORMAL
2022-09-09,152.7628,0.0,0.8569,0.0749,0.020367,0.04218,NORMAL
2022-09-09,152.7628,0.0,0.867511,0.072774,0.017433,0.039569,NORMAL
2022-09-09,152.7628,0.0,0.878388,0.068209,0.014455,0.035956,NORMAL
2022-09-09,152.7628,0.0,0.889541,0.062515,0.010714,0.031434,NORMAL
2022-09-12,156.6667,0.025234,1.354657,0.658678,0.044839,0.290375,NORMAL
2022-09-12,156.6667,0.0,1.337368,0.302378,0.060462,0.157228,NORMAL
2022-09-12,156.8111,0.000921,1.320515,0.277443,0.060452,0.147248,NORMAL
2022-09-12,156.8111,0.0,1.304081,0.215243,0.055848,0.119606,NORMAL
2022-09-12,156.6667,-0.000921,1.288051,0.21158,0.055375,0.117857,NORMAL
2022-09-12,156.8111,0.000921,1.27241,0.18007,0.055676,0.105434,NORMAL
2022-09-12,156.8111,0.0,1.257145,0.142343,0.053681,0.089146,NORMAL
2022-09-12,156.8111,0.0,1.242242,0.149313,0.050751,0.090176,NORMAL
2022-09-12,156.8111,0.0,1.227688,0.146652,0.048906,0.088004,NORMAL
2022-09-12,156.8111,0.0,1.213471,0.133232,0.048143,0.082178,NORMAL
2022-09-13,156.971,0.001019,1.374707,0.234481,0.053792,0.126068,NORMAL
2022-09-13,156.9711,1e-06,1.333874,0.200321,0.0597,0.115948,NORMAL
2022-09-13,156.9711,0.0,1.295396,0.190257,0.066199,0.115822,NORMAL
2022-09-13,157.1157,0.000921,1.259076,0.195478,0.074447,0.122859,NORMAL
2022-09-13,157.1157,0.0,1.224737,0.139645,0.080677,0.104264,NORMAL
2022-09-13,157.1157,0.0,1.192221,0.124802,0.083205,0.099844,NORMAL
2022-09-13,157.1157,0.0,1.161387,0.105617,0.081741,0.091291,NORMAL
2022-09-13,157.1157,0.0,1.132108,0.08946,0.077147,0.082072,NORMAL
2022-09-13,157.1157,0.0,1.104269,0.060221,0.070959,0.066664,NORMAL
2022-09-13,157.1157,0.0,1.077766,0.081687,0.066852,0.072786,NORMAL
2022-09-14,151.9546,-0.033401,0.778753,0.608434,0.107257,0.307728,NORMAL
2022-09-14,151.9547,1e-06,0.784654,0.3247,0.128092,0.206735,NORMAL
2022-09-14,151.9547,0.0,0.790645,0.279116,0.132007,0.19085,NORMAL
2022-09-14,152.0946,0.00092,0.796729,0.248154,0.12582,0.174753,NORMAL
2022-09-14,152.0946,0.0,0.802907,0.222386,0.11716,0.15925,NORMAL
2022-09-14,152.0947,1e-06,0.809181,0.209564,0.108733,0.149066,NORMAL
2022-09-14,152.0947,0.0,0.815555,0.208906,0.099911,0.143509,NORMAL
2022-09-14,152.0946,-1e-06,0.822029,0.207611,0.088223,0.135978,NORMAL
2022-09-14,152.0946,0.0,0.828607,0.204514,0.071346,0.124614,NORMAL
2022-09-14,152.0946,0.0,0.835292,0.212409,0.055217,0.118094,NORMAL
2022-09-15,151.9571,-0.000904,0.872509,0.249677,0.045863,0.127388,NORMAL
2022-09-15,151.9571,0.0,0.886258,0.211579,0.039549,0.108361,NORMAL
2022-09-15,151.9571,0.0,0.900447,0.208819,0.034801,0.104408,NORMAL
2022-09-15,151.9571,0.0,0.915098,0.194156,0.03082,0.096155,NORMAL
2022-09-15,151.9571,0.0,0.930233,0.173982,0.027963,0.086371,NORMAL
2022-09-15,151.957,-1e-06,0.945878,0.16091,0.026767,0.080424,NORMAL
2022-09-15,151.9571,1e-06,0.962058,0.156447,0.028284,0.079549,NORMAL
2022-09-15,151.8172,-0.000921,0.9788,0.174125,0.032452,0.089121,NORMAL
2022-09-15,151.8172,0.0,0.996137,0.115229,0.037252,0.068443,NORMAL
2022-09-15,151.8172,0.0,1.014098,0.140717,0.048116,0.085156,NORMAL
2022-09-16,148.4402,-0.022495,1.74608,0.786797,0.122075,0.387964,NORMAL
2022-09-16,148.4402,0.0,1.678956,0.545472,0.149515,0.307898,NORMAL
2022-09-16,148.577,0.000921,1.616802,0.49386,0.13113,0.276222,NORMAL
2022-09-16,148.577,0.0,1.559085,0.385394,0.102804,0.21584,NORMAL
2022-09-16,148.4402,-0.000921,1.505347,0.394673,0.088001,0.21067,NORMAL
2022-09-16,148.577,0.000921,1.45519,0.319348,0.088599,0.180899,NORMAL
2022-09-16,148.577,0.0,1.408267,0.258862,0.102556,0.165078,NORMAL
2022-09-16,148.577,0.0,1.364277,0.235496,0.114989,0.163192,NORMAL
2022-09-16,148.577,0.0,1.322951,0.221276,0.105013,0.151518,NORMAL
2022-09-16,148.577,0.0,1.284055,0.203428,0.074175,0.125877,NORMAL
2022-09-19,146.575,-0.013566,0.646982,0.531322,0.075915,0.258078,NORMAL
2022-09-19,146.575,0.0,0.649304,0.343327,0.071021,0.179943,NORMAL
2022-09-19,146.7101,0.000921,0.651643,0.329806,0.063885,0.170253,NORMAL
2022-09-19,146.7101,0.0,0.653999,0.29332,0.059823,0.153222,NORMAL
2022-09-19,146.575,-0.000921,0.656371,0.325246,0.05931,0.165684,NORMAL
2022-09-19,146.7101,0.000921,0.658761,0.288267,0.062098,0.152566,NORMAL
2022-09-19,146.7101,0.0,0.661169,0.242346,0.067657,0.137533,NORMAL
2022-09-19,146.7101,0.0,0.663594,0.233416,0.075026,0.138382,NORMAL
2022-09-19,146.7101,0.0,0.666037,0.226016,0.083236,0.140348,NORMAL
2022-09-19,146.71,-1e-06,0.668498,0.197499,0.091208,0.133725,NORMAL
2022-09-20,150.5901,0.026104,0.903839,0.480295,0.108968,0.257499,NORMAL
2022-09-20,150.7289,0.000921,0.92503,0.148409,0.118767,0.130624,NORMAL
2022-09-20,150.7289,0.0,0.947239,0.092237,0.124444,0.111561,NORMAL
2022-09-20,150.7289,0.0,0.970539,0.088947,0.125643,0.110965,NORMAL
2022-09-20,150.7288,-1e-06,0.995016,0.09801,0.123364,0.113222,NORMAL
2022-09-20,150.7288,0.0,1.020758,0.110245,0.12151,0.117004,NORMAL
2022-09-20,150.7288,0.0,1.047868,0.100326,0.123522,0.114244,NORMAL
2022-09-20,150.7288,0.0,1.076458,0.117281,0.122519,0.120424,NORMAL
2022-09-20,150.5901,-0.000921,1.106651,0.17171,0.106805,0.132767,NORMAL
2022-09-20,150.5901,0.0,1.138587,0.164587,0.079838,0.113738,NORMAL
2022-09-21,154.4579,0.02536,1.063851,0.599215,0.078577,0.286832,NORMAL
2022-09-21,154.6002,0.000921,1.052715,0.299155,0.084385,0.170293,NORMAL
2022-09-21,154.4579,-0.000921,1.041811,0.28229,0.093954,0.169288,NORMAL
2022-09-21,154.4579,0.0,1.03113,0.233377,0.104227,0.155887,NORMAL
2022-09-21,154.6002,0.000921,1.020666,0.267731,0.113428,0.175149,NORMAL
2022-09-21,154.6002,0.0,1.010413,0.223914,0.121697,0.162584,NORMAL
2022-09-21,154.6002,0.0,1.000363,0.207262,0.127828,0.159602,NORMAL
2022-09-21,154.6002,0.0,0.990511,0.169909,0.123204,0.141886,NORMAL
2022-09-21,154.6003,1e-06,0.980851,0.131813,0.098594,0.111881,NORMAL
2022-09-21,154.6003,0.0,0.971378,0.094352,0.073389,0.081774,NORMAL
2022-09-22,149.5888,-0.032953,0.83608,0.501812,0.100059,0.26076,NORMAL
2022-09-22,149.5888,0.0,0.844652,0.184128,0.112333,0.141051,NORMAL
2022-09-22,149.5888,0.0,0.853402,0.179945,0.116668,0.141979,NORMAL
2022-09-22,149.7266,0.000921,0.862335,0.219563,0.116697,0.157843,NORMAL
2022-09-22,149.7266,0.0,0.871458,0.196711,0.11375,0.146934,NORMAL
2022-09-22,149.7266,0.0,0.880775,0.19584,0.110593,0.144692,NORMAL
2022-09-22,149.7266,0.0,0.890294,0.19633,0.105234,0.141672,NORMAL
2022-09-22,149.7266,0.0,0.90002,0.19683,0.09665,0.136722,NORMAL
2022-09-22,149.7266,0.0,0.909962,0.199276,0.083908,0.130055,NORMAL
2022-09-22,149.7266,0.0,0.920126,0.210153,0.067758,0.124716,NORMAL
2022-09-23,148.5573,-0.00784,1.022777,0.386378,0.063452,0.192623,NORMAL
2022-09-23,148.4206,-0.000921,1.025873,0.259887,0.058242,0.1389,NORMAL
2022-09-23,148.4206,0.0,1.028988,0.209975,0.052908,0.115735,NORMAL
2022-09-23,148.4206,0.0,1.032122,0.196284,0.04799,0.107308,NORMAL
2022-09-23,148.5574,0.000921,1.035274,0.24461,0.043419,0.123896,NORMAL
2022-09-23,148.5574,0.0,1.038446,0.192774,0.039725,0.100944,NORMAL
2022-09-23,148.5573,-1e-06,1.041638,0.15809,0.036593,0.085192,NORMAL
2022-09-23,148.5573,0.0,1.044849,0.130595,0.032995,0.072035,NORMAL
2022-09-23,148.5573,0.0,1.048081,0.104703,0.030214,0.06001,NORMAL
2022-09-23,148.5574,1e-06,1.051332,0.073552,0.029003,0.046823,NORMAL
2022-09-26,147.054,-0.010172,1.018149,0.354779,0.029992,0.159907,NORMAL
2022-09-26,146.9186,-0.000921,1.01445,0.22176,0.031128,0.107381,NORMAL
2022-09-26,146.9186,0.0,1.010777,0.153851,0.032229,0.080878,NORMAL
2022-09-26,146.9186,0.0,1.00713,0.155669,0.033141,0.082152,NORMAL
2022-09-26,147.054,0.000921,1.00351,0.124805,0.034162,0.070419,NORMAL
2022-09-26,147.054,0.0,0.999916,0.086464,0.036312,0.056372,NORMAL
2022-09-26,147.054,0.0,0.996347,0.080822,0.039985,0.05632,NORMAL
2022-09-26,147.054,0.0,0.992804,0.081759,0.042996,0.058501,NORMAL
2022-09-26,147.054,0.0,0.989286,0.08027,0.041211,0.056835,NORMAL
2022-09-26,147.054,0.0,0.985792,0.079464,0.024553,0.046517,NORMAL
2022-09-27,149.9422,0.01945,0.897322,0.378659,0.040806,0.175947,NORMAL
2022-09-27,149.9422,0.0,0.90288,0.088598,0.045199,0.062559,NORMAL
2022-09-27,149.9422,0.0,0.908508,0.077859,0.042513,0.056652,NORMAL
2022-09-27,150.0803,0.000921,0.914206,0.097929,0.040071,0.063214,NORMAL
2022-09-27,150.0803,0.0,0.919977,0.065034,0.037087,0.048266,NORMAL
2022-09-27,150.0803,0.0,0.925821,0.065761,0.034555,0.047037,NORMAL
2022-09-27,150.0804,1e-06,0.931739,0.067808,0.033842,0.047429,NORMAL
2022-09-27,150.0803,-1e-06,0.937734,0.0742,0.035296,0.050857,NORMAL
2022-09-27,150.0803,0.0,0.943806,0.072761,0.039763,0.052962,NORMAL
2022-09-27,150.0804,1e-06,0.949957,0.073875,0.045665,0.056949,NORMAL
2022-09-28,145.0691,-0.033961,1.602158,0.6971,0.157015,0.373049,NORMAL
2022-09-28,144.9356,-0.000921,1.5568,0.424875,0.197928,0.288707,NORMAL
2022-09-28,144.9356,0.0,1.513939,0.357069,0.152704,0.23445,NORMAL
2022-09-28,144.9356,0.0,1.473375,0.330435,0.13225,0.211524,NORMAL
2022-09-28,145.0692,0.000921,1.434929,0.368123,0.111959,0.214425,NORMAL
2022-09-28,145.0692,0.0,1.398437,0.32296,0.099811,0.189071,NORMAL
2022-09-28,145.0691,-1e-06,1.363756,0.313763,0.093584,0.181655,NORMAL
2022-09-28,145.0691,0.0,1.330753,0.309004,0.08349,0.173696,NORMAL
2022-09-28,145.0691,0.0,1.29931,0.286737,0.074107,0.159159,NORMAL
2022-09-28,145.0691,0.0,1.269319,0.298631,0.068672,0.160655,NORMAL
2022-09-29,143.556,-0.010485,1.088206,0.461787,0.065929,0.224272,NORMAL
2022-09-29,143.556,0.0,1.068383,0.260441,0.067272,0.14454,NORMAL
2022-09-29,143.556,0.0,1.049269,0.244266,0.069984,0.139697,NORMAL
2022-09-29,143.556,0.0,1.030828,0.253375,0.072608,0.144915,NORMAL
2022-09-29,143.556,0.0,1.013023,0.259374,0.075035,0.148771,NORMAL
2022-09-29,143.556,0.0,0.995823,0.242983,0.074808,0.142078,NORMAL
2022-09-29,143.4238,-0.000921,0.979197,0.259215,0.071468,0.146567,NORMAL
2022-09-29,143.4238,0.0,0.963117,0.180629,0.065268,0.111412,NORMAL
2022-09-29,143.4238,0.0,0.947557,0.151395,0.056272,0.094321,NORMAL
2022-09-29,143.556,0.000921,0.932492,0.122021,0.046454,0.07668,NORMAL
2022-09-30,138.6921,-0.034469,0.916368,0.707899,0.077377,0.329586,NORMAL
2022-09-30,138.8199,0.000921,0.923743,0.438884,0.094633,0.232333,NORMAL
2022-09-30,138.6921,-0.000921,0.931237,0.397544,0.101949,0.220187,NORMAL
2022-09-30,138.6921,0.0,0.938853,0.333325,0.103542,0.195455,NORMAL
2022-09-30,138.8199,0.000921,0.946595,0.328801,0.103664,0.193719,NORMAL
2022-09-30,138.8199,0.0,0.954466,0.282684,0.106031,0.176692,NORMAL
2022-09-30,138.8199,0.0,0.962469,0.277721,0.110933,0.177648,NORMAL
2022-09-30,138.8199,0.0,0.970608,0.277763,0.114999,0.180105,NORMAL
2022-09-30,138.8199,0.0,0.978885,0.277245,0.106108,0.174563,NORMAL
2022-09-30,138.8199,0.0,0.987304,0.276624,0.074066,0.15509,NORMAL
2022-10-03,135.6783,-0.022891,0.908386,0.648223,0.074629,0.304066,NORMAL
2022-10-03,135.6783,0.0,0.913404,0.399405,0.075086,0.204814,NORMAL
2022-10-03,135.6784,1e-06,0.918478,0.403354,0.078419,0.208393,NORMAL
2022-10-03,135.8034,0.000921,0.923608,0.390592,0.083446,0.206305,NORMAL
2022-10-03,135.8034,0.0,0.928796,0.336193,0.090332,0.188676,NORMAL
2022-10-03,135.8034,0.0,0.934043,0.338464,0.097813,0.194073,NORMAL
2022-10-03,135.8034,0.0,0.939349,0.326969,0.104469,0.193469,NORMAL
2022-10-03,135.8034,0.0,0.944716,0.293209,0.107572,0.181827,NORMAL
2022-10-03,135.8034,0.0,0.950144,0.25555,0.107879,0.166948,NORMAL
2022-10-03,135.8034,0.0,0.955636,0.208283,0.108203,0.148235,NORMAL
2022-10-04,142.5046,0.048166,0.745816,0.717278,0.171334,0.389712,NORMAL
2022-10-04,142.3734,-0.000921,0.757751,0.404192,0.194686,0.278488,NORMAL
2022-10-04,142.3734,0.0,0.770073,0.333504,0.195913,0.25095,NORMAL
2022-10-04,142.3734,0.0,0.782803,0.331021,0.179646,0.240196,NORMAL
2022-10-04,142.5046,0.000921,0.795961,0.384959,0.156615,0.247953,NORMAL
2022-10-04,142.5046,0.0,0.809569,0.342783,0.137852,0.219825,NORMAL
2022-10-04,142.5046,0.0,0.82365,0.362327,0.125791,0.220406,NORMAL
2022-10-04,142.5046,0.0,0.83823,0.38118,0.113792,0.220747,NORMAL
2022-10-04,142.5046,0.0,0.853335,0.381691,0.094518,0.209387,NORMAL
2022-10-04,142.5046,0.0,0.868995,0.398535,0.067052,0.199646,NORMAL
2022-10-05,141.431,-0.007562,0.80008,0.545634,0.060506,0.254557,NORMAL
2022-10-05,141.431,0.0,0.814362,0.41115,0.064253,0.203012,NORMAL
2022-10-05,141.431,0.0,0.829163,0.381254,0.069247,0.19405,NORMAL
2022-10-05,141.5613,0.000921,0.844513,0.368251,0.072282,0.190669,NORMAL
2022-10-05,141.5613,0.0,0.860441,0.301318,0.072374,0.163952,NORMAL
2022-10-05,141.5613,0.0,0.876982,0.271878,0.068922,0.150105,NORMAL
2022-10-05,141.5613,0.0,0.894172,0.23773,0.064205,0.133615,NORMAL
2022-10-05,141.5613,0.0,0.912049,0.195551,0.060409,0.114466,NORMAL
2022-10-05,141.5613,0.0,0.930655,0.165251,0.059673,0.101904,NORMAL
2022-10-05,141.5613,0.0,0.950036,0.102845,0.071124,0.083812,NORMAL
2022-10-06,143.271,0.012005,0.827321,0.352192,0.06666,0.180873,NORMAL
2022-10-06,143.1392,-0.00092,0.837157,0.131245,0.0625,0.089998,NORMAL
2022-10-06,143.1391,-1e-06,0.847229,0.106221,0.058003,0.07729,NORMAL
2022-10-06,143.1391,0.0,0.857547,0.095169,0.054216,0.070597,NORMAL
2022-10-06,143.271,0.000921,0.868119,0.120909,0.051708,0.079389,NORMAL
2022-10-06,143.271,0.0,0.878955,0.086212,0.053095,0.066342,NORMAL
2022-10-06,143.271,0.0,0.890065,0.081555,0.0589,0.067962,NORMAL
2022-10-06,143.271,0.0,0.90146,0.078887,0.061142,0.06824,NORMAL
2022-10-06,143.271,0.0,0.91315,0.078643,0.048941,0.060822,NORMAL
2022-10-06,143.271,0.0,0.925147,0.079508,0.029551,0.049534,NORMAL
2022-10-07,139.929,-0.023603,1.157102,0.516583,0.041959,0.231809,NORMAL
2022-10-07,139.9291,1e-06,1.152095,0.212928,0.048124,0.114045,NORMAL
2022-10-07,139.929,-1e-06,1.147131,0.198925,0.050582,0.109919,NORMAL
2022-10-07,140.0579,0.000921,1.14221,0.220704,0.052258,0.119637,NORMAL
2022-10-07,140.058,1e-06,1.13733,0.193063,0.056301,0.111006,NORMAL
2022-10-07,140.0579,-1e-06,1.132493,0.186212,0.063545,0.112612,NORMAL
2022-10-07,140.058,1e-06,1.127696,0.186398,0.071041,0.117184,NORMAL
2022-10-07,140.0579,-1e-06,1.12294,0.192658,0.075191,0.122178,NORMAL
2022-10-07,140.0579,0.0,1.118223,0.189087,0.074782,0.120504,NORMAL
2022-10-07,140.0579,0.0,1.113547,0.19155,0.063559,0.114755,NORMAL
2022-10-10,137.8479,-0.015905,0.966579,0.498871,0.068578,0.240695,NORMAL
2022-10-10,137.8478,-1e-06,0.962544,0.267689,0.079474,0.15476,NORMAL
2022-10-10,137.9749,0.000922,0.958543,0.268553,0.094333,0.164021,NORMAL
2022-10-10,137.9749,0.0,0.954574,0.230301,0.104824,0.155015,NORMAL
2022-10-10,137.8478,-0.000922,0.950638,0.273211,0.100528,0.169602,NORMAL
2022-10-10,137.9749,0.000922,0.946735,0.239219,0.080479,0.143975,NORMAL
2022-10-10,137.9749,0.0,0.942864,0.189686,0.055586,0.109226,NORMAL
2022-10-10,137.9749,0.0,0.939024,0.170519,0.035944,0.089774,NORMAL
2022-10-10,137.9749,0.0,0.935215,0.161577,0.026776,0.080696,NORMAL
2022-10-10,137.9748,-1e-06,0.931437,0.138164,0.024831,0.070164,NORMAL
2022-10-11,137.3374,-0.00463,0.96331,0.269898,0.025164,0.123057,NORMAL
2022-10-11,137.3374,0.0,0.968696,0.170834,0.025909,0.083879,NORMAL
2022-10-11,137.3374,0.0,0.974142,0.174942,0.027431,0.086436,NORMAL
2022-10-11,137.4639,0.000921,0.97965,0.17047,0.030365,0.086407,NORMAL
2022-10-11,137.4639,0.0,0.98522,0.13655,0.034574,0.075365,NORMAL
2022-10-11,137.4639,0.0,0.990854,0.135597,0.039596,0.077996,NORMAL
2022-10-11,137.4639,0.0,0.996553,0.132509,0.043991,0.079398,NORMAL
2022-10-11,137.4639,0.0,1.002318,0.125661,0.044152,0.076755,NORMAL
2022-10-11,137.4639,0.0,1.00815,0.137742,0.035884,0.076627,NORMAL
2022-10-11,137.4639,0.0,1.01405,0.165434,0.02023,0.078312,NORMAL
2022-10-12,136.5815,-0.00644,0.929903,0.351495,0.021953,0.15377,NORMAL
2022-10-12,136.5815,0.0,0.932652,0.222216,0.02277,0.102548,NORMAL
2022-10-12,136.7073,0.000921,0.935417,0.192036,0.021719,0.089846,NORMAL
2022-10-12,136.7073,0.0,0.938199,0.155658,0.020317,0.074454,NORMAL
2022-10-12,136.5815,-0.000921,0.940998,0.181636,0.019005,0.084058,NORMAL
2022-10-12,136.7074,0.000921,0.943813,0.164526,0.018616,0.07698,NORMAL
2022-10-12,136.7073,-1e-06,0.946645,0.131144,0.019296,0.064035,NORMAL
2022-10-12,136.7074,1e-06,0.949494,0.130069,0.018999,0.063427,NORMAL
2022-10-12,136.7073,-1e-06,0.952361,0.129301,0.0156,0.06108,NORMAL
2022-10-12,136.7073,0.0,0.955244,0.131361,0.010335,0.058746,NORMAL
2022-10-13,132.5173,-0.031129,1.498798,0.816504,0.072586,0.370153,NORMAL
2022-10-13,132.5173,0.0,1.463736,0.578838,0.088453,0.284607,NORMAL
2022-10-13,132.6394,0.000921,1.430278,0.528993,0.065388,0.25083,NORMAL
2022-10-13,132.6395,1e-06,1.398315,0.440636,0.048965,0.205634,NORMAL
2022-10-13,132.5174,-0.000921,1.367749,0.456256,0.038451,0.205573,NORMAL
2022-10-13,132.6394,0.00092,1.338491,0.405422,0.02948,0.179857,NORMAL
2022-10-13,132.6394,0.0,1.310458,0.349849,0.02854,0.157064,NORMAL
2022-10-13,132.6394,0.0,1.283576,0.348132,0.034,0.159653,NORMAL
2022-10-13,132.6394,0.0,1.257774,0.332908,0.039959,0.157139,NORMAL
2022-10-13,132.6394,0.0,1.232989,0.326636,0.04503,0.157672,NORMAL
2022-10-14,141.6666,0.065842,0.955368,0.757077,0.10887,0.368153,NORMAL
2022-10-14,141.6666,0.0,0.946102,0.443478,0.109044,0.242817,NORMAL
2022-10-14,141.6666,0.0,0.937015,0.402002,0.108217,0.225731,NORMAL
2022-10-14,141.7971,0.000921,0.9281,0.448621,0.102039,0.240672,NORMAL
2022-10-14,141.7971,0.0,0.919353,0.42213,0.090015,0.222861,NORMAL
2022-10-14,141.7972,1e-06,0.91077,0.451629,0.077606,0.227215,NORMAL
2022-10-14,141.7971,-1e-06,0.902345,0.482105,0.067718,0.233472,NORMAL
2022-10-14,141.7972,1e-06,0.894075,0.499081,0.061282,0.236402,NORMAL
2022-10-14,141.7971,-1e-06,0.885955,0.521241,0.058649,0.243686,NORMAL
2022-10-14,141.7971,0.0,0.877982,0.537039,0.059436,0.250477,NORMAL
2022-10-17,138.6136,-0.022707,0.856687,0.756395,0.068157,0.343452,NORMAL
2022-10-17,138.486,-0.000921,0.868899,0.571906,0.075363,0.27398,NORMAL
2022-10-17,138.486,0.0,0.881465,0.498528,0.081286,0.248183,NORMAL
2022-10-17,138.6136,0.000921,0.894399,0.514916,0.088126,0.258842,NORMAL
2022-10-17,138.486,-0.000921,0.907719,0.505686,0.095876,0.2598,NORMAL
2022-10-17,138.6136,0.000921,0.921441,0.415669,0.103687,0.22848,NORMAL
2022-10-17,138.6136,0.0,0.935585,0.349219,0.109644,0.205474,NORMAL
2022-10-17,138.6136,0.0,0.95017,0.297234,0.111015,0.185503,NORMAL
2022-10-17,138.6136,0.0,0.965216,0.256171,0.103277,0.164435,NORMAL
2022-10-17,138.6136,0.0,0.980747,0.187098,0.095433,0.132099,NORMAL
2022-10-18,142.9566,0.030851,1.13362,0.524183,0.100761,0.27013,NORMAL
2022-10-18,142.9566,0.0,1.12683,0.182881,0.087964,0.125931,NORMAL
2022-10-18,142.9566,0.0,1.120121,0.176947,0.083563,0.120917,NORMAL
2022-10-18,142.9566,0.0,1.113492,0.17543,0.087742,0.122817,NORMAL
2022-10-18,142.9566,0.0,1.106941,0.177832,0.090907,0.125677,NORMAL
2022-10-18,142.9566,0.0,1.100466,0.188385,0.095435,0.132615,NORMAL
2022-10-18,142.9566,0.0,1.094066,0.195739,0.105444,0.141562,NORMAL
2022-10-18,142.825,-0.000921,1.087741,0.237049,0.112218,0.162151,NORMAL
2022-10-18,142.825,0.0,1.081488,0.220267,0.097037,0.146329,NORMAL
2022-10-18,142.825,0.0,1.075307,0.228888,0.080409,0.139801,NORMAL
2022-10-19,139.0946,-0.026466,0.67852,0.60635,0.082112,0.291807,NORMAL
2022-10-19,139.0946,0.0,0.687391,0.328146,0.073392,0.175293,NORMAL
2022-10-19,139.2228,0.000921,0.696497,0.355002,0.064977,0.180987,NORMAL
2022-10-19,139.2228,0.0,0.705848,0.320353,0.061889,0.165275,NORMAL
2022-10-19,139.0946,-0.000921,0.715453,0.323441,0.065245,0.168524,NORMAL
2022-10-19,139.2228,0.000921,0.725323,0.322935,0.070997,0.171772,NORMAL
2022-10-19,139.2228,0.0,0.735469,0.280113,0.07565,0.157435,NORMAL
2022-10-19,139.2228,0.0,0.745903,0.275333,0.076968,0.156314,NORMAL
2022-10-19,139.2228,0.0,0.756637,0.262335,0.079149,0.152423,NORMAL
2022-10-19,139.2227,-1e-06,0.767685,0.255893,0.065769,0.141819,NORMAL
2022-10-20,140.4002,0.008422,0.819673,0.427683,0.068513,0.212181,NORMAL
2022-10-20,140.4002,0.0,0.838101,0.234471,0.067867,0.134509,NORMAL
2022-10-20,140.5296,0.000921,0.857375,0.241211,0.062393,0.13392,NORMAL
2022-10-20,140.5296,0.0,0.877557,0.199994,0.054174,0.112502,NORMAL
2022-10-20,140.4003,-0.000921,0.898713,0.209836,0.049548,0.113663,NORMAL
2022-10-20,140.5296,0.000921,0.920913,0.196325,0.04761,0.107096,NORMAL
2022-10-20,140.5296,0.0,0.944238,0.140597,0.0496,0.085999,NORMAL
2022-10-20,140.5296,0.0,0.968775,0.12762,0.050768,0.081509,NORMAL
2022-10-20,140.5296,0.0,0.994622,0.11051,0.043053,0.070036,NORMAL
2022-10-20,140.5296,0.0,1.021885,0.108996,0.033976,0.063984,NORMAL
2022-10-21,140.3822,-0.001049,1.344347,0.249859,0.039928,0.123901,NORMAL
2022-10-21,140.3822,0.0,1.318953,0.204243,0.040896,0.106235,NORMAL
2022-10-21,140.3822,0.0,1.2945,0.199461,0.040895,0.104321,NORMAL
2022-10-21,140.3822,0.0,1.270938,0.188097,0.042351,0.100649,NORMAL
2022-10-21,140.3822,0.0,1.248218,0.183023,0.044611,0.099976,NORMAL
2022-10-21,140.3822,0.0,1.226296,0.176952,0.046911,0.098927,NORMAL
2022-10-21,140.253,-0.000921,1.205131,0.177475,0.04896,0.100366,NORMAL
2022-10-21,140.253,0.0,1.184684,0.149443,0.048991,0.089172,NORMAL
2022-10-21,140.253,0.0,1.164919,0.143491,0.04325,0.083346,NORMAL
2022-10-21,140.3822,0.000921,1.145803,0.206157,0.024939,0.097426,NORMAL
2022-10-24,144.627,0.029789,0.998339,0.619208,0.055296,0.280861,NORMAL
2022-10-24,144.4939,-0.000921,0.990879,0.267602,0.060119,0.143112,NORMAL
2022-10-24,144.4938,-1e-06,0.98353,0.184476,0.051037,0.104412,NORMAL
2022-10-24,144.627,0.000921,0.976289,0.208582,0.04666,0.111429,NORMAL
2022-10-24,144.4939,-0.000921,0.969153,0.192037,0.04663,0.104793,NORMAL
2022-10-24,144.627,0.000921,0.962122,0.196219,0.048228,0.107424,NORMAL
2022-10-24,144.627,0.0,0.955191,0.159117,0.050092,0.093702,NORMAL
2022-10-24,144.627,0.0,0.94836,0.157954,0.050377,0.093408,NORMAL
2022-10-24,144.627,0.0,0.941626,0.162391,0.046779,0.093024,NORMAL
2022-10-24,144.627,0.0,0.934986,0.166323,0.039616,0.090299,NORMAL
2022-10-25,147.3407,0.01859,0.926344,0.494874,0.042059,0.223185,NORMAL
2022-10-25,147.3407,0.0,0.933178,0.269106,0.043211,0.133569,NORMAL
2022-10-25,147.3407,0.0,0.940114,0.265734,0.043798,0.132572,NORMAL
2022-10-25,147.4765,0.000921,0.947154,0.295276,0.04414,0.144594,NORMAL
2022-10-25,147.4765,0.0,0.954299,0.25242,0.044216,0.127497,NORMAL
2022-10-25,147.4765,0.0,0.961554,0.233123,0.044425,0.119904,NORMAL
2022-10-25,147.4765,0.0,0.968919,0.193013,0.044179,0.103713,NORMAL
2022-10-25,147.4765,0.0,0.976398,0.169562,0.042361,0.093242,NORMAL
2022-10-25,147.4765,0.0,0.983994,0.145804,0.038204,0.081244,NORMAL
2022-10-25,147.4765,0.0,0.991709,0.108051,0.036156,0.064914,NORMAL
2022-10-26,148.1948,0.004859,1.160944,0.261608,0.043255,0.130596,NORMAL
2022-10-26,148.1948,0.0,1.151687,0.144231,0.047812,0.086379,NORMAL
2022-10-26,148.3314,0.000921,1.142577,0.169085,0.051167,0.098334,NORMAL
2022-10-26,148.3313,-1e-06,1.133609,0.13432,0.054275,0.086293,NORMAL
2022-10-26,148.1948,-0.000921,1.124781,0.13937,0.057592,0.090303,NORMAL
2022-10-26,148.3313,0.000921,1.116089,0.113313,0.06067,0.081727,NORMAL
2022-10-26,148.3313,0.0,1.107531,0.07008,0.062038,0.065255,NORMAL
2022-10-26,148.3313,0.0,1.099103,0.075324,0.05992,0.066082,NORMAL
2022-10-26,148.3313,0.0,1.090802,0.068515,0.053552,0.059537,NORMAL
2022-10-26,148.3313,0.0,1.082626,0.075396,0.044206,0.056682,NORMAL
2022-10-27,145.3577,-0.020251,1.312488,0.526797,0.049402,0.24036,NORMAL
2022-10-27,145.3577,0.0,1.285863,0.261906,0.04674,0.132806,NORMAL
2022-10-27,145.4917,0.000921,1.260298,0.253071,0.040209,0.125354,NORMAL
2022-10-27,145.4917,0.0,1.235729,0.187106,0.036803,0.096924,NORMAL
2022-10-27,145.3578,-0.000921,1.2121,0.213565,0.037205,0.107749,NORMAL
2022-10-27,145.4917,0.000921,1.189357,0.191493,0.037376,0.099023,NORMAL
2022-10-27,145.4917,0.0,1.167452,0.142678,0.036425,0.078926,NORMAL
2022-10-27,145.4917,0.0,1.14634,0.136752,0.034554,0.075433,NORMAL
2022-10-27,145.4917,0.0,1.125977,0.141577,0.031229,0.075368,NORMAL
2022-10-27,145.4917,0.0,1.106325,0.138595,0.030297,0.073617,NORMAL
2022-10-28,145.4854,-4.3e-05,1.607193,0.356614,0.059995,0.178643,NORMAL
2022-10-28,145.4854,0.0,1.549333,0.309672,0.075739,0.169312,NORMAL
2022-10-28,145.4854,0.0,1.495495,0.278352,0.08087,0.159863,NORMAL
2022-10-28,145.6194,0.000921,1.445273,0.287484,0.079276,0.162559,NORMAL
2022-10-28,145.6194,0.0,1.398315,0.232638,0.075408,0.1383,NORMAL
2022-10-28,145.6194,0.0,1.354312,0.20468,0.070667,0.124272,NORMAL
2022-10-28,145.6194,0.0,1.312993,0.181648,0.065625,0.112034,NORMAL
2022-10-28,145.6194,0.0,1.274122,0.15453,0.060626,0.098188,NORMAL
2022-10-28,145.6194,0.0,1.237485,0.132324,0.05678,0.086998,NORMAL
2022-10-28,145.6194,0.0,1.202897,0.136528,0.057077,0.088858,NORMAL
2022-10-31,150.4931,0.032921,0.718009,0.675198,0.080888,0.318612,NORMAL
2022-10-31,150.3545,-0.000921,0.720979,0.331459,0.084267,0.183144,NORMAL
2022-10-31,150.3545,0.0,0.723973,0.263963,0.088726,0.158821,NORMAL
2022-10-31,150.493,0.000921,0.726992,0.276376,0.093545,0.166678,NORMAL
2022-10-31,150.3545,-0.000921,0.730037,0.251882,0.095641,0.158137,NORMAL
2022-10-31,150.4931,0.000921,0.733107,0.263813,0.097694,0.164142,NORMAL
2022-10-31,150.493,-1e-06,0.736203,0.211851,0.098518,0.143851,NORMAL
2022-10-31,150.493,0.0,0.739325,0.222622,0.096865,0.147168,NORMAL
2022-10-31,150.493,0.0,0.742474,0.230254,0.09044,0.146365,NORMAL
2022-10-31,150.493,0.0,0.74565,0.235229,0.076857,0.140206,NORMAL
2022-11-01,152.2393,0.011537,0.632243,0.528194,0.07407,0.255719,NORMAL
2022-11-01,152.2393,0.0,0.653945,0.309656,0.069456,0.165536,NORMAL
2022-11-01,152.2393,0.0,0.67719,0.305202,0.064659,0.160876,NORMAL
2022-11-01,152.3796,0.000921,0.702149,0.320643,0.060173,0.164361,NORMAL
2022-11-01,152.3796,0.0,0.729017,0.256906,0.055885,0.136293,NORMAL
2022-11-01,152.3796,0.0,0.758024,0.238878,0.052739,0.127195,NORMAL
2022-11-01,152.3796,0.0,0.789435,0.21209,0.05126,0.115592,NORMAL
2022-11-01,152.3796,0.0,0.823562,0.155734,0.050941,0.092858,NORMAL
2022-11-01,152.3796,0.0,0.860773,0.103092,0.049216,0.070767,NORMAL
2022-11-01,152.3796,0.0,0.901505,0.079618,0.052771,0.06351,NORMAL
2022-11-02,146.3563,-0.040331,1.052395,0.608762,0.092263,0.298862,NORMAL
2022-11-02,146.2216,-0.000921,1.054968,0.358536,0.105965,0.206994,NORMAL
2022-11-02,146.2216,0.0,1.057554,0.285613,0.094212,0.170772,NORMAL
2022-11-02,146.2217,1e-06,1.060152,0.262849,0.069679,0.146947,NORMAL
2022-11-02,146.3563,0.00092,1.062764,0.278333,0.064622,0.150106,NORMAL
2022-11-02,146.3563,0.0,1.065388,0.251994,0.069777,0.142664,NORMAL
2022-11-02,146.3564,1e-06,1.068025,0.257741,0.079088,0.150549,NORMAL
2022-11-02,146.3563,-1e-06,1.070675,0.263373,0.085382,0.156578,NORMAL
2022-11-02,146.3563,0.0,1.073338,0.280353,0.080123,0.160215,NORMAL
2022-11-02,146.3563,0.0,1.076015,0.287976,0.073811,0.159477,NORMAL
2022-11-03,139.5863,-0.047361,1.11437,0.893527,0.129971,0.435393,LOW
2022-11-03,139.4578,-0.000921,1.103358,0.601135,0.170726,0.34289,NORMAL
2022-11-03,139.4578,0.0,1.092562,0.526662,0.191875,0.32579,NORMAL
2022-11-03,139.4578,0.0,1.081975,0.525707,0.195885,0.327814,NORMAL
2022-11-03,139.5863,0.000921,1.071591,0.553347,0.191763,0.336397,NORMAL
2022-11-03,139.5863,0.0,1.061404,0.520595,0.184284,0.318809,NORMAL
2022-11-03,139.5863,0.0,1.05141,0.503454,0.177005,0.307584,NORMAL
2022-11-03,139.5863,0.0,1.041602,0.482483,0.170648,0.295382,NORMAL
2022-11-03,139.5863,0.0,1.031975,0.447036,0.166033,0.278434,NORMAL
2022-11-03,139.5863,0.0,1.022524,0.407885,0.169047,0.264582,NORMAL
2022-11-04,139.7187,0.000948,1.435098,0.545739,0.182886,0.328027,NORMAL
2022-11-04,139.7186,-1e-06,1.401385,0.491704,0.196189,0.314395,NORMAL
2022-11-04,139.7187,1e-06,1.36922,0.456136,0.215219,0.311586,NORMAL
2022-11-04,139.8474,0.000921,1.338498,0.482047,0.233937,0.333181,NORMAL
2022-11-04,139.8474,0.0,1.309125,0.410975,0.246892,0.312525,NORMAL
2022-11-04,139.8474,0.0,1.281013,0.382757,0.25303,0.304921,NORMAL
2022-11-04,139.8474,0.0,1.254082,0.342957,0.250263,0.287341,NORMAL
2022-11-04,139.8474,0.0,1.228261,0.286338,0.231954,0.253707,NORMAL
2022-11-04,139.8474,0.0,1.203482,0.221135,0.198224,0.207389,NORMAL
2022-11-04,139.8474,0.0,1.179683,0.202335,0.175898,0.186473,NORMAL
2022-11-07,134.8218,-0.036598,0.702756,0.764073,0.196425,0.423485,LOW
2022-11-07,134.8218,0.0,0.70709,0.504967,0.221148,0.334676,NORMAL
2022-11-07,134.8218,0.0,0.711478,0.463712,0.233846,0.325792,NORMAL
2022-11-07,134.946,0.000921,0.715921,0.436725,0.208581,0.299839,NORMAL
2022-11-07,134.946,0.0,0.720419,0.39459,0.171984,0.261026,NORMAL
2022-11-07,134.946,0.0,0.724975,0.388223,0.1414,0.240129,NORMAL
2022-11-07,134.946,0.0,0.729588,0.382356,0.122585,0.226493,NORMAL
2022-11-07,134.946,0.0,0.73426,0.390691,0.111642,0.223262,NORMAL
2022-11-07,134.946,0.0,0.738993,0.401801,0.108143,0.225607,NORMAL
2022-11-07,134.946,0.0,0.743787,0.41008,0.102887,0.225764,NORMAL
2022-11-08,138.1939,0.023783,0.820712,0.577911,0.109424,0.296818,NORMAL
2022-11-08,138.1939,0.0,0.840234,0.29315,0.108744,0.182506,NORMAL
2022-11-08,138.1939,0.0,0.860708,0.274576,0.102122,0.171104,NORMAL
2022-11-08,138.1939,0.0,0.882205,0.268452,0.098922,0.166734,NORMAL
2022-11-08,138.1939,0.0,0.904802,0.257918,0.095962,0.160745,NORMAL
2022-11-08,138.1939,0.0,0.928588,0.232701,0.088464,0.146159,NORMAL
2022-11-08,138.1939,0.0,0.953658,0.226342,0.077976,0.137322,NORMAL
2022-11-08,138.0667,-0.000921,0.98012,0.262048,0.071161,0.147516,NORMAL
2022-11-08,138.0667,0.0,1.008091,0.216187,0.069654,0.128268,NORMAL
2022-11-08,138.0667,0.0,1.037707,0.194449,0.079795,0.125657,NORMAL
2022-11-09,136.1886,-0.013696,0.868927,0.441651,0.122629,0.250238,NORMAL
2022-11-09,136.1886,0.0,0.87321,0.222343,0.165926,0.188493,NORMAL
2022-11-09,136.314,0.00092,0.877535,0.242396,0.19115,0.211648,NORMAL
2022-11-09,136.3141,1e-06,0.881903,0.205357,0.178339,0.189146,NORMAL
2022-11-09,136.1886,-0.000921,0.886314,0.226752,0.146962,0.178878,NORMAL
2022-11-09,136.3141,0.000921,0.89077,0.207848,0.107753,0.147791,NORMAL
2022-11-09,136.3141,0.0,0.895271,0.168454,0.08341,0.117428,NORMAL
2022-11-09,136.3141,0.0,0.899818,0.162947,0.076443,0.111045,NORMAL
2022-11-09,136.3141,0.0,0.904411,0.14594,0.072516,0.101886,NORMAL
2022-11-09,136.3141,0.0,0.909052,0.138882,0.052091,0.086807,NORMAL
2022-11-10,138.8829,0.018669,1.417284,0.498559,0.073168,0.243324,NORMAL
2022-11-10,138.8829,0.0,1.393239,0.257853,0.087692,0.155756,NORMAL
2022-11-10,139.0108,0.00092,1.369996,0.261669,0.092203,0.159989,NORMAL
2022-11-10,139.0108,0.0,1.347517,0.234189,0.09113,0.148353,NORMAL
2022-11-10,138.8829,-0.00092,1.325763,0.286371,0.087935,0.16731,NORMAL
2022-11-10,139.0108,0.00092,1.3047,0.249868,0.085938,0.15151,NORMAL
2022-11-10,139.0108,0.0,1.284296,0.237139,0.086797,0.146934,NORMAL
2022-11-10,139.0108,0.0,1.264521,0.217823,0.089982,0.141118,NORMAL
2022-11-10,139.0108,0.0,1.245345,0.211981,0.085308,0.135977,NORMAL
2022-11-10,139.0108,0.0,1.226742,0.204208,0.071719,0.124714,NORMAL
2022-11-11,143.5185,0.031912,0.960555,0.708427,0.081509,0.332276,NORMAL
2022-11-11,143.5186,1e-06,0.951288,0.37965,0.082682,0.201469,NORMAL
2022-11-11,143.5186,0.0,0.942198,0.311455,0.082314,0.173971,NORMAL
2022-11-11,143.5185,-1e-06,0.93328,0.303323,0.081306,0.170113,NORMAL
2022-11-11,143.5185,0.0,0.92453,0.301239,0.080409,0.168741,NORMAL
2022-11-11,143.5186,1e-06,0.915942,0.294626,0.080683,0.16626,NORMAL
2022-11-11,143.3864,-0.000922,0.907512,0.332379,0.081684,0.181962,NORMAL
2022-11-11,143.3864,0.0,0.899236,0.275803,0.081961,0.159498,NORMAL
2022-11-11,143.3864,0.0,0.891109,0.244198,0.078413,0.144727,NORMAL
2022-11-11,143.5185,0.000921,0.883128,0.26073,0.067372,0.144715,NORMAL
2022-11-14,146.6188,0.021372,0.704552,0.615068,0.081823,0.295121,NORMAL
2022-11-14,146.4839,-0.00092,0.72028,0.36679,0.088661,0.199912,NORMAL
2022-11-14,146.4838,-1e-06,0.736726,0.317619,0.091775,0.182113,NORMAL
2022-11-14,146.6188,0.000921,0.75394,0.347571,0.093227,0.194965,NORMAL
2022-11-14,146.4838,-0.000921,0.771978,0.337508,0.093515,0.191112,NORMAL
2022-11-14,146.6188,0.000921,0.7909,0.328315,0.094071,0.187769,NORMAL
2022-11-14,146.6188,0.0,0.810774,0.245526,0.093633,0.15439,NORMAL
2022-11-14,146.6188,0.0,0.831671,0.201122,0.089005,0.133852,NORMAL
2022-11-14,146.6188,0.0,0.853675,0.156635,0.074741,0.107498,NORMAL
2022-11-14,146.6188,0.0,0.876874,0.109606,0.060677,0.080248,NORMAL
2022-11-15,149.6796,0.020661,1.076637,0.53471,0.07417,0.258386,NORMAL
2022-11-15,149.6796,0.0,1.079295,0.227644,0.080596,0.139415,NORMAL
2022-11-15,149.8175,0.000921,1.081966,0.249896,0.080977,0.148545,NORMAL
2022-11-15,149.8175,0.0,1.08465,0.216372,0.078025,0.133364,NORMAL
2022-11-15,149.6796,-0.000921,1.087348,0.193941,0.076571,0.123519,NORMAL
2022-11-15,149.8175,0.000921,1.09006,0.179132,0.076058,0.117287,NORMAL
2022-11-15,149.8175,0.0,1.092784,0.141494,0.076042,0.102223,NORMAL
2022-11-15,149.8175,0.0,1.095523,0.127646,0.07303,0.094876,NORMAL
2022-11-15,149.8175,0.0,1.098275,0.110972,0.066844,0.084495,NORMAL
2022-11-15,149.8175,0.0,1.101041,0.103207,0.062502,0.078784,NORMAL
2022-11-16,146.6412,-0.021429,0.791222,0.438701,0.071472,0.218364,NORMAL
2022-11-16,146.7763,0.000921,0.79571,0.210529,0.069341,0.125817,NORMAL
2022-11-16,146.7763,0.0,0.80025,0.173497,0.068882,0.110728,NORMAL
2022-11-16,146.7763,0.0,0.804841,0.17268,0.068997,0.11047,NORMAL
2022-11-16,146.7763,0.0,0.809485,0.167846,0.067206,0.107462,NORMAL
2022-11-16,146.7763,0.0,0.814184,0.165354,0.063264,0.1041,NORMAL
2022-11-16,146.7763,0.0,0.818937,0.16474,0.058948,0.101264,NORMAL
2022-11-16,146.6412,-0.000921,0.823746,0.18085,0.054346,0.104948,NORMAL
2022-11-16,146.6412,0.0,0.828612,0.144414,0.048652,0.086957,NORMAL
2022-11-16,146.7763,0.000921,0.833535,0.182453,0.048871,0.102304,NORMAL
2022-11-17,143.9862,-0.019192,1.04989,0.499708,0.06542,0.239135,NORMAL
2022-11-17,144.1189,0.000921,1.056429,0.249377,0.077714,0.146379,NORMAL
2022-11-17,143.9862,-0.000921,1.06305,0.247583,0.084642,0.149818,NORMAL
2022-11-17,143.9863,1e-06,1.069755,0.189052,0.082694,0.125237,NORMAL
2022-11-17,144.1189,0.00092,1.076544,0.236689,0.076337,0.140478,NORMAL
2022-11-17,144.1189,0.0,1.08342,0.196755,0.068703,0.119924,NORMAL
2022-11-17,144.1189,0.0,1.090385,0.18606,0.062939,0.112188,NORMAL
2022-11-17,144.1189,0.0,1.09744,0.165812,0.058777,0.101591,NORMAL
2022-11-17,144.1189,0.0,1.104587,0.152445,0.054847,0.093886,NORMAL
2022-11-17,144.1189,0.0,1.111827,0.132026,0.05164,0.083794,NORMAL
2022-11-18,149.7681,0.038449,1.027393,0.558596,0.10653,0.287356,NORMAL
2022-11-18,149.7681,0.0,1.019963,0.204927,0.133451,0.162041,NORMAL
2022-11-18,149.7681,0.0,1.01264,0.194705,0.136444,0.159748,NORMAL
2022-11-18,149.9061,0.000921,1.005421,0.244364,0.127316,0.174135,NORMAL
2022-11-18,149.9061,0.0,0.998305,0.202273,0.11854,0.152033,NORMAL
2022-11-18,149.9061,0.0,0.991288,0.206266,0.109615,0.148275,NORMAL
2022-11-18,149.9061,0.0,0.984369,0.216909,0.099649,0.146553,NORMAL
2022-11-18,149.9061,0.0,0.977547,0.234348,0.086383,0.145569,NORMAL
2022-11-18,149.9061,0.0,0.970818,0.248761,0.067744,0.140151,NORMAL
2022-11-18,149.9061,0.0,0.964181,0.272844,0.045051,0.136168,NORMAL
2022-11-21,147.79,-0.014217,0.767372,0.494996,0.060462,0.234275,NORMAL
2022-11-21,147.654,-0.000921,0.778391,0.321638,0.071861,0.171772,NORMAL
2022-11-21,147.654,0.0,0.78973,0.277689,0.073058,0.15491,NORMAL
2022-11-21,147.79,0.000921,0.801405,0.284772,0.06879,0.155183,NORMAL
2022-11-21,147.654,-0.000921,0.81343,0.261737,0.063122,0.142568,NORMAL
2022-11-21,147.79,0.000921,0.825822,0.243455,0.057604,0.131944,NORMAL
2022-11-21,147.79,0.0,0.838597,0.187013,0.053643,0.106991,NORMAL
2022-11-21,147.7901,1e-06,0.851773,0.17064,0.050224,0.09839,NORMAL
2022-11-21,147.7901,0.0,0.86537,0.128229,0.045315,0.078481,NORMAL
2022-11-21,147.79,-1e-06,0.879408,0.098939,0.039065,0.063015,NORMAL
2022-11-22,145.6579,-0.014532,0.789389,0.444442,0.042287,0.203149,NORMAL
2022-11-22,145.6579,0.0,0.803484,0.191241,0.043123,0.10237,NORMAL
2022-11-22,145.6579,0.0,0.818093,0.171035,0.042229,0.093751,NORMAL
2022-11-22,145.7921,0.000921,0.833242,0.189357,0.04168,0.100751,NORMAL
2022-11-22,145.7921,0.0,0.848963,0.138849,0.043722,0.081773,NORMAL
2022-11-22,145.7921,0.0,0.865288,0.11362,0.048638,0.074631,NORMAL
2022-11-22,145.792,-1e-06,0.882254,0.110794,0.055073,0.077362,NORMAL
2022-11-22,145.7921,1e-06,0.899898,0.098654,0.058022,0.074275,NORMAL
2022-11-22,145.7921,0.0,0.918262,0.089398,0.052493,0.067255,NORMAL
2022-11-22,145.7921,0.0,0.937392,0.070617,0.041634,0.053227,NORMAL
2022-11-23,146.9558,0.00795,1.055363,0.238284,0.050428,0.125571,NORMAL
2022-11-23,146.9558,0.0,1.055767,0.086161,0.057521,0.068977,NORMAL
2022-11-23,147.0912,0.000921,1.056171,0.103962,0.060916,0.078135,NORMAL
2022-11-23,147.0913,1e-06,1.056576,0.077592,0.058716,0.066266,NORMAL
2022-11-23,146.9559,-0.000921,1.056981,0.10085,0.054368,0.072961,NORMAL
2022-11-23,147.0912,0.00092,1.057386,0.106145,0.049349,0.072067,NORMAL
2022-11-23,147.0912,0.0,1.057791,0.08354,0.045017,0.060426,NORMAL
2022-11-23,147.0913,1e-06,1.058197,0.080438,0.042688,0.057788,NORMAL
2022-11-23,147.0912,-1e-06,1.058603,0.078735,0.044179,0.058001,NORMAL
2022-11-23,147.0913,1e-06,1.05901,0.076616,0.041496,0.055544,NORMAL
2022-11-25,145.8349,-0.008578,0.649103,0.347472,0.066092,0.178644,NORMAL
2022-11-25,145.8349,0.0,0.659199,0.194704,0.074343,0.122488,NORMAL
2022-11-25,145.9692,0.00092,0.669613,0.215871,0.067246,0.126696,NORMAL
2022-11-25,145.9692,0.0,0.680362,0.161043,0.056456,0.09829,NORMAL
2022-11-25,145.8349,-0.00092,0.691462,0.171575,0.045576,0.095976,NORMAL
2022-11-25,145.9692,0.00092,0.70293,0.19274,0.039208,0.100621,NORMAL
2022-11-25,145.9692,0.0,0.714784,0.153351,0.036875,0.083465,NORMAL
2022-11-25,145.9692,0.0,0.727046,0.136687,0.035884,0.076205,NORMAL
2022-11-25,145.9692,0.0,0.739735,0.132576,0.033328,0.073027,NORMAL
2022-11-25,145.9692,0.0,0.752875,0.134583,0.030707,0.072257,NORMAL
2022-11-28,142.7178,-0.022526,1.464102,0.66317,0.09846,0.324344,NORMAL
2022-11-28,142.7178,0.0,1.447356,0.440872,0.133262,0.256306,NORMAL
2022-11-28,142.7178,0.0,1.430988,0.398957,0.132325,0.238978,NORMAL
2022-11-28,142.8492,0.00092,1.414986,0.353201,0.128687,0.218493,NORMAL
2022-11-28,142.8492,0.0,1.399339,0.303831,0.122561,0.195069,NORMAL
2022-11-28,142.8493,1e-06,1.384033,0.281697,0.11275,0.180329,NORMAL
2022-11-28,142.8493,0.0,1.369059,0.263299,0.104466,0.167999,NORMAL
2022-11-28,142.8493,0.0,1.354406,0.25599,0.099467,0.162076,NORMAL
2022-11-28,142.8493,0.0,1.340062,0.254923,0.092239,0.157313,NORMAL
2022-11-28,142.8493,0.0,1.32602,0.241008,0.080703,0.144825,NORMAL
2022-11-29,142.0127,-0.005874,1.53275,0.502637,0.090566,0.255394,NORMAL
2022-11-29,141.882,-0.000921,1.467539,0.397419,0.099962,0.218945,NORMAL
2022-11-29,141.882,0.0,1.40765,0.341902,0.10871,0.201987,NORMAL
2022-11-29,142.0127,0.000921,1.352457,0.295187,0.114947,0.187043,NORMAL
2022-11-29,141.882,-0.000921,1.301429,0.264365,0.117788,0.176419,NORMAL
2022-11-29,142.0126,0.00092,1.254112,0.237332,0.115301,0.164113,NORMAL
2022-11-29,142.0127,1e-06,1.210115,0.175681,0.107089,0.134525,NORMAL
2022-11-29,142.0126,-1e-06,1.1691,0.157368,0.094791,0.119822,NORMAL
2022-11-29,142.0127,1e-06,1.130774,0.125555,0.08229,0.099596,NORMAL
2022-11-29,142.0127,0.0,1.094882,0.107482,0.078224,0.089927,NORMAL
2022-11-30,139.0402,-0.021153,1.41685,0.645008,0.090759,0.312458,NORMAL
2022-11-30,139.0402,0.0,1.37987,0.41905,0.09722,0.225952,NORMAL
2022-11-30,139.0402,0.0,1.344772,0.383249,0.102056,0.214533,NORMAL
2022-11-30,139.1683,0.000921,1.311415,0.314098,0.106813,0.189727,NORMAL
2022-11-30,139.1683,0.0,1.279672,0.253871,0.11229,0.168922,NORMAL
2022-11-30,139.1683,0.0,1.24943,0.242188,0.117501,0.167376,NORMAL
2022-11-30,139.1683,0.0,1.220584,0.228034,0.117654,0.161806,NORMAL
2022-11-30,139.1683,0.0,1.19304,0.217913,0.1083,0.152145,NORMAL
2022-11-30,139.1683,0.0,1.166712,0.205038,0.078346,0.129023,NORMAL
2022-11-30,139.1683,0.0,1.141521,0.198029,0.0526,0.110771,NORMAL
2022-12-01,145.7365,0.046116,0.734944,0.700849,0.081064,0.328978,NORMAL
2022-12-01,145.7365,0.0,0.739718,0.35894,0.094234,0.200116,NORMAL
2022-12-01,145.7365,0.0,0.744555,0.326576,0.107604,0.195193,NORMAL
2022-12-01,145.8708,0.000921,0.749455,0.36111,0.115264,0.213602,NORMAL
2022-12-01,145.8708,0.0,0.75442,0.324059,0.114747,0.198472,NORMAL
2022-12-01,145.8708,0.0,0.759451,0.325445,0.109321,0.195771,NORMAL
2022-12-01,145.8708,0.0,0.764549,0.339068,0.102308,0.197012,NORMAL
2022-12-01,145.8708,0.0,0.769717,0.362547,0.095526,0.202334,NORMAL
2022-12-01,145.8708,0.0,0.774955,0.370061,0.090885,0.202555,NORMAL
2022-12-01,145.8708,0.0,0.780265,0.392869,0.092426,0.212603,NORMAL
2022-12-02,143.5241,-0.016218,0.735207,0.597286,0.108861,0.304231,NORMAL
2022-12-02,143.5241,0.0,0.754678,0.363084,0.127429,0.221691,NORMAL
2022-12-02,143.5241,0.0,0.775208,0.338321,0.134295,0.215906,NORMAL
2022-12-02,143.6563,0.000921,0.796886,0.354264,0.12193,0.214864,NORMAL
2022-12-02,143.6563,0.0,0.819811,0.297013,0.100962,0.179382,NORMAL
2022-12-02,143.6563,0.0,0.844095,0.261875,0.082861,0.154467,NORMAL
2022-12-02,143.6563,0.0,0.869861,0.225176,0.071305,0.132853,NORMAL
2022-12-02,143.6563,0.0,0.89725,0.180716,0.065187,0.111399,NORMAL
2022-12-02,143.6563,0.0,0.926419,0.150613,0.059891,0.09618,NORMAL
2022-12-02,143.6563,0.0,0.957549,0.111592,0.055396,0.077875,NORMAL
2022-12-05,145.3039,0.011404,1.008775,0.28159,0.046278,0.140403,NORMAL
2022-12-05,145.3039,0.0,1.01057,0.091345,0.040114,0.060607,NORMAL
2022-12-05,145.4378,0.000921,1.012372,0.120637,0.040386,0.072487,NORMAL
2022-12-05,145.4377,-1e-06,1.01418,0.091265,0.043699,0.062725,NORMAL
2022-12-05,145.3039,-0.00092,1.015994,0.115338,0.046686,0.074147,NORMAL
2022-12-05,145.4378,0.000921,1.017815,0.127139,0.049695,0.080672,NORMAL
2022-12-05,145.4378,0.0,1.019643,0.099827,0.053542,0.072056,NORMAL
2022-12-05,145.4378,0.0,1.021477,0.10189,0.05371,0.072982,NORMAL
2022-12-05,145.4377,-1e-06,1.023318,0.097709,0.044387,0.065716,NORMAL
2022-12-05,145.4377,0.0,1.025165,0.094237,0.031335,0.056496,NORMAL
2022-12-06,144.6156,-0.005669,0.964625,0.211246,0.022265,0.097857,NORMAL
2022-12-06,144.6156,0.0,0.965143,0.086524,0.017588,0.045162,NORMAL
2022-12-06,144.6156,0.0,0.965662,0.079309,0.015773,0.041187,NORMAL
2022-12-06,144.7488,0.000921,0.966181,0.123729,0.015357,0.058706,NORMAL
2022-12-06,144.7488,0.0,0.9667,0.091097,0.015888,0.045972,NORMAL
2022-12-06,144.7488,0.0,0.96722,0.090154,0.017094,0.046318,NORMAL
2022-12-06,144.7488,0.0,0.967741,0.082627,0.019112,0.044518,NORMAL
2022-12-06,144.7488,0.0,0.968262,0.081729,0.021756,0.045745,NORMAL
2022-12-06,144.7488,0.0,0.968784,0.088254,0.025989,0.050895,NORMAL
2022-12-06,144.7488,0.0,0.969307,0.092746,0.021047,0.049726,NORMAL
2022-12-07,139.817,-0.034665,1.043393,0.671549,0.056223,0.302353,NORMAL
2022-12-07,139.817,0.0,1.042695,0.405323,0.072554,0.205662,NORMAL
2022-12-07,139.9458,0.000921,1.041998,0.356657,0.065766,0.182123,NORMAL
2022-12-07,139.9458,0.0,1.041301,0.273961,0.049566,0.139324,NORMAL
2022-12-07,139.817,-0.000921,1.040606,0.323144,0.041743,0.154303,NORMAL
2022-12-07,139.9458,0.000921,1.039912,0.285529,0.04009,0.138266,NORMAL
2022-12-07,139.9458,0.0,1.039218,0.240345,0.036173,0.117842,NORMAL
2022-12-07,139.9459,1e-06,1.038526,0.241443,0.028856,0.113891,NORMAL
2022-12-07,139.9458,-1e-06,1.037834,0.237504,0.021599,0.107961,NORMAL
2022-12-07,139.9458,0.0,1.037144,0.251479,0.016984,0.110782,NORMAL
2022-12-08,139.9842,0.000274,0.925986,0.252196,0.016944,0.111045,NORMAL
2022-12-08,139.9842,0.0,0.927783,0.236581,0.017639,0.105216,NORMAL
2022-12-08,140.1131,0.00092,0.929587,0.273503,0.018562,0.120539,NORMAL
2022-12-08,140.1132,1e-06,0.931398,0.232456,0.019429,0.10464,NORMAL
2022-12-08,139.9842,-0.000921,0.933216,0.242743,0.020785,0.109568,NORMAL
2022-12-08,140.1131,0.00092,0.935041,0.225929,0.022063,0.103609,NORMAL
2022-12-08,140.1131,0.0,0.936873,0.174499,0.023496,0.083897,NORMAL
2022-12-08,140.1131,0.0,0.938712,0.156355,0.024845,0.077449,NORMAL
2022-12-08,140.1131,0.0,0.940559,0.11543,0.025272,0.061336,NORMAL
2022-12-08,140.1131,0.0,0.942413,0.131615,0.026274,0.06841,NORMAL
2022-12-09,139.9645,-0.001061,1.148747,0.206024,0.031414,0.101258,NORMAL
2022-12-09,139.9645,0.0,1.143245,0.172688,0.032424,0.088529,NORMAL
2022-12-09,139.9645,0.0,1.137796,0.174362,0.029946,0.087712,NORMAL
2022-12-09,140.0935,0.000921,1.132398,0.192124,0.027402,0.093291,NORMAL
2022-12-09,140.0935,0.0,1.127051,0.16478,0.026848,0.082021,NORMAL
2022-12-09,140.0934,-1e-06,1.121755,0.167195,0.029773,0.084742,NORMAL
2022-12-09,140.0935,1e-06,1.116508,0.167963,0.035731,0.088624,NORMAL
2022-12-09,140.0934,-1e-06,1.11131,0.16686,0.041543,0.09167,NORMAL
2022-12-09,140.0934,0.0,1.10616,0.157638,0.041516,0.087965,NORMAL
2022-12-09,140.0934,0.0,1.101057,0.160461,0.023312,0.078172,NORMAL
2022-12-12,140.4477,0.002526,1.013424,0.224146,0.017904,0.1004,NORMAL
2022-12-12,140.3185,-0.00092,1.007386,0.158797,0.015021,0.072531,NORMAL
2022-12-12,140.3185,0.0,1.00142,0.134334,0.014583,0.062483,NORMAL
2022-12-12,140.4478,0.000921,0.995524,0.160646,0.015333,0.073459,NORMAL
2022-12-12,140.3185,-0.000921,0.989697,0.15761,0.016808,0.073129,NORMAL
2022-12-12,140.4478,0.000921,0.983938,0.150871,0.018637,0.07153,NORMAL
2022-12-12,140.4477,-1e-06,0.978245,0.115695,0.020728,0.058715,NORMAL
2022-12-12,140.4478,1e-06,0.972618,0.118642,0.022429,0.060914,NORMAL
2022-12-12,140.4477,-1e-06,0.967056,0.115484,0.022292,0.059568,NORMAL
2022-12-12,140.4478,1e-06,0.961556,0.113815,0.02145,0.058396,NORMAL
2022-12-13,147.1405,0.046552,1.265836,0.766257,0.078837,0.353805,NORMAL
2022-12-13,147.1405,0.0,1.250836,0.49321,0.085528,0.2486,NORMAL
2022-12-13,147.1404,-1e-06,1.236187,0.451477,0.068084,0.221441,NORMAL
2022-12-13,147.1405,1e-06,1.221877,0.386476,0.067439,0.195054,NORMAL
2022-12-13,147.1404,-1e-06,1.207895,0.389111,0.079215,0.203173,NORMAL
2022-12-13,147.1404,0.0,1.194229,0.375651,0.086552,0.202191,NORMAL
2022-12-13,147.1404,0.0,1.180868,0.390247,0.080324,0.204293,NORMAL
2022-12-13,147.005,-0.000921,1.167804,0.427342,0.072542,0.214462,NORMAL
2022-12-13,147.005,0.0,1.155025,0.395558,0.067394,0.198659,NORMAL
2022-12-13,147.005,0.0,1.142523,0.409543,0.060131,0.199896,NORMAL
2022-12-14,142.9243,-0.028151,0.994265,0.638375,0.09049,0.309644,NORMAL
2022-12-14,142.9242,-1e-06,0.98721,0.340649,0.093756,0.192513,NORMAL
2022-12-14,143.0559,0.000921,0.980256,0.371721,0.090155,0.202781,NORMAL
2022-12-14,143.0559,0.0,0.973398,0.316716,0.09108,0.181335,NORMAL
2022-12-14,142.9243,-0.00092,0.966635,0.352564,0.091972,0.196209,NORMAL
2022-12-14,143.0559,0.00092,0.959966,0.314756,0.093023,0.181716,NORMAL
2022-12-14,143.056,1e-06,0.953389,0.262789,0.093955,0.161489,NORMAL
2022-12-14,143.0559,-1e-06,0.946901,0.241082,0.093021,0.152245,NORMAL
2022-12-14,143.0559,0.0,0.9405,0.222598,0.088493,0.142135,NORMAL
2022-12-14,143.056,1e-06,0.934186,0.202246,0.080452,0.12917,NORMAL
2022-12-15,138.7551,-0.030526,1.119887,0.700071,0.095412,0.337276,NORMAL
2022-12-15,138.755,-1e-06,1.116698,0.389727,0.103669,0.218092,NORMAL
2022-12-15,138.8829,0.000921,1.113527,0.393986,0.105716,0.221024,NORMAL
2022-12-15,138.8829,0.0,1.110374,0.335558,0.105329,0.19742,NORMAL
2022-12-15,138.7551,-0.000921,1.107239,0.382809,0.107005,0.217327,NORMAL
2022-12-15,138.8829,0.000921,1.104121,0.370671,0.111424,0.215123,NORMAL
2022-12-15,138.8829,0.0,1.101021,0.317726,0.116352,0.196902,NORMAL
2022-12-15,138.8829,0.0,1.097938,0.299446,0.11732,0.190171,NORMAL
2022-12-15,138.8829,0.0,1.094873,0.273632,0.11237,0.176874,NORMAL
2022-12-15,138.8829,0.0,1.091824,0.235168,0.106391,0.157902,NORMAL
2022-12-16,134.5326,-0.031825,1.694695,0.890289,0.131467,0.434996,LOW
2022-12-16,134.5326,0.0,1.627642,0.617102,0.143581,0.33299,NORMAL
2022-12-16,134.5326,0.0,1.565693,0.578289,0.149459,0.320991,NORMAL
2022-12-16,134.5326,0.0,1.508286,0.554587,0.152489,0.313328,NORMAL
2022-12-16,134.5326,0.0,1.45494,0.525433,0.152493,0.301669,NORMAL
2022-12-16,134.5326,0.0,1.405239,0.50542,0.149181,0.291677,NORMAL
2022-12-16,134.4088,-0.000921,1.358822,0.522556,0.148164,0.29792,NORMAL
2022-12-16,134.4088,0.0,1.315372,0.471852,0.148953,0.278112,NORMAL
2022-12-16,134.4088,0.0,1.274616,0.429333,0.148665,0.260932,NORMAL
2022-12-16,134.5326,0.000921,1.236309,0.369375,0.13562,0.229122,NORMAL
2022-12-19,132.9776,-0.011626,0.619025,0.603979,0.140168,0.325692,NORMAL
2022-12-19,132.8552,-0.000921,0.623715,0.499188,0.149665,0.289474,NORMAL
2022-12-19,132.8552,0.0,0.628478,0.465812,0.157948,0.281093,NORMAL
2022-12-19,132.9776,0.000921,0.633313,0.461712,0.162408,0.28213,NORMAL
2022-12-19,132.8552,-0.000921,0.638224,0.453,0.160356,0.277413,NORMAL
2022-12-19,132.9776,0.000921,0.643211,0.441918,0.149026,0.266183,NORMAL
2022-12-19,132.9776,0.0,0.648277,0.376947,0.128877,0.228105,NORMAL
2022-12-19,132.9775,-1e-06,0.653423,0.348752,0.104818,0.202392,NORMAL
2022-12-19,132.9775,0.0,0.658652,0.317265,0.087492,0.179401,NORMAL
2022-12-19,132.9775,0.0,0.663965,0.293313,0.095819,0.174816,NORMAL
2022-12-20,129.1972,-0.02884,0.669032,0.772057,0.12954,0.386547,NORMAL
2022-12-20,129.1973,1e-06,0.693828,0.507447,0.152046,0.294206,NORMAL
2022-12-20,129.1973,0.0,0.720532,0.459254,0.165412,0.282949,NORMAL
2022-12-20,129.3163,0.000921,0.749374,0.415198,0.163149,0.263968,NORMAL
2022-12-20,129.3163,0.0,0.780622,0.360424,0.145762,0.231627,NORMAL
2022-12-20,129.3163,0.0,0.814589,0.336509,0.125452,0.209875,NORMAL
2022-12-20,129.3162,-1e-06,0.851646,0.321058,0.112656,0.196017,NORMAL
2022-12-20,129.3163,1e-06,0.892236,0.328877,0.108193,0.196467,NORMAL
2022-12-20,129.3163,0.0,0.936888,0.303153,0.104498,0.18396,NORMAL
2022-12-20,129.3163,0.0,0.986246,0.303879,0.096578,0.179498,NORMAL
2022-12-21,130.7607,0.011108,1.090049,0.477738,0.100512,0.251403,NORMAL
2022-12-21,130.7607,0.0,1.085686,0.287177,0.102276,0.176236,NORMAL
2022-12-21,130.8812,0.000921,1.081358,0.313343,0.103439,0.1874,NORMAL
2022-12-21,130.8812,0.0,1.077065,0.276063,0.103949,0.172795,NORMAL
2022-12-21,130.7607,-0.000921,1.072805,0.303953,0.104698,0.1844,NORMAL
2022-12-21,130.8812,0.000921,1.068579,0.280548,0.106116,0.175889,NORMAL
2022-12-21,130.8812,0.0,1.064386,0.233896,0.10953,0.159277,NORMAL
2022-12-21,130.8812,0.0,1.060226,0.216221,0.108786,0.15176,NORMAL
2022-12-21,130.8812,0.0,1.056098,0.199879,0.101095,0.140608,NORMAL
2022-12-21,130.8812,0.0,1.052003,0.202977,0.099869,0.141112,NORMAL
2022-12-22,132.1079,0.009329,0.952886,0.373098,0.100618,0.20961,NORMAL
2022-12-22,132.1079,0.0,0.952642,0.197784,0.096048,0.136743,NORMAL
2022-12-22,132.2296,0.000921,0.952397,0.212227,0.086426,0.136747,NORMAL
2022-12-22,132.2295,-1e-06,0.952153,0.178828,0.074628,0.116308,NORMAL
2022-12-22,132.1079,-0.00092,0.951909,0.232295,0.060241,0.129063,NORMAL
2022-12-22,132.2296,0.000921,0.951665,0.207888,0.04946,0.112831,NORMAL
2022-12-22,132.2295,-1e-06,0.951421,0.175113,0.04363,0.096223,NORMAL
2022-12-22,132.2296,1e-06,0.951178,0.172705,0.043285,0.095053,NORMAL
2022-12-22,132.2295,-1e-06,0.950934,0.164745,0.045756,0.093352,NORMAL
2022-12-22,132.2296,1e-06,0.950691,0.158129,0.04311,0.089118,NORMAL
2022-12-23,128.7351,-0.026783,0.789941,0.610326,0.064479,0.282817,NORMAL
2022-12-23,128.7351,0.0,0.800902,0.34663,0.071736,0.181694,NORMAL
2022-12-23,128.7351,0.0,0.812173,0.305864,0.066356,0.162159,NORMAL
2022-12-23,128.8537,0.000921,0.823764,0.311662,0.057842,0.15937,NORMAL
2022-12-23,128.8537,0.0,0.835692,0.279152,0.051389,0.142494,NORMAL
2022-12-23,128.8537,0.0,0.84797,0.267422,0.046435,0.13483,NORMAL
2022-12-23,128.8537,0.0,0.860614,0.263918,0.042255,0.13092,NORMAL
2022-12-23,128.8537,0.0,0.87364,0.273314,0.038442,0.132391,NORMAL
2022-12-23,128.8537,0.0,0.887068,0.267817,0.032811,0.126813,NORMAL
2022-12-23,128.8537,0.0,0.900914,0.25893,0.026204,0.119294,NORMAL
2022-12-27,129.3065,0.003508,0.980346,0.367523,0.023561,0.161146,NORMAL
2022-12-27,129.1874,-0.000921,0.986543,0.308661,0.021025,0.13608,NORMAL
2022-12-27,129.1874,0.0,0.99282,0.271579,0.019578,0.120378,NORMAL
2022-12-27,129.3064,0.000921,0.999177,0.311958,0.018792,0.136059,NORMAL
2022-12-27,129.1874,-0.000921,1.005616,0.287308,0.018488,0.126016,NORMAL
2022-12-27,129.3065,0.000921,1.012138,0.288126,0.017017,0.125461,NORMAL
2022-12-27,129.3064,-1e-06,1.018746,0.247607,0.015646,0.108431,NORMAL
2022-12-27,129.3064,0.0,1.02544,0.236419,0.015297,0.103746,NORMAL
2022-12-27,129.3064,0.0,1.032223,0.21503,0.016037,0.095634,NORMAL
2022-12-27,129.3065,1e-06,1.039096,0.228469,0.017223,0.101722,NORMAL
2022-12-28,127.5059,-0.014023,1.265894,0.556462,0.028896,0.239922,NORMAL
2022-12-28,127.5059,0.0,1.245935,0.365433,0.033882,0.166503,NORMAL
2022-12-28,127.5059,0.0,1.226596,0.333644,0.032686,0.153069,NORMAL
2022-12-28,127.6234,0.000921,1.207848,0.312639,0.030796,0.143533,NORMAL
2022-12-28,127.6234,0.0,1.189664,0.272349,0.033908,0.129284,NORMAL
2022-12-28,127.6234,0.0,1.17202,0.259627,0.041534,0.128772,NORMAL
2022-12-28,127.6234,0.0,1.154892,0.254444,0.049961,0.131755,NORMAL
2022-12-28,127.6234,0.0,1.138257,0.246378,0.053598,0.13071,NORMAL
2022-12-28,127.6234,0.0,1.122094,0.233731,0.047078,0.121739,NORMAL
2022-12-28,127.6234,0.0,1.106384,0.224186,0.032332,0.109074,NORMAL
2022-12-29,125.9699,-0.013041,0.976093,0.521856,0.034904,0.229685,NORMAL
2022-12-29,125.854,-0.00092,0.971897,0.375391,0.037178,0.172463,NORMAL
2022-12-29,125.854,0.0,0.967738,0.327627,0.038511,0.154158,NORMAL
2022-12-29,125.854,0.0,0.963614,0.311083,0.039832,0.148332,NORMAL
2022-12-29,125.9699,0.00092,0.959525,0.281007,0.040602,0.136764,NORMAL
2022-12-29,125.9699,0.0,0.95547,0.246062,0.04126,0.123181,NORMAL
2022-12-29,125.9699,0.0,0.95145,0.241334,0.041785,0.121605,NORMAL
2022-12-29,125.9699,0.0,0.947463,0.238804,0.041944,0.120688,NORMAL
2022-12-29,125.97,1e-06,0.94351,0.230737,0.041281,0.117064,NORMAL
2022-12-29,125.9699,-1e-06,0.939589,0.238532,0.039528,0.119129,NORMAL
2022-12-30,126.3833,0.003276,0.961115,0.315827,0.03859,0.149485,NORMAL
2022-12-30,126.267,-0.000921,0.966181,0.26802,0.035419,0.128459,NORMAL
2022-12-30,126.267,0.0,0.9713,0.231397,0.03154,0.111483,NORMAL
2022-12-30,126.267,0.0,0.976474,0.229737,0.028295,0.108872,NORMAL
2022-12-30,126.3833,0.000921,0.981703,0.253149,0.024958,0.116234,NORMAL
2022-12-30,126.3833,0.0,0.986988,0.235192,0.022918,0.107827,NORMAL
2022-12-30,126.3833,0.0,0.992331,0.237656,0.02125,0.107812,NORMAL
2022-12-30,126.3833,0.0,0.997731,0.242122,0.019206,0.108372,NORMAL
2022-12-30,126.3833,0.0,1.003191,0.238401,0.016916,0.10551,NORMAL
2022-12-30,126.3833,0.0,1.008711,0.256614,0.014207,0.11117,NORMAL
2023-01-03,128.1058,0.013537,1.433918,0.618176,0.036954,0.269443,NORMAL
2023-01-03,128.1058,0.0,1.401288,0.396508,0.047071,0.186846,NORMAL
2023-01-03,128.1058,0.0,1.37011,0.346828,0.049356,0.168345,NORMAL
2023-01-03,128.2238,0.000921,1.340289,0.350718,0.048389,0.16932,NORMAL
2023-01-03,128.2238,0.0,1.311739,0.304719,0.04574,0.149332,NORMAL
2023-01-03,128.2238,0.0,1.28438,0.290594,0.043223,0.142171,NORMAL
2023-01-03,128.2238,0.0,1.258139,0.263269,0.041482,0.130197,NORMAL
2023-01-03,128.2238,0.0,1.232948,0.265084,0.039774,0.129898,NORMAL
2023-01-03,128.2238,0.0,1.208747,0.242082,0.037278,0.119199,NORMAL
2023-01-03,128.2238,0.0,1.185477,0.249063,0.035982,0.121215,NORMAL
2023-01-04,124.7723,-0.027287,0.936266,0.59442,0.058299,0.272747,NORMAL
2023-01-04,124.7723,0.0,0.930362,0.299028,0.052859,0.151327,NORMAL
2023-01-04,124.7723,0.0,0.924532,0.290919,0.044899,0.143307,NORMAL
2023-01-04,124.8873,0.000921,0.918775,0.309567,0.038516,0.146937,NORMAL
2023-01-04,124.8873,0.0,0.913089,0.280078,0.035486,0.133323,NORMAL
2023-01-04,124.8873,0.0,0.907474,0.281463,0.034691,0.1334,NORMAL
2023-01-04,124.8873,0.0,0.901926,0.289373,0.035501,0.13705,NORMAL
2023-01-04,124.8873,0.0,0.896446,0.294004,0.037004,0.139804,NORMAL
2023-01-04,124.8873,0.0,0.891033,0.300667,0.038139,0.14315,NORMAL
2023-01-04,124.8873,0.0,0.885684,0.2984,0.03764,0.141944,NORMAL
2023-01-05,125.1235,0.00189,0.817328,0.404553,0.038177,0.184727,NORMAL
2023-01-05,125.1235,0.0,0.830386,0.336986,0.03654,0.156718,NORMAL
2023-01-05,125.1235,0.0,0.843868,0.325761,0.033473,0.150388,NORMAL
2023-01-05,125.1235,0.0,0.857796,0.311575,0.030183,0.14274,NORMAL
2023-01-05,125.1235,0.0,0.872191,0.301723,0.027807,0.137374,NORMAL
2023-01-05,125.1235,0.0,0.887077,0.293753,0.026765,0.13356,NORMAL
2023-01-05,125.1235,0.0,0.90248,0.262569,0.026387,0.12086,NORMAL
2023-01-05,125.0083,-0.000921,0.918427,0.28054,0.025203,0.127338,NORMAL
2023-01-05,125.0083,0.0,0.934949,0.233115,0.021233,0.105986,NORMAL
2023-01-05,125.0083,0.0,0.952075,0.254004,0.021671,0.114604,NORMAL
2023-01-06,123.907,-0.008849,1.03277,0.470474,0.021563,0.201127,NORMAL
2023-01-06,123.907,0.0,1.033597,0.331786,0.021313,0.145502,NORMAL
2023-01-06,124.0212,0.000921,1.034425,0.30669,0.020632,0.135055,NORMAL
2023-01-06,124.0212,0.0,1.035254,0.258239,0.020871,0.115818,NORMAL
2023-01-06,123.907,-0.000921,1.036084,0.283761,0.023063,0.127342,NORMAL
2023-01-06,124.0212,0.000921,1.036916,0.260984,0.027753,0.121046,NORMAL
2023-01-06,124.0212,0.0,1.037749,0.228228,0.034213,0.111819,NORMAL
2023-01-06,124.0212,0.0,1.038584,0.223174,0.038998,0.112668,NORMAL
2023-01-06,124.0212,0.0,1.039419,0.222634,0.035666,0.110453,NORMAL
2023-01-06,124.0212,0.0,1.040257,0.222183,0.016728,0.09891,NORMAL
2023-01-09,128.2926,0.033861,0.844254,0.711461,0.058189,0.319498,NORMAL
2023-01-09,128.2926,0.0,0.849406,0.379608,0.066419,0.191695,NORMAL
2023-01-09,128.4108,0.000921,0.854622,0.360674,0.05575,0.17772,NORMAL
2023-01-09,128.4108,0.0,0.859901,0.334125,0.047417,0.1621,NORMAL
2023-01-09,128.2926,-0.000921,0.865247,0.342824,0.0477,0.16575,NORMAL
2023-01-09,128.4108,0.000921,0.870659,0.350609,0.053573,0.172388,NORMAL
2023-01-09,128.4108,0.0,0.87614,0.306898,0.060679,0.159166,NORMAL
2023-01-09,128.4108,0.0,0.88169,0.308291,0.06567,0.162718,NORMAL
2023-01-09,128.4108,0.0,0.88731,0.320188,0.066145,0.167762,NORMAL
2023-01-09,128.4108,0.0,0.893003,0.330795,0.062368,0.169739,NORMAL
2023-01-10,128.2041,-0.001611,0.818345,0.423365,0.05961,0.205112,NORMAL
2023-01-10,128.2041,0.0,0.831041,0.365586,0.057593,0.18079,NORMAL
2023-01-10,128.2041,0.0,0.844139,0.350871,0.054926,0.173304,NORMAL
2023-01-10,128.2041,0.0,0.857655,0.341141,0.050713,0.166884,NORMAL
2023-01-10,128.2041,0.0,0.871611,0.317583,0.04626,0.15479,NORMAL
2023-01-10,128.2041,0.0,0.88603,0.316929,0.043821,0.153064,NORMAL
2023-01-10,128.0861,-0.000921,0.900933,0.321173,0.043183,0.154379,NORMAL
2023-01-10,128.0861,0.0,0.916346,0.275717,0.042331,0.135686,NORMAL
2023-01-10,128.0861,0.0,0.932295,0.225176,0.040756,0.114524,NORMAL
2023-01-10,128.2041,0.000921,0.94881,0.267261,0.037097,0.129162,NORMAL
2023-01-11,129.1785,0.007572,1.032433,0.351741,0.034291,0.161271,NORMAL
2023-01-11,129.0596,-0.000921,1.033456,0.237173,0.032623,0.114443,NORMAL
2023-01-11,129.0596,0.0,1.034481,0.209798,0.0335,0.104019,NORMAL
2023-01-11,129.1785,0.000921,1.035508,0.23677,0.036439,0.116571,NORMAL
2023-01-11,129.0596,-0.000921,1.036537,0.240246,0.040408,0.120343,NORMAL
2023-01-11,129.1785,0.000921,1.037568,0.229037,0.044907,0.118559,NORMAL
2023-01-11,129.1785,0.0,1.038601,0.201983,0.047134,0.109074,NORMAL
2023-01-11,129.1785,0.0,1.039637,0.202424,0.04397,0.107351,NORMAL
2023-01-11,129.1785,0.0,1.040674,0.200755,0.034152,0.100793,NORMAL
2023-01-11,129.1785,0.0,1.041713,0.199243,0.018971,0.09108,NORMAL
2023-01-12,131.6457,0.018919,1.064545,0.587837,0.024459,0.24981,NORMAL
2023-01-12,131.6457,0.0,1.058638,0.310219,0.026587,0.14004,NORMAL
2023-01-12,131.767,0.000921,1.052796,0.310969,0.026733,0.140428,NORMAL
2023-01-12,131.767,0.0,1.047017,0.254143,0.025736,0.117099,NORMAL
2023-01-12,131.6457,-0.000921,1.041302,0.24237,0.024915,0.111897,NORMAL
2023-01-12,131.767,0.000921,1.035649,0.236454,0.024687,0.109394,NORMAL
2023-01-12,131.767,0.0,1.030057,0.216881,0.02476,0.101609,NORMAL
2023-01-12,131.767,0.0,1.024525,0.206682,0.024856,0.097587,NORMAL
2023-01-12,131.767,0.0,1.019052,0.193763,0.024518,0.092216,NORMAL
2023-01-12,131.767,0.0,1.013638,0.182339,0.023083,0.086785,NORMAL
2023-01-13,129.8266,-0.014835,0.827783,0.461122,0.038521,0.207562,NORMAL
2023-01-13,129.9462,0.000921,0.834745,0.277609,0.042723,0.136677,NORMAL
2023-01-13,129.9462,0.0,0.841825,0.241595,0.041754,0.12169,NORMAL
2023-01-13,129.9462,0.0,0.849026,0.235803,0.040649,0.118711,NORMAL
2023-01-13,129.9462,0.0,0.856352,0.231975,0.039767,0.11665,NORMAL
2023-01-13,129.9462,0.0,0.863805,0.219976,0.03741,0.110436,NORMAL
2023-01-13,129.9462,0.0,0.871389,0.208619,0.034015,0.103857,NORMAL
2023-01-13,129.8266,-0.000921,0.879107,0.243209,0.030817,0.115774,NORMAL
2023-01-13,129.8266,0.0,0.886963,0.20204,0.030357,0.09903,NORMAL
2023-01-13,129.9462,0.000921,0.894961,0.223648,0.029247,0.107007,NORMAL
2023-01-17,132.5798,0.020064,0.991257,0.4311,0.041607,0.197404,NORMAL
2023-01-17,132.702,0.000921,0.997262,0.21108,0.044414,0.11108,NORMAL
2023-01-17,132.5798,-0.000921,1.00334,0.203787,0.042128,0.106792,NORMAL
2023-01-17,132.5798,0.0,1.009494,0.184231,0.038411,0.096739,NORMAL
2023-01-17,132.702,0.000921,1.015723,0.209251,0.035728,0.105137,NORMAL
2023-01-17,132.702,0.0,1.022029,0.196737,0.033614,0.098863,NORMAL
2023-01-17,132.702,0.0,1.028414,0.199948,0.03256,0.099515,NORMAL
2023-01-17,132.702,0.0,1.03488,0.18919,0.031737,0.094719,NORMAL
2023-01-17,132.702,0.0,1.041427,0.184879,0.030574,0.092296,NORMAL
2023-01-17,132.702,0.0,1.048058,0.191235,0.030146,0.094582,NORMAL
2023-01-18,134.5366,0.01373,1.136192,0.472097,0.029546,0.206566,NORMAL
2023-01-18,134.5366,0.0,1.125307,0.242469,0.029889,0.114921,NORMAL
2023-01-18,134.5366,0.0,1.114629,0.233663,0.030527,0.111782,NORMAL
2023-01-18,134.6606,0.000921,1.104151,0.250942,0.031647,0.119365,NORMAL
2023-01-18,134.6606,0.0,1.093869,0.214051,0.033994,0.106017,NORMAL
2023-01-18,134.6606,0.0,1.083776,0.199199,0.036885,0.101811,NORMAL
2023-01-18,134.6606,0.0,1.073868,0.200368,0.040253,0.104299,NORMAL
2023-01-18,134.6606,0.0,1.064139,0.185077,0.042172,0.099334,NORMAL
2023-01-18,134.6606,0.0,1.054585,0.154775,0.039183,0.08542,NORMAL
2023-01-18,134.6606,0.0,1.045201,0.153022,0.029722,0.079042,NORMAL
2023-01-19,131.9638,-0.02023,0.877831,0.462565,0.039792,0.208901,NORMAL
2023-01-19,131.8424,-0.00092,0.881393,0.248442,0.039236,0.122918,NORMAL
2023-01-19,131.8424,0.0,0.884984,0.20401,0.037327,0.104,NORMAL
2023-01-19,131.9638,0.00092,0.888604,0.234241,0.037161,0.115993,NORMAL
2023-01-19,131.8424,-0.00092,0.892254,0.241208,0.037754,0.119135,NORMAL
2023-01-19,131.9638,0.00092,0.895935,0.227347,0.038193,0.113855,NORMAL
2023-01-19,131.9638,0.0,0.899645,0.203967,0.037641,0.104171,NORMAL
2023-01-19,131.9638,0.0,0.903387,0.203013,0.034756,0.102059,NORMAL
2023-01-19,131.9638,0.0,0.90716,0.205136,0.029099,0.099514,NORMAL
2023-01-19,131.9638,0.0,0.910964,0.205717,0.023311,0.096274,NORMAL
2023-01-20,133.0223,0.007989,1.243697,0.435588,0.035215,0.195364,NORMAL
2023-01-20,133.0223,0.0,1.233608,0.280748,0.037278,0.134666,NORMAL
2023-01-20,133.0223,0.0,1.223681,0.267124,0.033558,0.126985,NORMAL
2023-01-20,133.1449,0.000921,1.213913,0.279161,0.029048,0.129093,NORMAL
2023-01-20,133.1449,0.0,1.2043,0.230319,0.026361,0.107944,NORMAL
2023-01-20,133.1449,0.0,1.194838,0.205998,0.026735,0.09844,NORMAL
2023-01-20,133.1449,0.0,1.185523,0.196457,0.029029,0.096,NORMAL
2023-01-20,133.1449,0.0,1.176352,0.178111,0.031431,0.090103,NORMAL
2023-01-20,133.1449,0.0,1.167322,0.190308,0.033068,0.095964,NORMAL
2023-01-20,133.1449,0.0,1.15843,0.183894,0.035557,0.094892,NORMAL
2023-01-23,135.8149,0.019855,1.160939,0.566392,0.03671,0.248583,NORMAL
2023-01-23,135.8149,0.0,1.141904,0.288097,0.036606,0.137202,NORMAL
2023-01-23,135.9401,0.000921,1.123483,0.27902,0.036854,0.133721,NORMAL
2023-01-23,135.94,-1e-06,1.105646,0.220911,0.037939,0.111128,NORMAL
2023-01-23,135.8149,-0.000921,1.088367,0.21931,0.040513,0.112032,NORMAL
2023-01-23,135.9401,0.000921,1.07162,0.208358,0.043579,0.109491,NORMAL
2023-01-23,135.9401,0.0,1.055381,0.174531,0.046043,0.097438,NORMAL
2023-01-23,135.9401,0.0,1.039626,0.169044,0.04651,0.095523,NORMAL
2023-01-23,135.9401,0.0,1.024335,0.170535,0.042561,0.09375,NORMAL
2023-01-23,135.9401,0.0,1.009487,0.14946,0.032967,0.079564,NORMAL
2023-01-24,137.9684,0.01481,0.82731,0.482981,0.041648,0.218181,NORMAL
2023-01-24,137.9684,0.0,0.834474,0.242227,0.045861,0.124407,NORMAL
2023-01-24,138.0955,0.000921,0.841764,0.25742,0.048234,0.131909,NORMAL
2023-01-24,138.0955,0.0,0.849182,0.217551,0.049181,0.116529,NORMAL
2023-01-24,137.9683,-0.000922,0.856732,0.214446,0.048644,0.114965,NORMAL
2023-01-24,138.0955,0.000922,0.864417,0.19817,0.047732,0.107907,NORMAL
2023-01-24,138.0955,0.0,0.872241,0.162225,0.045862,0.092407,NORMAL
2023-01-24,138.0955,0.0,0.880208,0.155709,0.042732,0.087923,NORMAL
2023-01-24,138.0955,0.0,0.888323,0.134649,0.037815,0.076548,NORMAL
2023-01-24,138.0955,0.0,0.896588,0.119809,0.033906,0.068267,NORMAL
2023-01-25,138.5387,0.003204,0.897676,0.211533,0.033676,0.104819,NORMAL
2023-01-25,138.5387,0.0,0.907557,0.122515,0.033026,0.068822,NORMAL
2023-01-25,138.5387,0.0,0.917657,0.119155,0.032436,0.067123,NORMAL
2023-01-25,138.6663,0.000921,0.927986,0.155622,0.031693,0.081264,NORMAL
2023-01-25,138.6663,0.0,0.938549,0.125567,0.031053,0.068859,NORMAL
2023-01-25,138.6663,0.0,0.949356,0.12383,0.030313,0.06772,NORMAL
2023-01-25,138.6663,0.0,0.960415,0.124151,0.029131,0.067139,NORMAL
2023-01-25,138.6663,0.0,0.971734,0.124896,0.02742,0.06641,NORMAL
2023-01-25,138.6663,0.0,0.983323,0.129332,0.025718,0.067163,NORMAL
2023-01-25,138.6663,0.0,0.995192,0.137812,0.026731,0.071163,NORMAL
2023-01-26,140.9104,0.016054,0.826023,0.518385,0.031179,0.226061,NORMAL
2023-01-26,140.7806,-0.000922,0.833872,0.239634,0.030428,0.11411,NORMAL
2023-01-26,140.7806,0.0,0.841871,0.17571,0.027977,0.08707,NORMAL
2023-01-26,140.9104,0.000922,0.850025,0.180881,0.025945,0.08792,NORMAL
2023-01-26,140.7807,-0.000921,0.858338,0.159522,0.025743,0.079255,NORMAL
2023-01-26,140.9104,0.000921,0.866816,0.14603,0.025959,0.073987,NORMAL
2023-01-26,140.9104,0.0,0.875463,0.114093,0.026183,0.061347,NORMAL
2023-01-26,140.9104,0.0,0.884284,0.108024,0.025266,0.058369,NORMAL
2023-01-26,140.9104,0.0,0.893285,0.107847,0.021595,0.056096,NORMAL
2023-01-26,140.9103,-1e-06,0.902471,0.098599,0.015918,0.04899,NORMAL
2023-01-27,140.9005,-7e-05,1.172217,0.126317,0.023244,0.064473,NORMAL
2023-01-27,140.9005,0.0,1.167604,0.120715,0.027859,0.065002,NORMAL
2023-01-27,140.9005,0.0,1.163027,0.120646,0.030193,0.066374,NORMAL
2023-01-27,140.9005,0.0,1.158485,0.115821,0.031272,0.065092,NORMAL
2023-01-27,140.9005,0.0,1.153979,0.112651,0.033427,0.065117,NORMAL
2023-01-27,140.9005,0.0,1.149508,0.10218,0.035953,0.062444,NORMAL
2023-01-27,140.9005,0.0,1.145071,0.113777,0.037744,0.068157,NORMAL
2023-01-27,140.7708,-0.000921,1.140668,0.134417,0.037896,0.076505,NORMAL
2023-01-27,140.7708,0.0,1.136299,0.117127,0.036351,0.068661,NORMAL
2023-01-27,140.7708,0.0,1.131964,0.161141,0.036324,0.086251,NORMAL
2023-01-30,142.5408,0.012495,1.018931,0.384916,0.036989,0.17616,NORMAL
2023-01-30,142.5408,0.0,1.010957,0.151068,0.036106,0.082091,NORMAL
2023-01-30,142.5408,0.0,1.003108,0.13375,0.036319,0.075292,NORMAL
2023-01-30,142.6721,0.000921,0.995379,0.15255,0.035998,0.082619,NORMAL
2023-01-30,142.6721,0.0,0.987768,0.115612,0.034759,0.067101,NORMAL
2023-01-30,142.6721,0.0,0.980273,0.11036,0.032935,0.063905,NORMAL
2023-01-30,142.6721,0.0,0.972891,0.108863,0.031207,0.062269,NORMAL
2023-01-30,142.6721,0.0,0.96562,0.101892,0.029712,0.058584,NORMAL
2023-01-30,142.6721,0.0,0.958456,0.100731,0.027114,0.056561,NORMAL
2023-01-30,142.6721,0.0,0.951397,0.098805,0.020922,0.052076,NORMAL
2023-01-31,140.4478,-0.015713,0.982447,0.354128,0.031168,0.160352,NORMAL
2023-01-31,140.3185,-0.000921,0.985888,0.154848,0.037176,0.084245,NORMAL
2023-01-31,140.3185,0.0,0.989354,0.11994,0.03869,0.07119,NORMAL
2023-01-31,140.3185,0.0,0.992844,0.118909,0.037811,0.07025,NORMAL
2023-01-31,140.4478,0.000921,0.996359,0.141937,0.037163,0.079073,NORMAL
2023-01-31,140.4478,0.0,0.999899,0.113999,0.037827,0.068296,NORMAL
2023-01-31,140.4478,0.0,1.003464,0.109347,0.039325,0.067334,NORMAL
2023-01-31,140.4478,0.0,1.007055,0.110547,0.039367,0.067839,NORMAL
2023-01-31,140.4478,0.0,1.010671,0.113826,0.036234,0.067271,NORMAL
2023-01-31,140.4477,-1e-06,1.014314,0.121971,0.031805,0.067871,NORMAL
2023-02-01,141.6977,0.008861,1.183404,0.31061,0.033858,0.144559,NORMAL
2023-02-01,141.6977,0.0,1.171225,0.141699,0.032685,0.076291,NORMAL
2023-02-01,141.6977,0.0,1.159294,0.133703,0.031864,0.072599,NORMAL
2023-02-01,141.6977,0.0,1.147604,0.128703,0.029692,0.069296,NORMAL
2023-02-01,141.6978,1e-06,1.136147,0.129256,0.026377,0.067528,NORMAL
2023-02-01,141.6977,-1e-06,1.124917,0.120239,0.023122,0.061969,NORMAL
2023-02-01,141.5673,-0.000921,1.113907,0.127563,0.020833,0.063525,NORMAL
2023-02-01,141.5673,0.0,1.10311,0.099916,0.019857,0.051881,NORMAL
2023-02-01,141.5673,0.0,1.09252,0.105023,0.019233,0.053549,NORMAL
2023-02-01,141.6977,0.000921,1.082132,0.124601,0.015212,0.058968,NORMAL
2023-02-02,146.5499,0.03367,1.590743,0.817194,0.063376,0.364903,NORMAL
2023-02-02,146.415,-0.000921,1.536561,0.505108,0.086864,0.254162,NORMAL
2023-02-02,146.415,0.0,1.485948,0.41304,0.095451,0.222487,NORMAL
2023-02-02,146.415,0.0,1.438563,0.369106,0.094692,0.204458,NORMAL
2023-02-02,146.5499,0.000921,1.394107,0.379667,0.092184,0.207177,NORMAL
2023-02-02,146.5499,0.0,1.352316,0.32086,0.092771,0.184007,NORMAL
2023-02-02,146.5499,0.0,1.312958,0.30356,0.09559,0.178778,NORMAL
2023-02-02,146.5499,0.0,1.275825,0.286969,0.096424,0.172642,NORMAL
2023-02-02,146.5499,0.0,1.240736,0.267535,0.091842,0.162119,NORMAL
2023-02-02,146.5499,0.0,1.207525,0.247067,0.08269,0.148441,NORMAL
2023-02-03,145.5595,-0.006781,1.515744,0.506278,0.094292,0.259087,NORMAL
2023-02-03,145.5595,0.0,1.460739,0.356408,0.102974,0.204347,NORMAL
2023-02-03,145.5595,0.0,1.409587,0.317236,0.111691,0.193909,NORMAL
2023-02-03,145.6937,0.000922,1.361896,0.328361,0.119686,0.203156,NORMAL
2023-02-03,145.6936,-1e-06,1.317326,0.275681,0.124194,0.184789,NORMAL
2023-02-03,145.6936,0.0,1.275581,0.243366,0.126408,0.173191,NORMAL
2023-02-03,145.6936,0.0,1.2364,0.213637,0.127532,0.161974,NORMAL
2023-02-03,145.6936,0.0,1.199555,0.178116,0.127323,0.14764,NORMAL
2023-02-03,145.6937,1e-06,1.164842,0.146614,0.125596,0.134003,NORMAL
2023-02-03,145.6936,-1e-06,1.132082,0.104888,0.124709,0.11678,NORMAL
2023-02-06,150.0238,0.029288,0.521626,0.715402,0.145275,0.373326,NORMAL
2023-02-06,150.0238,0.0,0.531242,0.350929,0.147559,0.228907,NORMAL
2023-02-06,150.162,0.000921,0.541218,0.338593,0.149697,0.225255,NORMAL
2023-02-06,150.162,0.0,0.551577,0.285446,0.155041,0.207203,NORMAL
2023-02-06,150.0238,-0.000921,0.56234,0.276555,0.159879,0.206549,NORMAL
2023-02-06,150.162,0.000921,0.573531,0.286948,0.161565,0.211718,NORMAL
2023-02-06,150.162,0.0,0.585176,0.257628,0.156854,0.197164,NORMAL
2023-02-06,150.162,0.0,0.597305,0.251153,0.142954,0.186234,NORMAL
2023-02-06,150.162,0.0,0.609947,0.263005,0.119274,0.176766,NORMAL
2023-02-06,150.162,0.0,0.623135,0.270724,0.100007,0.168294,NORMAL
2023-02-07,148.126,-0.013651,0.767554,0.443011,0.097265,0.235563,NORMAL
2023-02-07,148.126,0.0,0.793516,0.210982,0.099497,0.144091,NORMAL
2023-02-07,148.2624,0.00092,0.821296,0.215359,0.10009,0.146198,NORMAL
2023-02-07,148.2624,0.0,0.851092,0.165967,0.099344,0.125993,NORMAL
2023-02-07,148.126,-0.00092,0.883131,0.175516,0.098676,0.129412,NORMAL
2023-02-07,148.2624,0.00092,0.917676,0.157374,0.098267,0.12191,NORMAL
2023-02-07,148.2625,1e-06,0.955034,0.115074,0.100195,0.106147,NORMAL
2023-02-07,148.2624,-1e-06,0.995563,0.113484,0.108275,0.110359,NORMAL
2023-02-07,148.2624,0.0,1.039685,0.092586,0.126202,0.112756,NORMAL
2023-02-07,148.2625,1e-06,1.087898,0.096373,0.149338,0.128152,NORMAL
2023-02-08,151.3119,0.020359,0.840329,0.36623,0.190171,0.260595,NORMAL
2023-02-08,151.3119,0.0,0.843501,0.082961,0.200124,0.153258,NORMAL
2023-02-08,151.3119,0.0,0.846697,0.074546,0.171604,0.13278,NORMAL
2023-02-08,151.4513,0.000921,0.849917,0.09686,0.133131,0.118623,NORMAL
2023-02-08,151.4513,0.0,0.853161,0.06943,0.107195,0.092089,NORMAL
2023-02-08,151.4514,1e-06,0.856431,0.06998,0.092594,0.083548,NORMAL
2023-02-08,151.4514,0.0,0.859725,0.07131,0.083224,0.078459,NORMAL
2023-02-08,151.4513,-1e-06,0.863045,0.073622,0.074446,0.074116,NORMAL
2023-02-08,151.4513,0.0,0.866391,0.070435,0.064067,0.066614,NORMAL
2023-02-08,151.4513,0.0,0.869763,0.077283,0.047792,0.059588,NORMAL
2023-02-09,151.2136,-0.001571,0.774054,0.18379,0.041745,0.098563,NORMAL
2023-02-09,151.2136,0.0,0.788946,0.150882,0.037841,0.083058,NORMAL
2023-02-09,151.2136,0.0,0.804422,0.135057,0.034837,0.074925,NORMAL
2023-02-09,151.3529,0.000921,0.820518,0.148069,0.032574,0.078772,NORMAL
2023-02-09,151.3529,0.0,0.837271,0.101071,0.031191,0.059143,NORMAL
2023-02-09,151.3529,0.0,0.854722,0.089342,0.029892,0.053672,NORMAL
2023-02-09,151.3529,0.0,0.872916,0.075264,0.029315,0.047695,NORMAL
2023-02-09,151.3529,0.0,0.891902,0.068945,0.030281,0.045747,NORMAL
2023-02-09,151.3529,0.0,0.911732,0.065121,0.032934,0.045809,NORMAL
2023-02-09,151.3529,0.0,0.932463,0.093123,0.029773,0.055113,NORMAL
2023-02-10,147.1901,-0.027889,0.961838,0.552186,0.054389,0.253508,NORMAL
2023-02-10,147.1901,0.0,0.967238,0.286603,0.060872,0.151164,NORMAL
2023-02-10,147.1901,0.0,0.972699,0.238516,0.051009,0.126012,NORMAL
2023-02-10,147.3257,0.000921,0.978222,0.209735,0.039739,0.107737,NORMAL
2023-02-10,147.3257,0.0,0.983808,0.170689,0.036904,0.090418,NORMAL
2023-02-10,147.3257,0.0,0.989458,0.162217,0.037238,0.08723,NORMAL
2023-02-10,147.3257,0.0,0.995174,0.162043,0.036386,0.086649,NORMAL
2023-02-10,147.3257,0.0,1.000956,0.165183,0.034556,0.086807,NORMAL
2023-02-10,147.3257,0.0,1.006805,0.166644,0.030705,0.085081,NORMAL
2023-02-10,147.3257,0.0,1.012724,0.164536,0.022959,0.07959,NORMAL
2023-02-13,148.7944,0.00992,1.090474,0.361271,0.030825,0.163003,NORMAL
2023-02-13,148.6574,-0.000921,1.084587,0.2083,0.033188,0.103233,NORMAL
2023-02-13,148.6574,0.0,1.078763,0.159172,0.032181,0.082978,NORMAL
2023-02-13,148.6574,0.0,1.073002,0.153789,0.030279,0.079683,NORMAL
2023-02-13,148.7944,0.000921,1.067302,0.163722,0.029299,0.083068,NORMAL
2023-02-13,148.7944,0.0,1.061662,0.12908,0.02965,0.069422,NORMAL
2023-02-13,148.7944,0.0,1.056081,0.109474,0.031255,0.062543,NORMAL
2023-02-13,148.7944,0.0,1.050558,0.082069,0.033696,0.053045,NORMAL
2023-02-13,148.7944,0.0,1.045093,0.062459,0.036307,0.046767,NORMAL
2023-02-13,148.7944,0.0,1.039685,0.055337,0.038268,0.045096,NORMAL
2023-02-14,149.9477,0.007721,1.027814,0.215039,0.037976,0.108801,NORMAL
2023-02-14,149.8097,-0.000921,1.024183,0.105206,0.035914,0.063631,NORMAL
2023-02-14,149.8097,0.0,1.020578,0.068841,0.033427,0.047593,NORMAL
2023-02-14,149.8096,-1e-06,1.016998,0.063772,0.031544,0.044436,NORMAL
2023-02-14,149.9477,0.000921,1.013443,0.076593,0.031008,0.049242,NORMAL
2023-02-14,149.9477,0.0,1.009913,0.045126,0.032254,0.037403,NORMAL
2023-02-14,149.9477,0.0,1.006407,0.043546,0.035622,0.038791,NORMAL
2023-02-14,149.9477,0.0,1.002925,0.038443,0.039747,0.039226,NORMAL
2023-02-14,149.9477,0.0,0.999468,0.039461,0.040257,0.039939,NORMAL
2023-02-14,149.9477,0.0,0.996034,0.04108,0.023087,0.030284,NORMAL
2023-02-15,150.7846,0.005566,1.055564,0.178368,0.018595,0.082504,NORMAL
2023-02-15,150.7846,0.0,1.052705,0.053462,0.016742,0.03143,NORMAL
2023-02-15,150.7846,0.0,1.049861,0.043719,0.016181,0.027196,NORMAL
2023-02-15,150.9236,0.000921,1.047032,0.077559,0.016344,0.04083,NORMAL
2023-02-15,150.9235,-1e-06,1.044219,0.045066,0.016572,0.02797,NORMAL
2023-02-15,150.9236,1e-06,1.04142,0.046771,0.017136,0.02899,NORMAL
2023-02-15,150.9235,-1e-06,1.038637,0.046828,0.018039,0.029555,NORMAL
2023-02-15,150.9236,1e-06,1.035868,0.051306,0.018973,0.031906,NORMAL
2023-02-15,150.9235,-1e-06,1.033114,0.053009,0.016737,0.031246,NORMAL
2023-02-15,150.9235,0.0,1.030375,0.053992,0.014111,0.030064,NORMAL
2023-02-16,151.1785,0.001688,1.065728,0.113391,0.012503,0.052858,NORMAL
2023-02-16,151.1786,1e-06,1.060373,0.07277,0.011336,0.03591,NORMAL
2023-02-16,151.1786,0.0,1.055071,0.069732,0.010608,0.034258,NORMAL
2023-02-16,151.3178,0.00092,1.049823,0.108365,0.010005,0.049349,NORMAL
2023-02-16,151.3178,0.0,1.044626,0.077068,0.009264,0.036386,NORMAL
2023-02-16,151.3178,0.0,1.039481,0.075534,0.008109,0.035079,NORMAL
2023-02-16,151.3178,0.0,1.034386,0.080217,0.00674,0.036131,NORMAL
2023-02-16,151.3178,0.0,1.029341,0.083497,0.005743,0.036845,NORMAL
2023-02-16,151.3178,0.0,1.024344,0.086027,0.005624,0.037785,NORMAL
2023-02-16,151.3178,0.0,1.019396,0.094639,0.006514,0.041764,NORMAL
2023-02-17,150.1744,-0.007585,0.888725,0.282228,0.014593,0.121647,NORMAL
2023-02-17,150.1744,0.0,0.893039,0.105414,0.017922,0.052919,NORMAL
2023-02-17,150.1744,0.0,0.897395,0.091099,0.017835,0.047141,NORMAL
2023-02-17,150.1744,0.0,0.901794,0.078783,0.01609,0.041167,NORMAL
2023-02-17,150.1744,0.0,0.906237,0.076571,0.013881,0.038957,NORMAL
2023-02-17,150.1744,0.0,0.910723,0.0702,0.012113,0.035348,NORMAL
2023-02-17,150.1744,0.0,0.915254,0.0697,0.0112,0.0346,NORMAL
2023-02-17,150.0362,-0.000921,0.91983,0.096336,0.011362,0.045352,NORMAL
2023-02-17,150.0362,0.0,0.924452,0.068256,0.012541,0.034827,NORMAL
2023-02-17,150.0362,0.0,0.929121,0.064223,0.015026,0.034705,NORMAL
2023-02-21,147.9188,-0.014213,0.931576,0.447331,0.02324,0.192877,NORMAL
2023-02-21,147.9188,0.0,0.938483,0.222177,0.028456,0.105944,NORMAL
2023-02-21,148.0551,0.000921,0.945492,0.163983,0.029627,0.083369,NORMAL
2023-02-21,148.0551,0.0,0.952608,0.115879,0.028279,0.063319,NORMAL
2023-02-21,147.9188,-0.000921,0.959831,0.145366,0.025872,0.073669,NORMAL
2023-02-21,148.0551,0.000921,0.967164,0.109282,0.02324,0.057657,NORMAL
2023-02-21,148.0551,0.0,0.97461,0.080081,0.021187,0.044744,NORMAL
2023-02-21,148.0551,0.0,0.982172,0.079168,0.019846,0.043575,NORMAL
2023-02-21,148.0551,0.0,0.989852,0.076453,0.019141,0.042066,NORMAL
2023-02-21,148.0551,0.0,0.997654,0.066447,0.018874,0.037904,NORMAL
2023-02-22,146.609,-0.009815,0.870515,0.338129,0.021886,0.148383,NORMAL
2023-02-22,146.609,0.0,0.876598,0.170091,0.023139,0.08192,NORMAL
2023-02-22,146.7441,0.000921,0.882766,0.141412,0.023116,0.070435,NORMAL
2023-02-22,146.7441,0.0,0.889022,0.10192,0.022794,0.054445,NORMAL
2023-02-22,146.609,-0.000921,0.895368,0.139997,0.022626,0.069574,NORMAL
2023-02-22,146.7441,0.000921,0.901804,0.112569,0.022793,0.058703,NORMAL
2023-02-22,146.7441,0.0,0.908334,0.077428,0.022612,0.044538,NORMAL
2023-02-22,146.7441,0.0,0.914959,0.06866,0.02109,0.040118,NORMAL
2023-02-22,146.7441,0.0,0.921682,0.064382,0.017772,0.036416,NORMAL
2023-02-22,146.7441,0.0,0.928504,0.063178,0.014215,0.0338,NORMAL
2023-02-23,147.9467,0.008162,0.889344,0.20572,0.020392,0.094523,NORMAL
2023-02-23,147.9467,0.0,0.897986,0.06305,0.023692,0.039435,NORMAL
2023-02-23,147.9467,0.0,0.906797,0.061124,0.024195,0.038966,NORMAL
2023-02-23,147.9467,0.0,0.915782,0.061149,0.023192,0.038375,NORMAL
2023-02-23,147.9467,0.0,0.924948,0.059512,0.02178,0.036873,NORMAL
2023-02-23,147.9467,0.0,0.934299,0.057215,0.020429,0.035143,NORMAL
2023-02-23,147.8105,-0.000921,0.943841,0.085658,0.019837,0.046165,NORMAL
2023-02-23,147.8105,0.0,0.953579,0.058281,0.019381,0.034941,NORMAL
2023-02-23,147.8105,0.0,0.963521,0.061128,0.018672,0.035655,NORMAL
2023-02-23,147.9467,0.000921,0.973672,0.073324,0.017583,0.039879,NORMAL
2023-02-24,145.0092,-0.020055,1.111044,0.438061,0.037937,0.197987,NORMAL
2023-02-24,144.8758,-0.00092,1.106105,0.225677,0.045261,0.117427,NORMAL
2023-02-24,144.8758,0.0,1.10121,0.154534,0.04254,0.087338,NORMAL
2023-02-24,145.0092,0.00092,1.096358,0.162046,0.034908,0.085763,NORMAL
2023-02-24,144.8758,-0.00092,1.091549,0.171899,0.029441,0.086424,NORMAL
2023-02-24,145.0092,0.00092,1.086782,0.155699,0.027183,0.078589,NORMAL
2023-02-24,145.0092,0.0,1.082056,0.121607,0.024114,0.063111,NORMAL
2023-02-24,145.0092,0.0,1.077371,0.124539,0.019378,0.061442,NORMAL
2023-02-24,145.0092,0.0,1.072727,0.12698,0.013555,0.058925,NORMAL
2023-02-24,145.0092,0.0,1.068122,0.131434,0.011367,0.059394,NORMAL
2023-02-27,145.6007,0.004071,0.869333,0.254913,0.01382,0.110257,NORMAL
2023-02-27,145.6007,0.0,0.872194,0.142825,0.015707,0.066554,NORMAL
2023-02-27,145.6007,0.0,0.875073,0.128746,0.01974,0.063342,NORMAL
2023-02-27,145.6007,0.0,0.877972,0.129134,0.024666,0.066453,NORMAL
2023-02-27,145.6007,0.0,0.88089,0.125633,0.027383,0.066683,NORMAL
2023-02-27,145.6007,0.0,0.883828,0.112184,0.027725,0.061509,NORMAL
2023-02-27,145.6007,0.0,0.886785,0.10809,0.024824,0.05813,NORMAL
2023-02-27,145.4666,-0.000921,0.889762,0.113135,0.020665,0.057653,NORMAL
2023-02-27,145.4667,1e-06,0.892759,0.081801,0.01629,0.042494,NORMAL
2023-02-27,145.4666,-1e-06,0.895777,0.076001,0.012643,0.037986,NORMAL
2023-02-28,144.8167,-0.004478,1.011184,0.217477,0.014769,0.095852,NORMAL
2023-02-28,144.8167,0.0,1.016188,0.112965,0.014773,0.05405,NORMAL
2023-02-28,144.8167,0.0,1.021241,0.11745,0.013494,0.055076,NORMAL
2023-02-28,144.9501,0.000921,1.026345,0.108994,0.012348,0.051006,NORMAL
2023-02-28,144.9501,0.0,1.0315,0.070242,0.013755,0.03635,NORMAL
2023-02-28,144.9501,0.0,1.036707,0.069608,0.018127,0.038719,NORMAL
2023-02-28,144.9501,0.0,1.041967,0.068752,0.024308,0.042086,NORMAL
2023-02-28,144.9501,0.0,1.04728,0.06901,0.029131,0.045082,NORMAL
2023-02-28,144.9501,0.0,1.052648,0.068421,0.028259,0.044324,NORMAL
2023-02-28,144.9501,0.0,1.058072,0.071423,0.016082,0.038218,NORMAL
2023-03-01,144.7332,-0.001497,1.14871,0.177519,0.017647,0.081596,NORMAL
2023-03-01,144.6,-0.000921,1.13638,0.167653,0.019787,0.078933,NORMAL
2023-03-01,144.6,0.0,1.124312,0.134633,0.021963,0.067031,NORMAL
2023-03-01,144.6,0.0,1.112498,0.123049,0.023844,0.063526,NORMAL
2023-03-01,144.7332,0.000921,1.100929,0.104842,0.024518,0.056648,NORMAL
2023-03-01,144.7332,0.0,1.089599,0.082873,0.024834,0.048049,NORMAL
2023-03-01,144.7332,0.0,1.078499,0.082094,0.024334,0.047438,NORMAL
2023-03-01,144.7332,0.0,1.067623,0.078236,0.022156,0.044588,NORMAL
2023-03-01,144.7332,0.0,1.056965,0.076959,0.016878,0.04091,NORMAL
2023-03-01,144.7332,0.0,1.046517,0.08754,0.010417,0.041266,NORMAL
2023-03-02,142.1872,-0.017748,0.983814,0.497047,0.025164,0.213917,NORMAL
2023-03-02,142.1872,0.0,0.982249,0.254179,0.030964,0.12025,NORMAL
2023-03-02,142.1872,0.0,0.98069,0.237637,0.028561,0.112192,NORMAL
2023-03-02,142.3182,0.000921,0.979136,0.175004,0.021905,0.083145,NORMAL
2023-03-02,142.3182,0.0,0.977587,0.126618,0.016447,0.060516,NORMAL
2023-03-02,142.3182,0.0,0.976042,0.131704,0.013438,0.060745,NORMAL
2023-03-02,142.3183,1e-06,0.974503,0.128761,0.012013,0.058712,NORMAL
2023-03-02,142.3183,0.0,0.972968,0.125394,0.011409,0.057003,NORMAL
2023-03-02,142.3182,-1e-06,0.971438,0.121072,0.011382,0.055258,NORMAL
2023-03-02,142.3182,0.0,0.969913,0.121084,0.010463,0.054711,NORMAL
2023-03-03,145.7916,0.024113,1.29496,0.518972,0.040984,0.232179,NORMAL
2023-03-03,145.7916,0.0,1.277128,0.172078,0.050465,0.09911,NORMAL
2023-03-03,145.7916,0.0,1.25978,0.16524,0.048022,0.094909,NORMAL
2023-03-03,145.926,0.000921,1.242897,0.183842,0.041765,0.098596,NORMAL
2023-03-03,145.926,0.0,1.226461,0.151337,0.039098,0.083993,NORMAL
2023-03-03,145.926,0.0,1.210454,0.138225,0.040417,0.07954,NORMAL
2023-03-03,145.926,0.0,1.194859,0.13611,0.042941,0.080209,NORMAL
2023-03-03,145.9259,-1e-06,1.179661,0.142742,0.044482,0.083786,NORMAL
2023-03-03,145.9259,0.0,1.164844,0.138743,0.044867,0.082417,NORMAL
2023-03-03,145.926,1e-06,1.150396,0.144026,0.045612,0.084977,NORMAL
2023-03-06,151.5938,0.038105,1.38429,0.812712,0.085626,0.37646,NORMAL
2023-03-06,151.5938,0.0,1.34669,0.48284,0.113504,0.261239,NORMAL
2023-03-06,151.5939,1e-06,1.311079,0.40346,0.130957,0.239958,NORMAL
2023-03-06,151.5939,0.0,1.277302,0.385779,0.138265,0.23727,NORMAL
2023-03-06,151.5938,-1e-06,1.245222,0.383571,0.139584,0.237179,NORMAL
2023-03-06,151.5938,0.0,1.214714,0.365603,0.13751,0.228747,NORMAL
2023-03-06,151.5938,0.0,1.185665,0.354809,0.135849,0.223433,NORMAL
2023-03-06,151.4543,-0.000921,1.157973,0.383801,0.135378,0.234747,NORMAL
2023-03-06,151.4543,0.0,1.131545,0.304839,0.134751,0.202787,NORMAL
2023-03-06,151.4543,0.0,1.106296,0.270777,0.132319,0.187702,NORMAL
2023-03-07,151.3657,-0.000585,0.716446,0.312977,0.143274,0.211155,NORMAL
2023-03-07,151.3656,-1e-06,0.723155,0.285059,0.146096,0.201681,NORMAL
2023-03-07,151.5052,0.000922,0.729991,0.30053,0.146652,0.208203,NORMAL
2023-03-07,151.5051,-1e-06,0.736957,0.259311,0.14778,0.192392,NORMAL
2023-03-07,151.3657,-0.000921,0.744058,0.289908,0.148078,0.20481,NORMAL
2023-03-07,151.5051,0.000921,0.751297,0.242495,0.147272,0.185361,NORMAL
2023-03-07,151.5051,0.0,0.758678,0.193318,0.142867,0.163047,NORMAL
2023-03-07,151.5051,0.0,0.766205,0.169808,0.13282,0.147615,NORMAL
2023-03-07,151.5051,0.0,0.773883,0.115405,0.116851,0.116273,NORMAL
2023-03-07,151.5051,0.0,0.781717,0.139366,0.108277,0.120712,NORMAL
2023-03-08,150.4892,-0.006728,0.67578,0.325356,0.103449,0.192212,NORMAL
2023-03-08,150.4892,0.0,0.69588,0.177748,0.09668,0.129107,NORMAL
2023-03-08,150.6278,0.000921,0.717213,0.194205,0.088504,0.130784,NORMAL
2023-03-08,150.6278,0.0,0.739895,0.129382,0.079629,0.09953,NORMAL
2023-03-08,150.4892,-0.000921,0.764058,0.128122,0.072055,0.094482,NORMAL
2023-03-08,150.6278,0.000921,0.789853,0.133095,0.066882,0.093367,NORMAL
2023-03-08,150.6278,0.0,0.81745,0.084165,0.063902,0.072007,NORMAL
2023-03-08,150.6278,0.0,0.847046,0.067609,0.05972,0.062876,NORMAL
2023-03-08,150.6278,0.0,0.878866,0.053904,0.052479,0.053049,NORMAL
2023-03-08,150.6278,0.0,0.913169,0.048857,0.048307,0.048527,NORMAL
2023-03-09,151.2278,0.003975,1.043773,0.119739,0.041885,0.073027,NORMAL
2023-03-09,151.3671,0.000921,1.046154,0.075474,0.039462,0.053867,NORMAL
2023-03-09,151.3671,0.0,1.048547,0.051216,0.039975,0.044471,NORMAL
2023-03-09,151.3671,0.0,1.050951,0.052058,0.04102,0.045435,NORMAL
2023-03-09,151.3671,0.0,1.053365,0.052058,0.04177,0.045885,NORMAL
2023-03-09,151.3671,0.0,1.055791,0.054404,0.042579,0.047309,NORMAL
2023-03-09,151.3671,0.0,1.058228,0.05381,0.042686,0.047136,NORMAL
2023-03-09,151.3671,0.0,1.060676,0.056531,0.040647,0.047001,NORMAL
2023-03-09,151.2278,-0.000921,1.063136,0.076386,0.037956,0.053328,NORMAL
2023-03-09,151.2278,0.0,1.065607,0.05046,0.030062,0.038221,NORMAL
2023-03-10,148.065,-0.021136,1.329242,0.544609,0.064901,0.256784,NORMAL
2023-03-10,148.065,0.0,1.302272,0.295345,0.078695,0.165355,NORMAL
2023-03-10,147.9287,-0.000921,1.276375,0.29764,0.071066,0.161695,NORMAL
2023-03-10,147.9287,0.0,1.251487,0.226282,0.057674,0.125117,NORMAL
2023-03-10,147.9287,0.0,1.227552,0.208684,0.05563,0.116851,NORMAL
2023-03-10,148.065,0.000921,1.204515,0.190324,0.053682,0.108339,NORMAL
2023-03-10,148.065,0.0,1.182326,0.133842,0.043397,0.079575,NORMAL
2023-03-10,148.065,0.0,1.160941,0.133499,0.031161,0.072096,NORMAL
2023-03-10,148.065,0.0,1.140315,0.136373,0.025602,0.069911,NORMAL
2023-03-10,148.065,0.0,1.120409,0.124133,0.023136,0.063535,NORMAL
2023-03-13,145.5651,-0.017028,1.346269,0.592717,0.037643,0.259672,NORMAL
2023-03-13,145.5651,0.0,1.314193,0.332093,0.049242,0.162382,NORMAL
2023-03-13,145.6992,0.000921,1.28361,0.307629,0.057451,0.157522,NORMAL
2023-03-13,145.6993,1e-06,1.254418,0.252062,0.060598,0.137183,NORMAL
2023-03-13,145.5651,-0.000921,1.226525,0.28239,0.059106,0.148419,NORMAL
2023-03-13,145.6992,0.000921,1.199844,0.248759,0.055193,0.132619,NORMAL
2023-03-13,145.6993,1e-06,1.1743,0.186612,0.050689,0.105058,NORMAL
2023-03-13,145.6992,-1e-06,1.149821,0.160634,0.046468,0.092134,NORMAL
2023-03-13,145.6992,0.0,1.126341,0.146793,0.04335,0.084727,NORMAL
2023-03-13,145.6992,0.0,1.103802,0.116026,0.04259,0.071964,NORMAL
2023-03-14,148.9824,0.022284,0.959945,0.371248,0.073733,0.192739,NORMAL
2023-03-14,149.1197,0.000921,0.956753,0.108797,0.092805,0.099202,NORMAL
2023-03-14,149.1197,0.0,0.953581,0.085287,0.091497,0.089013,NORMAL
2023-03-14,149.1197,0.0,0.950431,0.087932,0.085053,0.086205,NORMAL
2023-03-14,149.1197,0.0,0.947301,0.092249,0.081877,0.086026,NORMAL
2023-03-14,149.1197,0.0,0.944192,0.087705,0.078718,0.082313,NORMAL
2023-03-14,149.1197,0.0,0.941103,0.089192,0.072682,0.079286,NORMAL
2023-03-14,148.9824,-0.000921,0.938035,0.133046,0.062347,0.090627,NORMAL
2023-03-14,148.9824,0.0,0.934986,0.106707,0.049262,0.07224,NORMAL
2023-03-14,149.1197,0.000921,0.931957,0.133432,0.03487,0.074295,NORMAL
2023-03-15,148.8938,-0.001516,0.980382,0.149987,0.034902,0.080936,NORMAL
2023-03-15,149.031,0.000921,0.984943,0.129339,0.035931,0.073294,NORMAL
2023-03-15,148.8938,-0.000921,0.989546,0.135128,0.036694,0.076068,NORMAL
2023-03-15,148.8938,0.0,0.994193,0.106994,0.036178,0.064504,NORMAL
2023-03-15,149.031,0.000921,0.998883,0.125819,0.034506,0.071031,NORMAL
2023-03-15,149.031,0.0,1.003618,0.092792,0.033475,0.057202,NORMAL
2023-03-15,149.031,0.0,1.008397,0.073434,0.033165,0.049272,NORMAL
2023-03-15,149.031,0.0,1.013223,0.070141,0.032242,0.047401,NORMAL
2023-03-15,149.031,0.0,1.018095,0.060658,0.029661,0.04206,NORMAL
2023-03-15,149.031,0.0,1.023014,0.084219,0.027111,0.049954,NORMAL
2023-03-16,149.8491,0.005474,1.00802,0.203678,0.028275,0.098436,NORMAL
2023-03-16,149.8491,0.0,1.006378,0.075359,0.028178,0.047051,NORMAL
2023-03-16,149.8491,0.0,1.004742,0.057545,0.027782,0.039687,NORMAL
2023-03-16,149.9871,0.000921,1.00311,0.090194,0.027801,0.052758,NORMAL
2023-03-16,149.9871,0.0,1.001485,0.059362,0.029475,0.04143,NORMAL
2023-03-16,149.9871,0.0,0.999864,0.053618,0.033712,0.041674,NORMAL
2023-03-16,149.9871,0.0,0.998249,0.049123,0.037321,0.042042,NORMAL
2023-03-16,149.9871,0.0,0.996638,0.045695,0.0357,0.039698,NORMAL
2023-03-16,149.9871,0.0,0.995034,0.049259,0.02738,0.036132,NORMAL
2023-03-16,149.9871,0.0,0.993434,0.04474,0.014728,0.026733,NORMAL
2023-03-17,153.8511,0.025436,1.272545,0.64423,0.037102,0.279953,NORMAL
2023-03-17,153.7095,-0.000921,1.254971,0.264589,0.047601,0.134396,NORMAL
2023-03-17,153.7095,0.0,1.237875,0.189236,0.050643,0.10608,NORMAL
2023-03-17,153.8512,0.000921,1.221239,0.178725,0.048929,0.100847,NORMAL
2023-03-17,153.7095,-0.000921,1.205044,0.156546,0.04473,0.089457,NORMAL
2023-03-17,153.8512,0.000921,1.189274,0.151289,0.040861,0.085032,NORMAL
2023-03-17,153.8511,-1e-06,1.17391,0.118616,0.038415,0.070496,NORMAL
2023-03-17,153.8512,1e-06,1.158939,0.122805,0.0374,0.071562,NORMAL
2023-03-17,153.8511,-1e-06,1.144344,0.120349,0.037368,0.07056,NORMAL
2023-03-17,153.8511,0.0,1.130113,0.113517,0.036552,0.067338,NORMAL
2023-03-20,152.7149,-0.007412,0.84232,0.30468,0.04762,0.150444,NORMAL
2023-03-20,152.7149,0.0,0.843536,0.140278,0.046544,0.084038,NORMAL
2023-03-20,152.7149,0.0,0.844755,0.135985,0.042362,0.079811,NORMAL
2023-03-20,152.8556,0.000921,0.845977,0.160748,0.042208,0.089624,NORMAL
2023-03-20,152.8556,0.0,0.847203,0.13553,0.043323,0.080206,NORMAL
2023-03-20,152.8556,0.0,0.848433,0.12674,0.043915,0.077045,NORMAL
2023-03-20,152.8556,0.0,0.849666,0.112904,0.04407,0.071604,NORMAL
2023-03-20,152.8556,0.0,0.850903,0.100479,0.044726,0.067027,NORMAL
2023-03-20,152.8556,0.0,0.852144,0.077475,0.046724,0.059025,NORMAL
2023-03-20,152.8556,0.0,0.853388,0.071487,0.04717,0.056897,NORMAL
2023-03-21,154.9307,0.013484,0.869426,0.31404,0.050083,0.155666,NORMAL
2023-03-21,154.9307,0.0,0.882399,0.061691,0.048074,0.053521,NORMAL
2023-03-21,155.0734,0.000921,0.895765,0.086469,0.043859,0.060903,NORMAL
2023-03-21,155.0734,0.0,0.909543,0.044295,0.038558,0.040853,NORMAL
2023-03-21,154.9307,-0.000921,0.92375,0.063721,0.034563,0.046226,NORMAL
2023-03-21,155.0734,0.000921,0.938409,0.058786,0.033046,0.043342,NORMAL
2023-03-21,155.0734,0.0,0.953541,0.032787,0.032933,0.032875,NORMAL
2023-03-21,155.0734,0.0,0.969168,0.04034,0.031696,0.035153,NORMAL
2023-03-21,155.0734,0.0,0.985316,0.036903,0.025914,0.030309,NORMAL
2023-03-21,155.0734,0.0,1.002012,0.041298,0.01896,0.027895,NORMAL
2023-03-22,156.8806,0.011586,1.02448,0.302972,0.01793,0.131947,NORMAL
2023-03-22,156.8806,0.0,1.023054,0.083158,0.018921,0.044616,NORMAL
2023-03-22,157.0251,0.000921,1.021632,0.102546,0.020544,0.053345,NORMAL
2023-03-22,157.0252,1e-06,1.020213,0.07582,0.021357,0.043142,NORMAL
2023-03-22,156.8806,-0.000921,1.018799,0.075887,0.021951,0.043525,NORMAL
2023-03-22,157.0252,0.000921,1.017388,0.069611,0.022931,0.041603,NORMAL
2023-03-22,157.0252,0.0,1.015982,0.045604,0.024297,0.03282,NORMAL
2023-03-22,157.0252,0.0,1.014579,0.046013,0.02517,0.033507,NORMAL
2023-03-22,157.0252,0.0,1.01318,0.036937,0.022986,0.028566,NORMAL
2023-03-22,157.0252,0.0,1.011785,0.028668,0.013219,0.019398,NORMAL
2023-03-23,156.4177,-0.003876,0.907628,0.148808,0.013964,0.067902,NORMAL
2023-03-23,156.4177,0.0,0.911491,0.055497,0.013528,0.030316,NORMAL
2023-03-23,156.4178,1e-06,0.915388,0.054166,0.012983,0.029456,NORMAL
2023-03-23,156.5619,0.000921,0.919318,0.068294,0.012332,0.034717,NORMAL
2023-03-23,156.5619,0.0,0.923282,0.055118,0.011749,0.029097,NORMAL
2023-03-23,156.5619,0.0,0.92728,0.05349,0.011367,0.028216,NORMAL
2023-03-23,156.5619,0.0,0.931314,0.049501,0.011202,0.026522,NORMAL
2023-03-23,156.5618,-1e-06,0.935382,0.05365,0.011248,0.028209,NORMAL
2023-03-23,156.5619,1e-06,0.939486,0.055639,0.011315,0.029045,NORMAL
2023-03-23,156.5619,0.0,0.943626,0.055848,0.010602,0.0287,NORMAL
2023-03-24,156.4473,-0.000732,0.835676,0.085376,0.010514,0.040458,NORMAL
2023-03-24,156.4473,0.0,0.845526,0.069826,0.010381,0.034159,NORMAL
2023-03-24,156.4473,0.0,0.855612,0.061974,0.009948,0.030759,NORMAL
2023-03-24,156.5915,0.000921,0.865941,0.072172,0.009256,0.034422,NORMAL
2023-03-24,156.5914,-1e-06,0.876523,0.050205,0.009255,0.025635,NORMAL
2023-03-24,156.5914,0.0,0.887366,0.048653,0.009164,0.02496,NORMAL
2023-03-24,156.5914,0.0,0.898481,0.045169,0.00898,0.023456,NORMAL
2023-03-24,156.5915,1e-06,0.909878,0.049966,0.008436,0.025048,NORMAL
2023-03-24,156.5914,-1e-06,0.921568,0.055672,0.007145,0.026556,NORMAL
2023-03-24,156.5914,0.0,0.933562,0.066669,0.005619,0.030039,NORMAL
2023-03-27,157.5109,0.005855,0.836268,0.216903,0.009127,0.092238,NORMAL
2023-03-27,157.5109,0.0,0.84656,0.097263,0.011206,0.045629,NORMAL
2023-03-27,157.5109,0.0,0.857108,0.079363,0.012179,0.039053,NORMAL
2023-03-27,157.656,0.000921,0.867922,0.106314,0.012242,0.049871,NORMAL
2023-03-27,157.656,0.0,0.879012,0.073359,0.012243,0.036689,NORMAL
2023-03-27,157.656,0.0,0.890389,0.0608,0.012103,0.031582,NORMAL
2023-03-27,157.656,0.0,0.902065,0.05659,0.011811,0.029722,NORMAL
2023-03-27,157.656,0.0,0.914051,0.054961,0.011094,0.028641,NORMAL
2023-03-27,157.656,0.0,0.92636,0.055335,0.009366,0.027753,NORMAL
2023-03-27,157.656,0.0,0.939005,0.055059,0.006225,0.025759,NORMAL
2023-03-28,155.5708,-0.013315,0.834202,0.329391,0.019059,0.143192,NORMAL
2023-03-28,155.5708,0.0,0.844312,0.104136,0.020286,0.053826,NORMAL
2023-03-28,155.5708,0.0,0.854671,0.082657,0.015625,0.042438,NORMAL
2023-03-28,155.7141,0.000921,0.865287,0.088106,0.011481,0.042131,NORMAL
2023-03-28,155.7141,0.0,0.87617,0.058737,0.010516,0.029805,NORMAL
2023-03-28,155.7141,0.0,0.88733,0.05754,0.010894,0.029553,NORMAL
2023-03-28,155.7141,0.0,0.898779,0.057325,0.010781,0.029399,NORMAL
2023-03-28,155.7141,0.0,0.910526,0.052182,0.010229,0.02701,NORMAL
2023-03-28,155.7142,1e-06,0.922585,0.052687,0.010096,0.027132,NORMAL
2023-03-28,155.7141,-1e-06,0.934967,0.05563,0.010786,0.028724,NORMAL
2023-03-29,156.9496,0.007903,1.044135,0.166847,0.016379,0.076566,NORMAL
2023-03-29,156.9496,0.0,1.045289,0.035736,0.017352,0.024706,NORMAL
2023-03-29,156.9495,-1e-06,1.046445,0.036907,0.0159,0.024303,NORMAL
2023-03-29,157.0942,0.000922,1.047604,0.064837,0.014243,0.03448,NORMAL
2023-03-29,157.0942,0.0,1.048765,0.040427,0.013188,0.024084,NORMAL
2023-03-29,157.0942,0.0,1.049929,0.039314,0.013008,0.023531,NORMAL
2023-03-29,157.0942,0.0,1.051096,0.036338,0.013564,0.022673,NORMAL
2023-03-29,157.0942,0.0,1.052265,0.03549,0.014608,0.022961,NORMAL
2023-03-29,157.0942,0.0,1.053436,0.034253,0.015881,0.02323,NORMAL
2023-03-29,157.0942,0.0,1.054611,0.032501,0.017067,0.023241,NORMAL
2023-03-30,159.0768,0.012541,1.013872,0.325785,0.01976,0.14217,NORMAL
2023-03-30,159.0768,0.0,1.010241,0.084711,0.021507,0.046788,NORMAL
2023-03-30,159.2233,0.000921,1.006636,0.092409,0.022726,0.050599,NORMAL
2023-03-30,159.2233,0.0,1.003057,0.053572,0.023528,0.035546,NORMAL
2023-03-30,159.0768,-0.000921,0.999503,0.064271,0.024085,0.040159,NORMAL
2023-03-30,159.2233,0.000921,0.995974,0.054071,0.025148,0.036717,NORMAL
2023-03-30,159.2233,0.0,0.99247,0.032096,0.026306,0.028622,NORMAL
2023-03-30,159.2233,0.0,0.988991,0.028606,0.026021,0.027055,NORMAL
2023-03-30,159.2233,0.0,0.985536,0.027119,0.021639,0.023831,NORMAL
2023-03-30,159.2233,0.0,0.982104,0.024229,0.01348,0.01778,NORMAL
2023-03-31,159.9729,0.004697,1.340782,0.227315,0.024741,0.10577,NORMAL
2023-03-31,159.9729,0.0,1.318357,0.112548,0.029688,0.062832,NORMAL
2023-03-31,159.9729,0.0,1.296669,0.107029,0.030209,0.060937,NORMAL
2023-03-31,160.1203,0.000921,1.275684,0.124754,0.029196,0.067419,NORMAL
2023-03-31,160.1203,0.0,1.255366,0.090059,0.0279,0.052763,NORMAL
2023-03-31,160.1203,0.0,1.235686,0.083842,0.026697,0.049555,NORMAL
2023-03-31,160.1203,0.0,1.216614,0.067664,0.025324,0.04226,NORMAL
2023-03-31,160.1203,0.0,1.198121,0.058037,0.023275,0.03718,NORMAL
2023-03-31,160.1203,0.0,1.180182,0.05979,0.020326,0.036112,NORMAL
2023-03-31,160.1203,0.0,1.162773,0.065308,0.018106,0.036987,NORMAL
2023-04-03,161.7751,0.010282,0.957592,0.297717,0.021222,0.13182,NORMAL
2023-04-03,161.7752,1e-06,0.951614,0.096037,0.023125,0.05229,NORMAL
2023-04-03,161.9242,0.000921,0.945711,0.107171,0.025188,0.057981,NORMAL
2023-04-03,161.9242,0.0,0.939881,0.073554,0.026404,0.045264,NORMAL
2023-04-03,161.7751,-0.000921,0.934122,0.055859,0.026841,0.038448,NORMAL
2023-04-03,161.9242,0.000921,0.928434,0.045061,0.026694,0.034041,NORMAL
2023-04-03,161.9242,0.0,0.922814,0.02091,0.026342,0.024169,NORMAL
2023-04-03,161.9242,0.0,0.917261,0.020175,0.025654,0.023463,NORMAL
2023-04-03,161.9242,0.0,0.911776,0.018058,0.024041,0.021648,NORMAL
2023-04-03,161.9242,0.0,0.906355,0.019055,0.021596,0.020579,NORMAL
2023-04-04,164.0698,0.013164,0.749575,0.399274,0.026174,0.175414,NORMAL
2023-04-04,164.0698,0.0,0.763469,0.14213,0.02957,0.074594,NORMAL
2023-04-04,164.2209,0.000921,0.777888,0.150206,0.032232,0.079422,NORMAL
2023-04-04,164.2209,0.0,0.792862,0.113181,0.033806,0.065556,NORMAL
2023-04-04,164.0698,-0.000921,0.808423,0.091845,0.035011,0.057745,NORMAL
2023-04-04,164.2209,0.000921,0.824608,0.083493,0.035495,0.054695,NORMAL
2023-04-04,164.2209,0.0,0.841455,0.049053,0.034881,0.04055,NORMAL
2023-04-04,164.2209,0.0,0.859004,0.043958,0.032526,0.037099,NORMAL
2023-04-04,164.2209,0.0,0.8773,0.033024,0.027843,0.029916,NORMAL
2023-04-04,164.2209,0.0,0.896393,0.027531,0.026743,0.027058,NORMAL
2023-04-05,162.238,-0.012148,1.00307,0.267652,0.032435,0.126522,NORMAL
2023-04-05,162.238,0.0,1.008436,0.042664,0.032161,0.036362,NORMAL
2023-04-05,162.238,0.0,1.013859,0.044548,0.03054,0.036143,NORMAL
2023-04-05,162.3875,0.000921,1.01934,0.073716,0.03049,0.047781,NORMAL
2023-04-05,162.3875,0.0,1.024882,0.043499,0.031949,0.036569,NORMAL
2023-04-05,162.3875,0.0,1.030483,0.035374,0.033402,0.034191,NORMAL
2023-04-05,162.3875,0.0,1.036147,0.032732,0.034137,0.033575,NORMAL
2023-04-05,162.3875,0.0,1.041873,0.03274,0.033983,0.033486,NORMAL
2023-04-05,162.3875,0.0,1.047662,0.03071,0.032336,0.031686,NORMAL
2023-04-05,162.3875,0.0,1.053517,0.02808,0.028307,0.028216,NORMAL
2023-04-06,160.1105,-0.014121,0.929162,0.373559,0.031472,0.168307,NORMAL
2023-04-06,159.9631,-0.000921,0.930007,0.20316,0.032768,0.100925,NORMAL
2023-04-06,159.9631,0.0,0.930854,0.134016,0.030702,0.072028,NORMAL
2023-04-06,160.1105,0.000921,0.931703,0.120533,0.026144,0.063899,NORMAL
2023-04-06,159.9631,-0.000921,0.932553,0.136524,0.022507,0.068114,NORMAL
2023-04-06,160.1105,0.000921,0.933405,0.106803,0.019745,0.054568,NORMAL
2023-04-06,160.1104,-1e-06,0.934258,0.065933,0.018518,0.037484,NORMAL
2023-04-06,160.1104,0.0,0.935113,0.054892,0.018377,0.032983,NORMAL
2023-04-06,160.1105,1e-06,0.935969,0.056074,0.018203,0.033352,NORMAL
2023-04-06,160.1104,-1e-06,0.936827,0.047043,0.018143,0.029703,NORMAL
2023-04-10,159.1149,-0.006237,0.988723,0.201693,0.018282,0.091647,NORMAL
2023-04-10,159.1149,0.0,0.992625,0.08723,0.018789,0.046165,NORMAL
2023-04-10,159.1149,0.0,0.996559,0.084643,0.019568,0.045598,NORMAL
2023-04-10,159.1149,0.0,1.000523,0.08,0.020524,0.044315,NORMAL
2023-04-10,159.1149,0.0,1.00452,0.075177,0.022281,0.04344,NORMAL
2023-04-10,159.1149,0.0,1.008548,0.066009,0.024086,0.040855,NORMAL
2023-04-10,159.1149,0.0,1.012609,0.07066,0.025585,0.043615,NORMAL
2023-04-10,158.9684,-0.000921,1.016703,0.116866,0.025931,0.062305,NORMAL
2023-04-10,158.9684,0.0,1.02083,0.079083,0.023933,0.045993,NORMAL
2023-04-10,158.9684,0.0,1.024991,0.093169,0.01939,0.048902,NORMAL
2023-04-11,159.8843,0.005745,1.020957,0.128851,0.021473,0.064424,NORMAL
2023-04-11,159.8843,0.0,1.018497,0.022935,0.02183,0.022272,NORMAL
2023-04-11,160.0316,0.000921,1.016049,0.046668,0.020937,0.03123,NORMAL
2023-04-11,160.0316,0.0,1.013613,0.02991,0.019574,0.023708,NORMAL
2023-04-11,159.8843,-0.000921,1.011189,0.051821,0.018362,0.031746,NORMAL
2023-04-11,160.0316,0.000921,1.008776,0.050132,0.017625,0.030628,NORMAL
2023-04-11,160.0316,0.0,1.006374,0.027569,0.017259,0.021383,NORMAL
2023-04-11,160.0316,0.0,1.003984,0.027569,0.016403,0.020869,NORMAL
2023-04-11,160.0316,0.0,1.001605,0.027448,0.014468,0.01966,NORMAL
2023-04-11,160.0316,0.0,0.999238,0.029512,0.013053,0.019636,NORMAL
2023-04-12,158.7715,-0.007905,1.04878,0.205698,0.019904,0.094222,NORMAL
2023-04-12,158.7715,0.0,1.046136,0.044231,0.021309,0.030478,NORMAL
2023-04-12,158.9177,0.00092,1.043505,0.050348,0.018798,0.031418,NORMAL
2023-04-12,158.9177,0.0,1.040888,0.018664,0.01686,0.017582,NORMAL
2023-04-12,158.7715,-0.00092,1.038283,0.062581,0.014504,0.033734,NORMAL
2023-04-12,158.9178,0.000921,1.035692,0.041538,0.013368,0.024636,NORMAL
2023-04-12,158.9177,-1e-06,1.033114,0.014125,0.01221,0.012976,NORMAL
2023-04-12,158.9177,0.0,1.030548,0.013395,0.010351,0.011569,NORMAL
2023-04-12,158.9178,1e-06,1.027995,0.020285,0.00775,0.012764,NORMAL
2023-04-12,158.9178,0.0,1.025455,0.018174,0.005541,0.010594,NORMAL
2023-04-13,159.3219,0.00254,1.370866,0.167424,0.01715,0.07726,NORMAL
2023-04-13,159.3219,0.0,1.342892,0.107537,0.022733,0.056655,NORMAL
2023-04-13,159.3219,0.0,1.316037,0.095725,0.024837,0.053192,NORMAL
2023-04-13,159.3219,0.0,1.290235,0.092031,0.025721,0.052245,NORMAL
2023-04-13,159.3219,0.0,1.265426,0.076861,0.026799,0.046824,NORMAL
2023-04-13,159.3219,0.0,1.241552,0.074748,0.027752,0.046551,NORMAL
2023-04-13,159.1752,-0.000921,1.218562,0.111624,0.02823,0.061588,NORMAL
2023-04-13,159.1753,1e-06,1.196409,0.074472,0.025511,0.045095,NORMAL
2023-04-13,159.1752,-1e-06,1.175046,0.071133,0.021053,0.041085,NORMAL
2023-04-13,159.3219,0.000921,1.154433,0.079566,0.014992,0.040822,NORMAL
2023-04-14,162.2396,0.018148,0.833499,0.443944,0.031512,0.196485,NORMAL
2023-04-14,162.0903,-0.000921,0.834024,0.167912,0.036977,0.089351,NORMAL
2023-04-14,162.0903,0.0,0.834551,0.088833,0.038329,0.05853,NORMAL
2023-04-14,162.2396,0.000921,0.835077,0.100849,0.038652,0.063531,NORMAL
2023-04-14,162.0903,-0.000921,0.835605,0.085994,0.037567,0.056938,NORMAL
2023-04-14,162.2396,0.000921,0.836133,0.075953,0.036171,0.052084,NORMAL
2023-04-14,162.2396,0.0,0.836662,0.048048,0.034089,0.039673,NORMAL
2023-04-14,162.2396,0.0,0.837191,0.05305,0.031278,0.039987,NORMAL
2023-04-14,162.2396,0.0,0.837721,0.050804,0.027532,0.036841,NORMAL
2023-04-14,162.2396,0.0,0.838252,0.052738,0.023082,0.034944,NORMAL
2023-04-17,162.5827,0.002113,0.721148,0.159701,0.022509,0.077386,NORMAL
2023-04-17,162.5827,0.0,0.738419,0.101803,0.021731,0.05376,NORMAL
2023-04-17,162.5826,-1e-06,0.756537,0.091701,0.021166,0.04938,NORMAL
2023-04-17,162.7325,0.000922,0.775566,0.104483,0.020814,0.054282,NORMAL
2023-04-17,162.7325,0.0,0.795578,0.0736,0.020551,0.041771,NORMAL
2023-04-17,162.7325,0.0,0.81665,0.05561,0.020864,0.034762,NORMAL
2023-04-17,162.7325,0.0,0.838868,0.042538,0.021003,0.029617,NORMAL
2023-04-17,162.7325,0.0,0.862329,0.028514,0.019827,0.023302,NORMAL
2023-04-17,162.7325,0.0,0.88714,0.024775,0.016408,0.019755,NORMAL
2023-04-17,162.7325,0.0,0.913421,0.046058,0.016789,0.028497,NORMAL
2023-04-18,163.5774,0.005179,1.097735,0.193567,0.019726,0.089263,NORMAL
2023-04-18,163.5774,0.0,1.097088,0.079265,0.020401,0.043946,NORMAL
2023-04-18,163.7281,0.000921,1.096442,0.103883,0.020955,0.054126,NORMAL
2023-04-18,163.728,-1e-06,1.095796,0.072688,0.022112,0.042342,NORMAL
2023-04-18,163.5774,-0.00092,1.095151,0.040833,0.024098,0.030792,NORMAL
2023-04-18,163.728,0.00092,1.094507,0.041973,0.026531,0.032708,NORMAL
2023-04-18,163.7281,1e-06,1.093864,0.01601,0.02809,0.023258,NORMAL
2023-04-18,163.7281,0.0,1.093222,0.018055,0.027074,0.023467,NORMAL
2023-04-18,163.7281,0.0,1.09258,0.018666,0.022206,0.02079,NORMAL
2023-04-18,163.7281,0.0,1.091939,0.014092,0.014039,0.01406,NORMAL
2023-04-19,163.2819,-0.002729,1.036724,0.089881,0.012115,0.043222,NORMAL
2023-04-19,163.2819,0.0,1.029784,0.030766,0.01076,0.018763,NORMAL
2023-04-19,163.4323,0.000921,1.022937,0.055198,0.009668,0.02788,NORMAL
2023-04-19,163.4323,0.0,1.01618,0.037439,0.00923,0.020513,NORMAL
2023-04-19,163.2819,-0.000921,1.009511,0.058198,0.009623,0.029053,NORMAL
2023-04-19,163.4324,0.000921,1.00293,0.062216,0.010488,0.031179,NORMAL
2023-04-19,163.4324,0.0,0.996434,0.038933,0.011096,0.022231,NORMAL
2023-04-19,163.4323,-1e-06,0.990021,0.047558,0.010788,0.025496,NORMAL
2023-04-19,163.4324,1e-06,0.98369,0.050908,0.009296,0.025941,NORMAL
2023-04-19,163.4323,-1e-06,0.97744,0.060931,0.00874,0.029616,NORMAL
2023-04-20,163.5675,0.000827,1.07167,0.058434,0.009074,0.028818,NORMAL
2023-04-20,163.5675,0.0,1.068904,0.037446,0.009523,0.020692,NORMAL
2023-04-20,163.5675,0.0,1.066152,0.036558,0.010495,0.02092,NORMAL
2023-04-20,163.7182,0.000921,1.063414,0.067106,0.011352,0.033654,NORMAL
2023-04-20,163.7182,0.0,1.060691,0.044784,0.011636,0.024896,NORMAL
2023-04-20,163.7182,0.0,1.057981,0.043895,0.01044,0.023822,NORMAL
2023-04-20,163.7182,0.0,1.055285,0.042339,0.007809,0.021621,NORMAL
2023-04-20,163.7182,0.0,1.052602,0.04251,0.004913,0.019952,NORMAL
2023-04-20,163.7182,0.0,1.049934,0.04251,0.003066,0.018844,NORMAL
2023-04-20,163.7182,0.0,1.047279,0.04251,0.00196,0.01818,NORMAL
2023-04-21,162.693,-0.006282,1.152475,0.251928,0.006199,0.10449,NORMAL
2023-04-21,162.5433,-0.000921,1.140514,0.16352,0.00695,0.069578,NORMAL
2023-04-21,162.5433,0.0,1.128799,0.110357,0.006275,0.047908,NORMAL
2023-04-21,162.6931,0.000921,1.117322,0.087898,0.006333,0.038959,NORMAL
2023-04-21,162.5433,-0.000921,1.106076,0.100131,0.008546,0.04518,NORMAL
2023-04-21,162.6931,0.000921,1.095054,0.062718,0.010879,0.031615,NORMAL
2023-04-21,162.693,-1e-06,1.08425,0.034685,0.012022,0.021087,NORMAL
2023-04-21,162.6931,1e-06,1.073657,0.026465,0.011551,0.017516,NORMAL
2023-04-21,162.693,-1e-06,1.063269,0.02051,0.009218,0.013735,NORMAL
2023-04-21,162.6931,1e-06,1.05308,0.017454,0.005655,0.010375,NORMAL
2023-04-24,162.4941,-0.001224,0.764506,0.108764,0.012033,0.050725,NORMAL
2023-04-24,162.494,-1e-06,0.771896,0.08005,0.016045,0.041647,NORMAL
2023-04-24,162.494,0.0,0.779431,0.074215,0.018553,0.040818,NORMAL
2023-04-24,162.6438,0.000921,0.787114,0.111981,0.019286,0.056364,NORMAL
2023-04-24,162.6438,0.0,0.794949,0.073421,0.018859,0.040684,NORMAL
2023-04-24,162.6438,0.0,0.802943,0.069626,0.018043,0.038676,NORMAL
2023-04-24,162.6438,0.0,0.811099,0.06432,0.016851,0.035838,NORMAL
2023-04-24,162.6438,0.0,0.819422,0.060939,0.015541,0.0337,NORMAL
2023-04-24,162.6438,0.0,0.827918,0.057704,0.014354,0.031694,NORMAL
2023-04-24,162.6438,0.0,0.836592,0.080042,0.01354,0.040141,NORMAL
2023-04-25,162.8311,0.001151,0.980907,0.090066,0.0163,0.045806,NORMAL
2023-04-25,162.6811,-0.000922,0.990504,0.099532,0.017552,0.050344,NORMAL
2023-04-25,162.6812,1e-06,1.00029,0.072028,0.01844,0.039875,NORMAL
2023-04-25,162.6812,0.0,1.010272,0.068877,0.019097,0.039009,NORMAL
2023-04-25,162.831,0.00092,1.020455,0.076188,0.020309,0.042661,NORMAL
2023-04-25,162.8311,1e-06,1.030845,0.044053,0.021657,0.030615,NORMAL
2023-04-25,162.831,-1e-06,1.041449,0.037116,0.022768,0.028507,NORMAL
2023-04-25,162.8311,1e-06,1.052273,0.037889,0.022455,0.028629,NORMAL
2023-04-25,162.831,-1e-06,1.063325,0.035973,0.019408,0.026034,NORMAL
2023-04-25,162.831,0.0,1.074611,0.044563,0.015356,0.027039,NORMAL
2023-04-26,160.7315,-0.012978,0.999769,0.374348,0.024526,0.164455,NORMAL
2023-04-26,160.5835,-0.000921,0.995886,0.223058,0.02558,0.104571,NORMAL
2023-04-26,160.5835,0.0,0.992032,0.163856,0.020964,0.07812,NORMAL
2023-04-26,160.5835,0.0,0.988209,0.138031,0.018941,0.066577,NORMAL
2023-04-26,160.7315,0.000921,0.984414,0.085532,0.018737,0.045455,NORMAL
2023-04-26,160.7315,0.0,0.980649,0.048613,0.020113,0.031513,NORMAL
2023-04-26,160.7315,0.0,0.976913,0.050344,0.020172,0.032241,NORMAL
2023-04-26,160.7315,0.0,0.973205,0.047285,0.016877,0.02904,NORMAL
2023-04-26,160.7315,0.0,0.969524,0.046483,0.010444,0.024859,NORMAL
2023-04-26,160.7315,0.0,0.965872,0.04735,0.006444,0.022806,NORMAL
2023-04-27,162.6812,0.012057,1.354506,0.340151,0.028029,0.152878,NORMAL
2023-04-27,162.6812,0.0,1.332005,0.119075,0.034828,0.068527,NORMAL
2023-04-27,162.6812,0.0,1.31024,0.107104,0.033522,0.062955,NORMAL
2023-04-27,162.831,0.00092,1.289174,0.118068,0.030658,0.065622,NORMAL
2023-04-27,162.8311,1e-06,1.268775,0.082244,0.029588,0.050651,NORMAL
2023-04-27,162.831,-1e-06,1.249012,0.08209,0.031427,0.051692,NORMAL
2023-04-27,162.831,0.0,1.229855,0.078087,0.03491,0.052181,NORMAL
2023-04-27,162.831,0.0,1.211277,0.068852,0.037938,0.050304,NORMAL
2023-04-27,162.8311,1e-06,1.193251,0.058836,0.038758,0.046789,NORMAL
2023-04-27,162.8311,0.0,1.175755,0.051469,0.036188,0.042301,NORMAL
2023-04-28,165.9311,0.018859,0.992575,0.427106,0.045172,0.197946,NORMAL
2023-04-28,165.9311,0.0,0.983938,0.118578,0.050785,0.077902,NORMAL
2023-04-28,165.9311,0.0,0.975449,0.083955,0.053465,0.065661,NORMAL
2023-04-28,166.0839,0.00092,0.967106,0.106481,0.054775,0.075457,NORMAL
2023-04-28,166.0839,0.0,0.958905,0.078949,0.056118,0.06525,NORMAL
2023-04-28,166.0839,0.0,0.950841,0.075792,0.057967,0.065097,NORMAL
2023-04-28,166.0839,0.0,0.942912,0.070103,0.060208,0.064166,NORMAL
2023-04-28,166.0839,0.0,0.935114,0.065541,0.060584,0.062567,NORMAL
2023-04-28,166.0839,0.0,0.927444,0.065215,0.055842,0.059591,NORMAL
2023-04-28,166.0839,0.0,0.919899,0.054023,0.045413,0.048857,NORMAL
2023-05-01,166.8627,0.004678,0.882378,0.172759,0.042847,0.094812,NORMAL
2023-05-01,166.8626,-1e-06,0.891696,0.060322,0.040243,0.048274,NORMAL
2023-05-01,166.8627,1e-06,0.901214,0.062764,0.037827,0.047802,NORMAL
2023-05-01,166.8626,-1e-06,0.910937,0.05904,0.035846,0.045123,NORMAL
2023-05-01,166.8626,0.0,0.920872,0.059138,0.035392,0.04489,NORMAL
2023-05-01,166.8626,0.0,0.931026,0.052907,0.035809,0.042649,NORMAL
2023-05-01,166.8626,0.0,0.941407,0.052903,0.035775,0.042626,NORMAL
2023-05-01,166.709,-0.000921,0.952022,0.050502,0.032487,0.039693,NORMAL
2023-05-01,166.7091,1e-06,0.962878,0.026939,0.023235,0.024717,NORMAL
2023-05-01,166.7091,0.0,0.973986,0.021642,0.018053,0.019489,NORMAL
2023-05-02,167.5067,0.004773,0.904614,0.1404,0.019941,0.068125,NORMAL
2023-05-02,167.5067,0.0,0.910439,0.037145,0.019548,0.026587,NORMAL
2023-05-02,167.6611,0.000921,0.91634,0.058568,0.018305,0.03441,NORMAL
2023-05-02,167.6611,0.0,0.922318,0.032613,0.016811,0.023132,NORMAL
2023-05-02,167.5067,-0.000921,0.928374,0.050735,0.016433,0.030154,NORMAL
2023-05-02,167.6611,0.000921,0.93451,0.038688,0.016834,0.025575,NORMAL
2023-05-02,167.6611,0.0,0.940728,0.015631,0.017216,0.016582,NORMAL
2023-05-02,167.6611,0.0,0.947029,0.00938,0.0165,0.013652,NORMAL
2023-05-02,167.6611,0.0,0.953416,0.010846,0.013498,0.012437,NORMAL
2023-05-02,167.6611,0.0,0.959888,0.014262,0.006308,0.00949,NORMAL
2023-05-03,166.9257,-0.004396,1.275115,0.167265,0.016735,0.076947,NORMAL
2023-05-03,166.9257,0.0,1.259504,0.068914,0.021027,0.040182,NORMAL
2023-05-03,167.0795,0.000921,1.24427,0.099086,0.021934,0.052795,NORMAL
2023-05-03,167.0795,0.0,1.229401,0.07369,0.022824,0.043171,NORMAL
2023-05-03,166.9257,-0.000921,1.214882,0.084081,0.024515,0.048342,NORMAL
2023-05-03,167.0795,0.000921,1.200703,0.090412,0.025836,0.051666,NORMAL
2023-05-03,167.0795,0.0,1.186851,0.066892,0.026272,0.04252,NORMAL
2023-05-03,167.0795,0.0,1.173314,0.062963,0.025617,0.040556,NORMAL
2023-05-03,167.0795,0.0,1.160083,0.065452,0.023955,0.040554,NORMAL
2023-05-03,167.0795,0.0,1.147147,0.059568,0.022649,0.037416,NORMAL
2023-05-04,162.5353,-0.027575,1.390509,0.650087,0.060748,0.296483,NORMAL
2023-05-04,162.5353,0.0,1.35253,0.388014,0.072489,0.198699,NORMAL
2023-05-04,162.5353,0.0,1.31657,0.33116,0.056535,0.166385,NORMAL
2023-05-04,162.5353,0.0,1.282473,0.271308,0.039486,0.132215,NORMAL
2023-05-04,162.5354,1e-06,1.250097,0.248324,0.033025,0.119144,NORMAL
2023-05-04,162.5353,-1e-06,1.219316,0.242915,0.029455,0.114839,NORMAL
2023-05-04,162.3857,-0.000921,1.190014,0.27272,0.025971,0.124671,NORMAL
2023-05-04,162.3857,0.0,1.162087,0.219272,0.025418,0.102959,NORMAL
2023-05-04,162.3857,0.0,1.135441,0.212734,0.026551,0.101024,NORMAL
2023-05-04,162.5353,0.000921,1.10999,0.178746,0.026756,0.087552,NORMAL
2023-05-05,168.5384,0.036268,1.500673,0.606924,0.095316,0.299959,NORMAL
2023-05-05,168.3832,-0.000921,1.454203,0.247283,0.119821,0.170806,NORMAL
2023-05-05,168.3832,0.0,1.410526,0.214276,0.1117,0.15273,NORMAL
2023-05-05,168.5384,0.000921,1.369395,0.236565,0.09579,0.1521,NORMAL
2023-05-05,168.3832,-0.000921,1.330595,0.247691,0.08725,0.151426,NORMAL
2023-05-05,168.5384,0.000921,1.293933,0.243556,0.082569,0.146964,NORMAL
2023-05-05,168.5384,0.0,1.259238,0.203212,0.078645,0.128472,NORMAL
2023-05-05,168.5384,0.0,1.226354,0.216,0.073993,0.130796,NORMAL
2023-05-05,168.5383,-1e-06,1.195144,0.219837,0.069227,0.129471,NORMAL
2023-05-05,168.5383,0.0,1.165484,0.229507,0.068044,0.13263,NORMAL
2023-05-08,170.0169,0.008735,0.582456,0.450041,0.090572,0.234359,NORMAL
2023-05-08,170.0169,0.0,0.590219,0.313917,0.106951,0.189737,NORMAL
2023-05-08,170.0169,0.0,0.598191,0.300738,0.120615,0.192664,NORMAL
2023-05-08,170.0169,0.0,0.606381,0.303698,0.134596,0.202237,NORMAL
2023-05-08,170.0169,0.0,0.614799,0.288201,0.142692,0.200896,NORMAL
2023-05-08,170.0169,0.0,0.623454,0.268999,0.145865,0.195119,NORMAL
2023-05-08,170.017,1e-06,0.632356,0.246005,0.146845,0.186509,NORMAL
2023-05-08,169.8604,-0.000922,0.641516,0.25469,0.146446,0.189744,NORMAL
2023-05-08,169.8604,0.0,0.650945,0.177979,0.143192,0.157107,NORMAL
2023-05-08,169.8604,0.0,0.660655,0.138944,0.131073,0.134221,NORMAL
2023-05-09,170.4218,0.0033,0.557515,0.226113,0.126876,0.166571,NORMAL
2023-05-09,170.4218,0.0,0.581895,0.140669,0.122174,0.129572,NORMAL
2023-05-09,170.4218,0.0,0.608504,0.131787,0.116488,0.122607,NORMAL
2023-05-09,170.5788,0.000921,0.637664,0.154475,0.110119,0.127861,NORMAL
2023-05-09,170.5788,0.0,0.669759,0.113535,0.103849,0.107723,NORMAL
2023-05-09,170.5788,0.0,0.705256,0.088904,0.098965,0.094941,NORMAL
2023-05-09,170.5788,0.0,0.744727,0.074786,0.096176,0.08762,NORMAL
2023-05-09,170.5788,0.0,0.788877,0.061978,0.090986,0.079382,NORMAL
2023-05-09,170.5788,0.0,0.838592,0.039528,0.069866,0.057731,NORMAL
2023-05-09,170.5788,0.0,0.894995,0.036596,0.053987,0.047031,NORMAL
2023-05-10,170.5492,-0.000174,1.063158,0.033043,0.050686,0.043628,NORMAL
2023-05-10,170.3922,-0.000921,1.065518,0.048239,0.04852,0.048408,NORMAL
2023-05-10,170.3922,0.0,1.067888,0.029222,0.048395,0.040726,NORMAL
2023-05-10,170.3922,0.0,1.070269,0.033311,0.049426,0.04298,NORMAL
2023-05-10,170.5492,0.000921,1.072661,0.058162,0.052259,0.05462,NORMAL
2023-05-10,170.5493,1e-06,1.075063,0.040639,0.055533,0.049576,NORMAL
2023-05-10,170.5492,-1e-06,1.077476,0.04283,0.057406,0.051576,NORMAL
2023-05-10,170.5492,0.0,1.0799,0.046998,0.053529,0.050917,NORMAL
2023-05-10,170.5492,0.0,1.082334,0.056718,0.039754,0.04654,NORMAL
2023-05-10,170.5492,0.0,1.08478,0.065333,0.020334,0.038334,NORMAL
2023-05-11,171.2096,0.003865,0.995569,0.136662,0.017927,0.065421,NORMAL
2023-05-11,171.2096,0.0,0.991395,0.050806,0.016857,0.030437,NORMAL
2023-05-11,171.2097,1e-06,0.987256,0.039587,0.016979,0.026022,NORMAL
2023-05-11,171.3674,0.000921,0.983151,0.077408,0.017362,0.04138,NORMAL
2023-05-11,171.3674,0.0,0.979081,0.052866,0.017029,0.031364,NORMAL
2023-05-11,171.3674,0.0,0.975044,0.048151,0.014879,0.028188,NORMAL
2023-05-11,171.3674,0.0,0.97104,0.045676,0.010796,0.024748,NORMAL
2023-05-11,171.3674,0.0,0.967068,0.04253,0.007543,0.021538,NORMAL
2023-05-11,171.3674,0.0,0.96313,0.041928,0.007572,0.021315,NORMAL
2023-05-11,171.3674,0.0,0.959223,0.043487,0.010638,0.023778,NORMAL
2023-05-12,171.3774,5.8e-05,0.889144,0.055645,0.011417,0.029108,NORMAL
2023-05-12,171.2196,-0.000921,0.896313,0.058151,0.012832,0.03096,NORMAL
2023-05-12,171.2196,0.0,0.903598,0.040674,0.013712,0.024497,NORMAL
2023-05-12,171.2196,0.0,0.911002,0.043914,0.013769,0.025827,NORMAL
2023-05-12,171.3774,0.000921,0.918529,0.055697,0.013288,0.030252,NORMAL
2023-05-12,171.3774,0.0,0.926181,0.043912,0.012487,0.025057,NORMAL
2023-05-12,171.3774,0.0,0.933962,0.042699,0.011099,0.023739,NORMAL
2023-05-12,171.3774,0.0,0.941875,0.045609,0.009023,0.023657,NORMAL
2023-05-12,171.3774,0.0,0.949923,0.049073,0.006561,0.023566,NORMAL
2023-05-12,171.3774,0.0,0.958109,0.065619,0.004126,0.028723,NORMAL
2023-05-15,170.766,-0.003574,0.794404,0.227403,0.009124,0.096436,NORMAL
2023-05-15,170.766,0.0,0.804912,0.125379,0.012407,0.057596,NORMAL
2023-05-15,170.766,0.0,0.815701,0.115709,0.013442,0.054349,NORMAL
2023-05-15,170.9233,0.000921,0.826784,0.097198,0.013145,0.046766,NORMAL
2023-05-15,170.9233,0.0,0.838172,0.063224,0.012532,0.032809,NORMAL
2023-05-15,170.9233,0.0,0.849877,0.060298,0.012031,0.031338,NORMAL
2023-05-15,170.9233,0.0,0.861915,0.046072,0.011822,0.025522,NORMAL
2023-05-15,170.9233,0.0,0.874298,0.042019,0.011816,0.023897,NORMAL
2023-05-15,170.9233,0.0,0.887043,0.040368,0.011715,0.023176,NORMAL
2023-05-15,170.9233,0.0,0.900164,0.041796,0.011109,0.023384,NORMAL
2023-05-16,169.6122,-0.0077,1.021382,0.3044,0.014268,0.130321,NORMAL
2023-05-16,169.6122,0.0,1.025639,0.160729,0.015994,0.073888,NORMAL
2023-05-16,169.7685,0.000921,1.029932,0.088684,0.016468,0.045354,NORMAL
2023-05-16,169.7685,0.0,1.034261,0.051813,0.016636,0.030707,NORMAL
2023-05-16,169.6122,-0.000921,1.038627,0.079909,0.016705,0.041987,NORMAL
2023-05-16,169.7684,0.000921,1.04303,0.05021,0.016625,0.030059,NORMAL
2023-05-16,169.7684,0.0,1.04747,0.021493,0.01623,0.018335,NORMAL
2023-05-16,169.7684,0.0,1.051948,0.018856,0.015463,0.01682,NORMAL
2023-05-16,169.7685,1e-06,1.056465,0.017495,0.014393,0.015634,NORMAL
2023-05-16,169.7684,-1e-06,1.06102,0.016109,0.013386,0.014475,NORMAL
2023-05-17,169.3361,-0.00255,1.423077,0.22096,0.024091,0.102839,NORMAL
2023-05-17,169.3361,0.0,1.38783,0.144898,0.029564,0.075698,NORMAL
2023-05-17,169.492,0.00092,1.354287,0.12862,0.031175,0.070153,NORMAL
2023-05-17,169.492,0.0,1.322327,0.091112,0.031088,0.055098,NORMAL
2023-05-17,169.336,-0.000921,1.29184,0.117237,0.029776,0.06476,NORMAL
2023-05-17,169.4921,0.000921,1.262728,0.100958,0.028044,0.05721,NORMAL
2023-05-17,169.4921,0.0,1.234899,0.071868,0.025713,0.044175,NORMAL
2023-05-17,169.4921,0.0,1.20827,0.060499,0.023274,0.038164,NORMAL
2023-05-17,169.4921,0.0,1.182765,0.057317,0.021886,0.036059,NORMAL
2023-05-17,169.4921,0.0,1.158315,0.067692,0.023417,0.041127,NORMAL
2023-05-18,170.6082,0.006563,1.279226,0.247934,0.025091,0.114228,NORMAL
2023-05-18,170.6082,0.0,1.250663,0.076683,0.024751,0.045524,NORMAL
2023-05-18,170.6082,0.0,1.223348,0.054327,0.023376,0.035756,NORMAL
2023-05-18,170.7654,0.000921,1.1972,0.067029,0.023318,0.040802,NORMAL
2023-05-18,170.7654,0.0,1.172147,0.028115,0.023188,0.025159,NORMAL
2023-05-18,170.7654,0.0,1.148121,0.016767,0.023062,0.020544,NORMAL
2023-05-18,170.7654,0.0,1.12506,0.016695,0.022938,0.020441,NORMAL
2023-05-18,170.7654,0.0,1.102907,0.011874,0.022832,0.018449,NORMAL
2023-05-18,170.7654,0.0,1.08161,0.012823,0.022781,0.018798,NORMAL
2023-05-18,170.7654,0.0,1.06112,0.004906,0.022976,0.015748,NORMAL
2023-05-19,174.1116,0.019406,0.905748,0.456907,0.034713,0.203591,NORMAL
2023-05-19,173.9513,-0.000921,0.907325,0.138685,0.041159,0.08017,NORMAL
2023-05-19,173.9514,1e-06,0.908908,0.073284,0.04663,0.057292,NORMAL
2023-05-19,173.9514,0.0,0.910496,0.048823,0.050201,0.04965,NORMAL
2023-05-19,174.1116,0.000921,0.912089,0.061359,0.051421,0.055396,NORMAL
2023-05-19,174.1116,0.0,0.913689,0.036339,0.049942,0.0445,NORMAL
2023-05-19,174.1116,0.0,0.915294,0.040036,0.045793,0.04349,NORMAL
2023-05-19,174.1116,0.0,0.916904,0.039208,0.040246,0.039831,NORMAL
2023-05-19,174.1116,0.0,0.918521,0.03572,0.035388,0.035521,NORMAL
2023-05-19,174.1116,0.0,0.920143,0.029601,0.035971,0.033423,NORMAL
2023-05-22,171.7327,-0.013757,0.731586,0.341251,0.047026,0.164716,NORMAL
2023-05-22,171.7327,0.0,0.745305,0.123844,0.047897,0.078276,NORMAL
2023-05-22,171.7327,0.0,0.759548,0.112056,0.044569,0.071564,NORMAL
2023-05-22,171.7327,0.0,0.774347,0.109201,0.040975,0.068266,NORMAL
2023-05-22,171.7327,0.0,0.789733,0.105071,0.036494,0.063925,NORMAL
2023-05-22,171.7327,0.0,0.805744,0.087968,0.033504,0.05529,NORMAL
2023-05-22,171.7327,0.0,0.822417,0.07778,0.03106,0.049748,NORMAL
2023-05-22,171.5747,-0.00092,0.839795,0.093552,0.029306,0.055004,NORMAL
2023-05-22,171.5747,0.0,0.857923,0.050537,0.028713,0.037442,NORMAL
2023-05-22,171.5747,0.0,0.876851,0.042425,0.02975,0.03482,NORMAL
2023-05-23,170.7364,-0.004898,1.026503,0.172491,0.030712,0.087423,NORMAL
2023-05-23,170.7364,0.0,1.031785,0.063025,0.029476,0.042895,NORMAL
2023-05-23,170.7364,0.0,1.037122,0.05601,0.026551,0.038335,NORMAL
2023-05-23,170.8937,0.000921,1.042515,0.077082,0.022628,0.04441,NORMAL
2023-05-23,170.8937,0.0,1.047964,0.042221,0.019471,0.028571,NORMAL
2023-05-23,170.8937,0.0,1.053471,0.039554,0.017645,0.026408,NORMAL
2023-05-23,170.8937,0.0,1.059035,0.032214,0.017068,0.023126,NORMAL
2023-05-23,170.8937,0.0,1.064659,0.025232,0.017182,0.020402,NORMAL
2023-05-23,170.8937,0.0,1.070342,0.025153,0.017209,0.020387,NORMAL
2023-05-23,170.8937,0.0,1.076087,0.036854,0.015696,0.02416,NORMAL
2023-05-24,168.8801,-0.011853,0.955666,0.332732,0.019178,0.1446,NORMAL
2023-05-24,168.7246,-0.000921,0.954078,0.194496,0.020966,0.090378,NORMAL
2023-05-24,168.7246,0.0,0.952495,0.142206,0.020561,0.069219,NORMAL
2023-05-24,168.7246,0.0,0.950918,0.121908,0.019382,0.060392,NORMAL
2023-05-24,168.88,0.000921,0.949345,0.070399,0.018755,0.039412,NORMAL
2023-05-24,168.8801,1e-06,0.947778,0.037976,0.019353,0.026802,NORMAL
2023-05-24,168.8801,0.0,0.946216,0.035599,0.020624,0.026614,NORMAL
2023-05-24,168.8801,0.0,0.944659,0.034748,0.020852,0.02641,NORMAL
2023-05-24,168.8801,0.0,0.943107,0.036156,0.017685,0.025073,NORMAL
2023-05-24,168.8801,0.0,0.941561,0.032832,0.011346,0.01994,NORMAL
2023-05-25,170.0264,0.006765,1.162771,0.181538,0.018158,0.08351,NORMAL
2023-05-25,170.0264,0.0,1.156402,0.052018,0.020411,0.033054,NORMAL
2023-05-25,170.0264,0.0,1.150101,0.045315,0.019059,0.029561,NORMAL
2023-05-25,170.183,0.000921,1.14387,0.056718,0.017435,0.033148,NORMAL
2023-05-25,170.183,0.0,1.137705,0.038857,0.017778,0.02621,NORMAL
2023-05-25,170.183,0.0,1.131606,0.036944,0.020935,0.027339,NORMAL
2023-05-25,170.183,0.0,1.125573,0.034678,0.025887,0.029403,NORMAL
2023-05-25,170.183,0.0,1.119603,0.029449,0.030166,0.029879,NORMAL
2023-05-25,170.183,0.0,1.113696,0.025508,0.03194,0.029367,NORMAL
2023-05-25,170.183,0.0,1.107852,0.022629,0.031451,0.027922,NORMAL
2023-05-26,171.0813,0.005265,1.073397,0.136537,0.030203,0.072736,NORMAL
2023-05-26,170.9238,-0.000921,1.063311,0.037199,0.027423,0.031333,NORMAL
2023-05-26,170.9238,0.0,1.053413,0.011098,0.02304,0.018263,NORMAL
2023-05-26,170.9238,0.0,1.043697,0.01179,0.019246,0.016264,NORMAL
2023-05-26,171.0813,0.000921,1.034159,0.027748,0.016732,0.021138,NORMAL
2023-05-26,171.0813,0.0,1.024793,0.006599,0.016225,0.012374,NORMAL
2023-05-26,171.0812,-1e-06,1.015596,0.00794,0.017217,0.013506,NORMAL
2023-05-26,171.0813,1e-06,1.006562,0.003406,0.017884,0.012093,NORMAL
2023-05-26,171.0813,0.0,0.997688,0.006548,0.016122,0.012293,NORMAL
2023-05-26,171.0813,0.0,0.988969,0.013377,0.010969,0.011933,NORMAL
2023-05-30,174.6743,0.020784,1.009423,0.474498,0.02018,0.201907,NORMAL
2023-05-30,174.6742,-1e-06,1.009509,0.144774,0.025159,0.073005,NORMAL
2023-05-30,174.6742,0.0,1.009594,0.102018,0.027458,0.057282,NORMAL
2023-05-30,174.6742,0.0,1.00968,0.074901,0.028011,0.046767,NORMAL
2023-05-30,174.6743,1e-06,1.009765,0.067214,0.027857,0.0436,NORMAL
2023-05-30,174.6743,0.0,1.009851,0.065604,0.02775,0.042892,NORMAL
2023-05-30,174.5135,-0.000921,1.009936,0.071603,0.027985,0.045432,NORMAL
2023-05-30,174.5135,0.0,1.010022,0.045235,0.027313,0.034482,NORMAL
2023-05-30,174.5135,0.0,1.010108,0.048971,0.023819,0.03388,NORMAL
2023-05-30,174.6742,0.00092,1.010193,0.063824,0.018478,0.036617,NORMAL
2023-05-31,175.0395,0.002089,1.728429,0.334525,0.060948,0.170379,NORMAL
2023-05-31,174.8783,-0.000921,1.663784,0.295499,0.066135,0.15788,NORMAL
2023-05-31,174.8783,0.0,1.603801,0.246312,0.065311,0.137712,NORMAL
2023-05-31,175.0395,0.000921,1.547992,0.22516,0.070426,0.132319,NORMAL
2023-05-31,174.8783,-0.000921,1.495937,0.210659,0.076114,0.129932,NORMAL
2023-05-31,175.0394,0.000921,1.447268,0.18616,0.083201,0.124385,NORMAL
2023-05-31,175.0395,1e-06,1.401667,0.133754,0.09207,0.108743,NORMAL
2023-05-31,175.0395,0.0,1.358851,0.094317,0.101562,0.098664,NORMAL
2023-05-31,175.0395,0.0,1.318574,0.083018,0.109349,0.098817,NORMAL
2023-05-31,175.0394,-1e-06,1.280616,0.104359,0.112962,0.109521,NORMAL
2023-06-01,175.2432,0.001164,0.878382,0.094442,0.109672,0.10358,NORMAL
2023-06-01,175.2432,0.0,0.871198,0.051633,0.103958,0.083028,NORMAL
2023-06-01,175.2432,0.0,0.86413,0.048756,0.095117,0.076573,NORMAL
2023-06-01,175.4047,0.000921,0.857176,0.067897,0.085653,0.07855,NORMAL
2023-06-01,175.4047,0.0,0.850333,0.051154,0.077684,0.067072,NORMAL
2023-06-01,175.4047,0.0,0.843598,0.05412,0.072564,0.065187,NORMAL
2023-06-01,175.4047,0.0,0.83697,0.051172,0.069825,0.062364,NORMAL
2023-06-01,175.4047,0.0,0.830444,0.057749,0.068201,0.06402,NORMAL
2023-06-01,175.4047,0.0,0.82402,0.068671,0.065328,0.066665,NORMAL
2023-06-01,175.4047,0.0,0.817694,0.068671,0.059016,0.062878,NORMAL
2023-06-02,178.6917,0.018566,0.752553,0.526346,0.063942,0.248903,NORMAL
2023-06-02,178.5272,-0.000921,0.770141,0.18279,0.06749,0.11361,NORMAL
2023-06-02,178.5272,0.0,0.788571,0.120364,0.071452,0.091017,NORMAL
2023-06-02,178.6917,0.000921,0.807905,0.117108,0.076029,0.09246,NORMAL
2023-06-02,178.5272,-0.000921,0.828211,0.088174,0.079527,0.082986,NORMAL
2023-06-02,178.6917,0.000921,0.849563,0.067646,0.0814,0.075899,NORMAL
2023-06-02,178.6917,0.0,0.872046,0.046586,0.080235,0.066775,NORMAL
2023-06-02,178.6917,0.0,0.895751,0.034851,0.073514,0.058049,NORMAL
2023-06-02,178.6917,0.0,0.920781,0.037864,0.057837,0.049848,NORMAL
2023-06-02,178.6917,0.0,0.94725,0.039496,0.050435,0.046059,NORMAL
2023-06-05,180.1051,0.007879,1.790656,0.476237,0.094991,0.24749,NORMAL
2023-06-05,180.1051,0.0,1.723532,0.296057,0.099597,0.178181,NORMAL
2023-06-05,180.105,-1e-06,1.661259,0.284704,0.091915,0.169031,NORMAL
2023-06-05,180.271,0.000921,1.603329,0.273081,0.085817,0.160722,NORMAL
2023-06-05,180.271,0.0,1.549304,0.214573,0.077312,0.132217,NORMAL
2023-06-05,180.271,0.0,1.4988,0.175718,0.076093,0.115943,NORMAL
2023-06-05,180.271,0.0,1.451485,0.1546,0.088504,0.114942,NORMAL
2023-06-05,180.271,0.0,1.407066,0.141195,0.102133,0.117758,NORMAL
2023-06-05,180.271,0.0,1.365285,0.115407,0.10444,0.108827,NORMAL
2023-06-05,180.271,0.0,1.325913,0.095503,0.093507,0.094305,NORMAL
2023-06-06,177.4818,-0.015593,0.703999,0.364745,0.115597,0.215256,NORMAL
2023-06-06,177.4818,0.0,0.702911,0.141117,0.118652,0.127638,NORMAL
2023-06-06,177.4818,0.0,0.701827,0.1335,0.113293,0.121376,NORMAL
2023-06-06,177.6454,0.000921,0.700746,0.148024,0.10348,0.121298,NORMAL
2023-06-06,177.6454,0.0,0.699668,0.123354,0.096363,0.107159,NORMAL
2023-06-06,177.6454,0.0,0.698593,0.122274,0.093753,0.105161,NORMAL
2023-06-06,177.6453,-1e-06,0.697522,0.122279,0.09402,0.105324,NORMAL
2023-06-06,177.6454,1e-06,0.696454,0.125192,0.093212,0.106004,NORMAL
2023-06-06,177.6453,-1e-06,0.695389,0.123245,0.086564,0.101237,NORMAL
2023-06-06,177.6453,0.0,0.694327,0.119769,0.074206,0.092431,NORMAL
2023-06-07,176.1351,-0.008538,0.685248,0.332796,0.064291,0.171693,NORMAL
2023-06-07,175.973,-0.000921,0.708771,0.211347,0.058559,0.119674,NORMAL
2023-06-07,175.973,0.0,0.733965,0.170711,0.056948,0.102453,NORMAL
2023-06-07,175.973,0.0,0.761018,0.15061,0.058904,0.095586,NORMAL
2023-06-07,176.1351,0.000921,0.79014,0.135368,0.063685,0.092358,NORMAL
2023-06-07,176.1351,0.0,0.82158,0.08129,0.069992,0.074511,NORMAL
2023-06-07,176.1351,0.0,0.855626,0.055203,0.075856,0.067594,NORMAL
2023-06-07,176.1351,0.0,0.892616,0.040258,0.075421,0.061356,NORMAL
2023-06-07,176.1351,0.0,0.932948,0.028931,0.058223,0.046506,NORMAL
2023-06-07,176.1351,0.0,0.977098,0.031808,0.050347,0.042931,NORMAL
2023-06-08,175.4405,-0.003951,0.801325,0.180164,0.046578,0.100012,NORMAL
2023-06-08,175.4404,-1e-06,0.810792,0.094792,0.047416,0.066366,NORMAL
2023-06-08,175.4404,0.0,0.820485,0.081844,0.051914,0.063886,NORMAL
2023-06-08,175.6021,0.000921,0.830413,0.072707,0.056696,0.063101,NORMAL
2023-06-08,175.6021,0.0,0.840584,0.040458,0.058579,0.051331,NORMAL
2023-06-08,175.6021,0.0,0.851007,0.039039,0.058171,0.050518,NORMAL
2023-06-08,175.6021,0.0,0.861692,0.037994,0.058205,0.050121,NORMAL
2023-06-08,175.6021,0.0,0.872649,0.037289,0.056892,0.049051,NORMAL
2023-06-08,175.6021,0.0,0.883887,0.032847,0.040929,0.037696,NORMAL
2023-06-08,175.6021,0.0,0.895419,0.047115,0.018434,0.029906,NORMAL
2023-06-09,178.9907,0.019113,0.882233,0.428702,0.03339,0.191515,NORMAL
2023-06-09,178.9907,0.0,0.892738,0.118137,0.040438,0.071518,NORMAL
2023-06-09,179.1556,0.000921,0.903497,0.095978,0.04079,0.062865,NORMAL
2023-06-09,179.1556,0.0,0.914517,0.044868,0.03697,0.04013,NORMAL
2023-06-09,178.9907,-0.000921,0.92581,0.069135,0.032827,0.04735,NORMAL
2023-06-09,179.1556,0.000921,0.937386,0.0527,0.030263,0.039238,NORMAL
2023-06-09,179.1556,0.0,0.949254,0.035991,0.02945,0.032066,NORMAL
2023-06-09,179.1556,0.0,0.961427,0.040873,0.02979,0.034224,NORMAL
2023-06-09,179.1556,0.0,0.973916,0.045763,0.030949,0.036875,NORMAL
2023-06-09,179.1556,0.0,0.986734,0.046386,0.033726,0.03879,NORMAL
2023-06-12,178.9286,-0.001268,1.090724,0.103848,0.038223,0.064473,NORMAL
2023-06-12,178.9286,0.0,1.086292,0.074206,0.04108,0.05433,NORMAL
2023-06-12,178.9286,0.0,1.081896,0.068622,0.04146,0.052325,NORMAL
2023-06-12,178.9286,0.0,1.077536,0.064117,0.038948,0.049015,NORMAL
2023-06-12,178.9286,0.0,1.073211,0.054384,0.03519,0.042867,NORMAL
2023-06-12,178.9286,0.0,1.06892,0.03857,0.030681,0.033837,NORMAL
2023-06-12,178.9286,0.0,1.064664,0.026404,0.026066,0.026201,NORMAL
2023-06-12,178.7639,-0.000921,1.060441,0.059914,0.021451,0.036837,NORMAL
2023-06-12,178.7639,0.0,1.056251,0.034761,0.0181,0.024765,NORMAL
2023-06-12,178.7639,0.0,1.052095,0.067871,0.019273,0.038712,NORMAL
2023-06-13,180.2727,0.008405,1.05859,0.23578,0.021899,0.107451,NORMAL
2023-06-13,180.2727,0.0,1.052476,0.045399,0.022955,0.031933,NORMAL
2023-06-13,180.4388,0.000921,1.046432,0.060037,0.023363,0.038033,NORMAL
2023-06-13,180.4388,0.0,1.040456,0.022651,0.024712,0.023887,NORMAL
2023-06-13,180.2728,-0.00092,1.034549,0.041482,0.026246,0.03234,NORMAL
2023-06-13,180.4388,0.00092,1.028708,0.03149,0.027395,0.029033,NORMAL
2023-06-13,180.4388,0.0,1.022933,0.004618,0.027155,0.01814,NORMAL
2023-06-13,180.4388,0.0,1.017223,0.00389,0.024844,0.016462,NORMAL
2023-06-13,180.4388,0.0,1.011575,0.001817,0.020124,0.012801,NORMAL
2023-06-13,180.4388,0.0,1.005991,0.0,0.012384,0.007431,NORMAL
2023-06-14,180.8348,0.002192,1.049332,0.060532,0.011047,0.030841,NORMAL
2023-06-14,180.8348,0.0,1.046287,0.004202,0.010077,0.007727,NORMAL
2023-06-14,181.0014,0.000921,1.043259,0.026655,0.009346,0.01627,NORMAL
2023-06-14,181.0014,0.0,1.040248,0.003084,0.008558,0.006368,NORMAL
2023-06-14,180.8348,-0.000921,1.037255,0.039701,0.007669,0.020482,NORMAL
2023-06-14,181.0015,0.000921,1.034279,0.038386,0.00691,0.019501,NORMAL
2023-06-14,181.0014,-1e-06,1.03132,0.016958,0.006367,0.010604,NORMAL
2023-06-14,181.0014,0.0,1.028378,0.021173,0.006298,0.012248,NORMAL
2023-06-14,181.0014,0.0,1.025453,0.023908,0.006819,0.013654,NORMAL
2023-06-14,181.0014,0.0,1.022544,0.040866,0.007794,0.021023,NORMAL
2023-06-15,181.4166,0.002291,1.153593,0.10268,0.009141,0.046557,NORMAL
2023-06-15,181.5838,0.000921,1.14301,0.062155,0.009866,0.030782,NORMAL
2023-06-15,181.5838,0.0,1.132619,0.040921,0.009902,0.022309,NORMAL
2023-06-15,181.5838,0.0,1.122415,0.03461,0.009539,0.019568,NORMAL
2023-06-15,181.5838,0.0,1.112393,0.025701,0.0087,0.0155,NORMAL
2023-06-15,181.5839,1e-06,1.102549,0.028847,0.007135,0.01582,NORMAL
2023-06-15,181.5838,-1e-06,1.092877,0.025659,0.00509,0.013318,NORMAL
2023-06-15,181.5838,0.0,1.083373,0.026522,0.004053,0.013041,NORMAL
2023-06-15,181.4167,-0.000921,1.074034,0.057758,0.004918,0.026054,NORMAL
2023-06-15,181.4167,0.0,1.064854,0.031775,0.00485,0.01562,NORMAL
2023-06-16,184.1484,0.014945,1.591135,0.574282,0.033639,0.249896,NORMAL
2023-06-16,184.1484,0.0,1.538208,0.284445,0.042809,0.139463,NORMAL
2023-06-16,184.3181,0.000921,1.488689,0.247051,0.043877,0.125147,NORMAL
2023-06-16,184.3181,0.0,1.442258,0.177734,0.041857,0.096208,NORMAL
2023-06-16,184.1484,-0.000921,1.398636,0.171409,0.039152,0.092055,NORMAL
2023-06-16,184.3181,0.000921,1.357576,0.137496,0.037068,0.07724,NORMAL
2023-06-16,184.318,-1e-06,1.318857,0.106229,0.036159,0.064187,NORMAL
2023-06-16,184.3181,1e-06,1.282286,0.088536,0.036505,0.057317,NORMAL
2023-06-16,184.318,-1e-06,1.247688,0.080314,0.037931,0.054884,NORMAL
2023-06-16,184.318,0.0,1.214909,0.064342,0.040173,0.049841,NORMAL
2023-06-20,181.8605,-0.013423,0.603165,0.373497,0.080221,0.197532,NORMAL
2023-06-20,181.8605,0.0,0.60893,0.175556,0.095731,0.127661,NORMAL
2023-06-20,181.8605,0.0,0.614807,0.172744,0.101954,0.13027,NORMAL
2023-06-20,182.028,0.000921,0.620798,0.195575,0.100113,0.138297,NORMAL
2023-06-20,182.028,0.0,0.626907,0.167158,0.091036,0.121485,NORMAL
2023-06-20,182.028,0.0,0.633138,0.163327,0.079691,0.113145,NORMAL
2023-06-20,182.028,0.0,0.639493,0.15502,0.070753,0.10446,NORMAL
2023-06-20,182.028,0.0,0.645978,0.154611,0.066075,0.101489,NORMAL
2023-06-20,182.028,0.0,0.652595,0.145485,0.065243,0.09734,NORMAL
2023-06-20,182.028,0.0,0.659349,0.143079,0.065809,0.096717,NORMAL
2023-06-21,182.3437,0.001733,0.678849,0.211232,0.067677,0.125099,NORMAL
2023-06-21,182.3437,0.0,0.703812,0.128235,0.066012,0.090901,NORMAL
2023-06-21,182.5117,0.000921,0.73068,0.133788,0.06096,0.090091,NORMAL
2023-06-21,182.5117,0.0,0.759682,0.107196,0.053873,0.075202,NORMAL
2023-06-21,182.3437,-0.000921,0.79108,0.117954,0.047408,0.075626,NORMAL
2023-06-21,182.5117,0.000921,0.825186,0.099166,0.043231,0.065605,NORMAL
2023-06-21,182.5117,0.0,0.862365,0.058792,0.041679,0.048524,NORMAL
2023-06-21,182.5117,0.0,0.903053,0.049191,0.039937,0.043639,NORMAL
2023-06-21,182.5117,0.0,0.94777,0.043375,0.034681,0.038159,NORMAL
2023-06-21,182.5117,0.0,0.997146,0.055724,0.033552,0.042421,NORMAL
2023-06-22,181.1997,-0.007215,1.030477,0.241502,0.033218,0.116532,NORMAL
2023-06-22,181.1997,0.0,1.02898,0.086057,0.03391,0.054769,NORMAL
2023-06-22,181.3667,0.000921,1.027488,0.077312,0.034304,0.051507,NORMAL
2023-06-22,181.3667,0.0,1.026001,0.041696,0.034312,0.037266,NORMAL
2023-06-22,181.1997,-0.000921,1.024518,0.075026,0.034062,0.050448,NORMAL
2023-06-22,181.3667,0.000921,1.023039,0.052832,0.035944,0.042699,NORMAL
2023-06-22,181.3666,-1e-06,1.021564,0.022686,0.042645,0.034661,NORMAL
2023-06-22,181.3667,1e-06,1.020094,0.022024,0.049403,0.038451,NORMAL
2023-06-22,181.3667,0.0,1.018627,0.016044,0.037823,0.029112,NORMAL
2023-06-22,181.3667,0.0,1.017165,0.012992,0.015001,0.014197,NORMAL
2023-06-23,182.9847,0.008882,1.050562,0.183601,0.021672,0.086444,NORMAL
2023-06-23,182.9847,0.0,1.046834,0.013171,0.023452,0.01934,NORMAL
2023-06-23,182.9847,0.0,1.043132,0.010318,0.021499,0.017027,NORMAL
2023-06-23,183.1533,0.000921,1.039456,0.030383,0.018329,0.023151,NORMAL
2023-06-23,183.1533,0.0,1.035806,0.006428,0.01542,0.011823,NORMAL
2023-06-23,183.1533,0.0,1.032182,0.006253,0.013958,0.010876,NORMAL
2023-06-23,183.1533,0.0,1.028583,0.011939,0.014215,0.013304,NORMAL
2023-06-23,183.1533,0.0,1.025009,0.012351,0.015609,0.014306,NORMAL
2023-06-23,183.1533,0.0,1.021459,0.01274,0.016975,0.015281,NORMAL
2023-06-23,183.1533,0.0,1.017935,0.012776,0.016987,0.015303,NORMAL
2023-06-26,184.4168,0.006875,0.924368,0.190876,0.019018,0.087761,NORMAL
2023-06-26,184.247,-0.000921,0.927181,0.062193,0.019262,0.036434,NORMAL
2023-06-26,184.247,0.0,0.930011,0.018384,0.018441,0.018418,NORMAL
2023-06-26,184.247,0.0,0.932859,0.015549,0.016488,0.016112,NORMAL
2023-06-26,184.4168,0.000921,0.935723,0.033838,0.013838,0.021838,NORMAL
2023-06-26,184.4168,0.0,0.938606,0.015546,0.011882,0.013347,NORMAL
2023-06-26,184.4168,0.0,0.941506,0.011606,0.010667,0.011042,NORMAL
2023-06-26,184.4167,-1e-06,0.944425,0.014082,0.009851,0.011543,NORMAL
2023-06-26,184.4168,1e-06,0.947361,0.017629,0.00848,0.012139,NORMAL
2023-06-26,184.4168,0.0,0.950316,0.017071,0.005726,0.010264,NORMAL
2023-06-27,183.32,-0.005965,1.004898,0.13477,0.009274,0.059472,NORMAL
2023-06-27,183.32,0.0,1.007278,0.023389,0.010773,0.015819,NORMAL
2023-06-27,183.32,0.0,1.00967,0.022368,0.011395,0.015784,NORMAL
2023-06-27,183.4889,0.000921,1.012073,0.063963,0.011154,0.032277,NORMAL
2023-06-27,183.4889,0.0,1.014488,0.035466,0.010306,0.02037,NORMAL
2023-06-27,183.4889,0.0,1.016914,0.032251,0.009892,0.018836,NORMAL
2023-06-27,183.4889,0.0,1.019352,0.033426,0.00911,0.018836,NORMAL
2023-06-27,183.4889,0.0,1.021802,0.033395,0.007737,0.018,NORMAL
2023-06-27,183.4889,0.0,1.024263,0.034397,0.005755,0.017212,NORMAL
2023-06-27,183.4889,0.0,1.026737,0.034309,0.003889,0.016057,NORMAL
2023-06-28,185.5025,0.010914,1.033302,0.239932,0.007913,0.100721,NORMAL
2023-06-28,185.3318,-0.000921,1.030052,0.052104,0.008442,0.025907,NORMAL
2023-06-28,185.3318,0.0,1.026822,0.025781,0.008364,0.015331,NORMAL
2023-06-28,185.3318,0.0,1.023612,0.021629,0.007891,0.013386,NORMAL
2023-06-28,185.5026,0.000921,1.020422,0.040388,0.007514,0.020663,NORMAL
2023-06-28,185.5025,-1e-06,1.017252,0.017178,0.007328,0.011268,NORMAL
2023-06-28,185.5026,1e-06,1.014102,0.014817,0.007314,0.010315,NORMAL
2023-06-28,185.5026,0.0,1.010971,0.012197,0.007314,0.009267,NORMAL
2023-06-28,185.5025,-1e-06,1.00786,0.01614,0.007024,0.01067,NORMAL
2023-06-28,185.5025,0.0,1.004767,0.017569,0.006569,0.010969,NORMAL
2023-06-29,186.6377,0.006101,0.913164,0.16286,0.007434,0.069604,NORMAL
2023-06-29,186.4659,-0.000921,0.917125,0.066849,0.008169,0.031641,NORMAL
2023-06-29,186.4659,0.0,0.921119,0.025458,0.008623,0.015357,NORMAL
2023-06-29,186.4659,0.0,0.925149,0.024299,0.009085,0.01517,NORMAL
2023-06-29,186.6377,0.000921,0.929215,0.039538,0.009854,0.021728,NORMAL
2023-06-29,186.6377,0.0,0.933316,0.013622,0.010948,0.012017,NORMAL
2023-06-29,186.6377,0.0,0.937453,0.014863,0.011949,0.013115,NORMAL
2023-06-29,186.6377,0.0,0.941628,0.020107,0.011691,0.015058,NORMAL
2023-06-29,186.6377,0.0,0.94584,0.016329,0.008813,0.01182,NORMAL
2023-06-29,186.6377,0.0,0.950089,0.018723,0.003652,0.00968,NORMAL
2023-06-30,188.9807,0.012476,1.687996,0.564169,0.05356,0.257804,NORMAL
2023-06-30,188.9807,0.0,1.63301,0.310603,0.066947,0.16441,NORMAL
2023-06-30,188.9807,0.0,1.581492,0.253477,0.061044,0.138017,NORMAL
2023-06-30,189.1548,0.000921,1.533126,0.250541,0.051163,0.130914,NORMAL
2023-06-30,189.1548,0.0,1.487631,0.194349,0.044882,0.104669,NORMAL
2023-06-30,189.1548,0.0,1.444758,0.175968,0.043101,0.096248,NORMAL
2023-06-30,189.1548,0.0,1.404286,0.161858,0.044306,0.091327,NORMAL
2023-06-30,189.1548,0.0,1.366021,0.145194,0.04766,0.086674,NORMAL
2023-06-30,189.1548,0.0,1.329785,0.138135,0.051316,0.086044,NORMAL
2023-06-30,189.1548,0.0,1.295422,0.128183,0.052507,0.082777,NORMAL
2023-07-03,191.277,0.011157,0.483706,0.462299,0.093494,0.241016,NORMAL
2023-07-03,191.1009,-0.000921,0.489307,0.252034,0.111956,0.167987,NORMAL
2023-07-03,191.1009,0.0,0.495039,0.21756,0.11521,0.15615,NORMAL
2023-07-03,191.1009,0.0,0.500907,0.211866,0.109251,0.150297,NORMAL
2023-07-03,191.277,0.000921,0.506916,0.23926,0.100006,0.155707,NORMAL
2023-07-03,191.277,0.0,0.513071,0.217695,0.091915,0.142227,NORMAL
2023-07-03,191.277,0.0,0.519377,0.210406,0.086346,0.13597,NORMAL
2023-07-03,191.2769,-1e-06,0.52584,0.203647,0.082728,0.131096,NORMAL
2023-07-03,191.277,1e-06,0.532466,0.201136,0.079776,0.12832,NORMAL
2023-07-03,191.277,0.0,0.539262,0.191453,0.077879,0.123308,NORMAL
2023-07-05,188.9215,-0.012391,0.83161,0.287165,0.089383,0.168496,NORMAL
2023-07-05,188.9215,0.0,0.860822,0.065963,0.101499,0.087285,NORMAL
2023-07-05,188.9215,0.0,0.892161,0.056918,0.110993,0.089363,NORMAL
2023-07-05,189.0955,0.000921,0.925868,0.066251,0.117274,0.096865,NORMAL
2023-07-05,189.0955,0.0,0.962221,0.041753,0.122229,0.090039,NORMAL
2023-07-05,189.0955,0.0,1.001547,0.044673,0.126287,0.093642,NORMAL
2023-07-05,189.0955,0.0,1.044224,0.038562,0.128822,0.092718,NORMAL
2023-07-05,189.0955,0.0,1.090699,0.042832,0.126503,0.093034,NORMAL
2023-07-05,189.0955,0.0,1.141505,0.056907,0.113338,0.090766,NORMAL
2023-07-05,189.0955,0.0,1.197275,0.078404,0.104788,0.094235,NORMAL
2023-07-06,187.3879,-0.009071,1.131003,0.303018,0.108617,0.186377,NORMAL
2023-07-06,187.2154,-0.000921,1.111988,0.160633,0.114975,0.133238,NORMAL
2023-07-06,187.2154,0.0,1.093602,0.117228,0.117039,0.117114,NORMAL
2023-07-06,187.2154,0.0,1.075813,0.104935,0.117668,0.112575,NORMAL
2023-07-06,187.3879,0.000921,1.058595,0.110307,0.120086,0.116174,NORMAL
2023-07-06,187.3878,-1e-06,1.041918,0.07216,0.123756,0.103118,NORMAL
2023-07-06,187.3878,0.0,1.025759,0.069204,0.120887,0.100214,NORMAL
2023-07-06,187.3879,1e-06,1.010093,0.058374,0.099242,0.082895,NORMAL
2023-07-06,187.3879,0.0,0.994899,0.050627,0.061651,0.057241,NORMAL
2023-07-06,187.3879,0.0,0.980155,0.049347,0.029188,0.037251,NORMAL
2023-07-07,188.9376,0.008236,1.017672,0.192239,0.036062,0.098533,NORMAL
2023-07-07,188.7637,-0.000921,1.017789,0.066179,0.038985,0.049863,NORMAL
2023-07-07,188.7637,0.0,1.017905,0.039617,0.038864,0.039165,NORMAL
2023-07-07,188.7636,-1e-06,1.018022,0.039617,0.037736,0.038488,NORMAL
2023-07-07,188.9376,0.000921,1.018138,0.057097,0.037467,0.045319,NORMAL
2023-07-07,188.9376,0.0,1.018255,0.035213,0.038753,0.037337,NORMAL
2023-07-07,188.9376,0.0,1.018372,0.035518,0.040835,0.038708,NORMAL
2023-07-07,188.9376,0.0,1.018488,0.035518,0.04098,0.038795,NORMAL
2023-07-07,188.9376,0.0,1.018605,0.035215,0.034329,0.034683,NORMAL
2023-07-07,188.9376,0.0,1.018722,0.033313,0.01584,0.022829,NORMAL
2023-07-10,186.6434,-0.012217,1.283239,0.298345,0.028462,0.136415,NORMAL
2023-07-10,186.6434,0.0,1.263184,0.106974,0.031947,0.061958,NORMAL
2023-07-10,186.6434,0.0,1.243745,0.102021,0.030123,0.058883,NORMAL
2023-07-10,186.8153,0.000921,1.224896,0.113921,0.0272,0.061888,NORMAL
2023-07-10,186.8153,0.0,1.20661,0.078081,0.024463,0.04591,NORMAL
2023-07-10,186.8153,0.0,1.188861,0.077991,0.022125,0.044471,NORMAL
2023-07-10,186.8153,0.0,1.171627,0.07075,0.019932,0.040259,NORMAL
2023-07-10,186.8154,1e-06,1.154886,0.066004,0.017276,0.036767,NORMAL
2023-07-10,186.8153,-1e-06,1.138616,0.057794,0.014033,0.031538,NORMAL
2023-07-10,186.8154,1e-06,1.122799,0.054404,0.011988,0.028955,NORMAL
2023-07-11,186.5448,-0.00145,0.874031,0.104798,0.016752,0.05197,NORMAL
2023-07-11,186.5448,0.0,0.874176,0.051797,0.020971,0.033302,NORMAL
2023-07-11,186.5448,0.0,0.874321,0.051797,0.025079,0.035766,NORMAL
2023-07-11,186.7167,0.000921,0.874466,0.068184,0.027677,0.04388,NORMAL
2023-07-11,186.7167,0.0,0.874611,0.046417,0.030677,0.036973,NORMAL
2023-07-11,186.7167,0.0,0.874756,0.046765,0.031968,0.037887,NORMAL
2023-07-11,186.7167,0.0,0.874902,0.0458,0.030654,0.036712,NORMAL
2023-07-11,186.7167,0.0,0.875047,0.045417,0.026819,0.034258,NORMAL
2023-07-11,186.7167,0.0,0.875192,0.051524,0.021168,0.03331,NORMAL
2023-07-11,186.7167,0.0,0.875337,0.086501,0.01512,0.043672,NORMAL
2023-07-12,187.0576,0.001824,1.139318,0.106914,0.02304,0.05659,NORMAL
2023-07-12,187.0576,0.0,1.138434,0.064432,0.025742,0.041218,NORMAL
2023-07-12,187.0576,0.0,1.137552,0.064432,0.02508,0.040821,NORMAL
2023-07-12,187.23,0.000921,1.13667,0.085182,0.023571,0.048215,NORMAL
2023-07-12,187.23,0.0,1.135791,0.064719,0.022862,0.039605,NORMAL
2023-07-12,187.2299,-1e-06,1.134912,0.063935,0.024415,0.040223,NORMAL
2023-07-12,187.2299,0.0,1.134035,0.05797,0.028709,0.040413,NORMAL
2023-07-12,187.2299,0.0,1.133159,0.055269,0.033015,0.041917,NORMAL
2023-07-12,187.2299,0.0,1.132285,0.052895,0.030099,0.039217,NORMAL
2023-07-12,187.2299,0.0,1.131412,0.052895,0.020209,0.033283,NORMAL
2023-07-13,187.8663,0.003393,0.773775,0.181654,0.031486,0.091553,NORMAL
2023-07-13,187.8663,0.0,0.777629,0.100301,0.034736,0.060962,NORMAL
2023-07-13,188.0394,0.000921,0.781521,0.133793,0.034056,0.073951,NORMAL
2023-07-13,188.0394,0.0,0.785453,0.114361,0.032735,0.065386,NORMAL
2023-07-13,187.8663,-0.000921,0.789424,0.118404,0.031295,0.066139,NORMAL
2023-07-13,188.0394,0.000921,0.793436,0.103895,0.031449,0.060427,NORMAL
2023-07-13,188.0393,-1e-06,0.797489,0.085366,0.03202,0.053358,NORMAL
2023-07-13,188.0394,1e-06,0.801583,0.077966,0.031124,0.049861,NORMAL
2023-07-13,188.0394,0.0,0.805719,0.076195,0.027361,0.046895,NORMAL
2023-07-13,188.0393,-1e-06,0.809899,0.072097,0.02364,0.043023,NORMAL
2023-07-14,187.6,-0.002339,0.830836,0.127857,0.02532,0.066335,NORMAL
2023-07-14,187.6,0.0,0.847014,0.062449,0.025185,0.040091,NORMAL
2023-07-14,187.7728,0.000921,0.863834,0.087208,0.022237,0.048225,NORMAL
2023-07-14,187.7728,0.0,0.881336,0.064956,0.02031,0.038169,NORMAL
2023-07-14,187.6,-0.000921,0.899562,0.079994,0.019529,0.043715,NORMAL
2023-07-14,187.7728,0.000921,0.918557,0.075881,0.018645,0.041539,NORMAL
2023-07-14,187.7728,0.0,0.938372,0.060949,0.01837,0.035401,NORMAL
2023-07-14,187.7728,0.0,0.959061,0.064669,0.017873,0.036591,NORMAL
2023-07-14,187.7728,0.0,0.980683,0.063564,0.016088,0.035079,NORMAL
2023-07-14,187.7728,0.0,1.003302,0.074036,0.012131,0.036893,NORMAL
2023-07-17,189.4213,0.008741,1.204636,0.260254,0.017226,0.114437,NORMAL
2023-07-17,189.4213,0.0,1.191597,0.083165,0.01975,0.045116,NORMAL
2023-07-17,189.4213,0.0,1.178838,0.05955,0.021175,0.036525,NORMAL
2023-07-17,189.4213,0.0,1.166349,0.045605,0.021415,0.031091,NORMAL
2023-07-17,189.4212,-1e-06,1.154122,0.041523,0.021929,0.029766,NORMAL
2023-07-17,189.4212,0.0,1.142148,0.033302,0.023193,0.027236,NORMAL
2023-07-17,189.4212,0.0,1.13042,0.031167,0.024022,0.02688,NORMAL
2023-07-17,189.2469,-0.000921,1.118931,0.069027,0.022769,0.041272,NORMAL
2023-07-17,189.2469,0.0,1.107673,0.034791,0.017352,0.024328,NORMAL
2023-07-17,189.2469,0.0,1.096639,0.035687,0.011865,0.021394,NORMAL
2023-07-18,190.6769,0.007528,1.040654,0.176028,0.012406,0.077855,NORMAL
2023-07-18,190.6769,0.0,1.033225,0.036321,0.012642,0.022114,NORMAL
2023-07-18,190.8525,0.000921,1.025902,0.060298,0.012888,0.031852,NORMAL
2023-07-18,190.8525,0.0,1.018683,0.035326,0.012891,0.021865,NORMAL
2023-07-18,190.6769,-0.000921,1.011564,0.053552,0.013566,0.029561,NORMAL
2023-07-18,190.8525,0.000921,1.004543,0.048354,0.013873,0.027665,NORMAL
2023-07-18,190.8525,0.0,0.99762,0.024496,0.013457,0.017872,NORMAL
2023-07-18,190.8525,0.0,0.990791,0.027815,0.012086,0.018377,NORMAL
2023-07-18,190.8525,0.0,0.984056,0.030361,0.009866,0.018064,NORMAL
2023-07-18,190.8525,0.0,0.977411,0.03177,0.007342,0.017113,NORMAL
2023-07-19,190.4303,-0.002215,1.581565,0.271355,0.034853,0.129454,NORMAL
2023-07-19,190.4303,0.0,1.536314,0.204008,0.038397,0.104642,NORMAL
2023-07-19,190.4303,0.0,1.493579,0.179827,0.034862,0.092848,NORMAL
2023-07-19,190.6058,0.000921,1.453158,0.179867,0.035972,0.09353,NORMAL
2023-07-19,190.6057,-1e-06,1.414867,0.14195,0.038609,0.079945,NORMAL
2023-07-19,190.6058,1e-06,1.378542,0.12911,0.039175,0.075149,NORMAL
2023-07-19,190.6058,0.0,1.344035,0.115098,0.038886,0.069371,NORMAL
2023-07-19,190.6058,0.0,1.311214,0.098937,0.04068,0.063983,NORMAL
2023-07-19,190.6058,0.0,1.279958,0.095006,0.045829,0.0655,NORMAL
2023-07-19,190.6058,0.0,1.250157,0.102271,0.053113,0.072776,NORMAL
2023-07-20,192.3928,0.009332,0.917164,0.274394,0.058104,0.14462,NORMAL
2023-07-20,192.3928,0.0,0.909261,0.084518,0.05845,0.068877,NORMAL
2023-07-20,192.3928,0.0,0.901493,0.067762,0.056092,0.06076,NORMAL
2023-07-20,192.5701,0.000921,0.893856,0.08607,0.05224,0.065772,NORMAL
2023-07-20,192.5701,0.0,0.886348,0.063803,0.048263,0.054479,NORMAL
2023-07-20,192.5701,0.0,0.878965,0.063658,0.044828,0.05236,NORMAL
2023-07-20,192.5701,0.0,0.871704,0.062429,0.04179,0.050045,NORMAL
2023-07-20,192.5701,0.0,0.864561,0.061457,0.039141,0.048067,NORMAL
2023-07-20,192.57,-1e-06,0.857535,0.060885,0.035945,0.045921,NORMAL
2023-07-20,192.5701,1e-06,0.850622,0.068656,0.032608,0.047027,NORMAL
2023-07-21,191.4165,-0.006009,1.033544,0.155352,0.040789,0.086614,NORMAL
2023-07-21,191.4165,0.0,1.039934,0.034159,0.04737,0.042086,NORMAL
2023-07-21,191.4165,0.0,1.046404,0.025062,0.051355,0.040838,NORMAL
2023-07-21,191.5929,0.000921,1.052955,0.066505,0.051123,0.057276,NORMAL
2023-07-21,191.5928,-1e-06,1.059588,0.040112,0.049975,0.046029,NORMAL
2023-07-21,191.5929,1e-06,1.066305,0.03622,0.049128,0.043965,NORMAL
2023-07-21,191.5929,0.0,1.073109,0.039612,0.049971,0.045828,NORMAL
2023-07-21,191.5929,0.0,1.079999,0.038603,0.049172,0.044944,NORMAL
2023-07-21,191.5929,0.0,1.086978,0.042736,0.040084,0.041145,NORMAL
2023-07-21,191.5929,0.0,1.094049,0.043377,0.030567,0.035691,NORMAL
2023-07-24,190.736,-0.004483,0.697516,0.241039,0.0457,0.123836,NORMAL
2023-07-24,190.7361,1e-06,0.705214,0.145335,0.051037,0.088756,NORMAL
2023-07-24,190.9118,0.000921,0.713084,0.133598,0.050617,0.08381,NORMAL
2023-07-24,190.9118,0.0,0.721132,0.097882,0.048633,0.068333,NORMAL
2023-07-24,190.736,-0.000921,0.729364,0.129633,0.047036,0.080075,NORMAL
2023-07-24,190.9118,0.000921,0.737785,0.123096,0.046098,0.076897,NORMAL
2023-07-24,190.9118,0.0,0.746404,0.095296,0.045191,0.065233,NORMAL
2023-07-24,190.9118,0.0,0.755226,0.088734,0.042353,0.060905,NORMAL
2023-07-24,190.9117,-1e-06,0.764259,0.087888,0.035173,0.056259,NORMAL
2023-07-24,190.9118,1e-06,0.77351,0.09308,0.023803,0.051514,NORMAL
2023-07-25,190.6571,-0.001335,0.65488,0.203217,0.024455,0.09596,NORMAL
2023-07-25,190.6571,0.0,0.675446,0.154205,0.024884,0.076613,NORMAL
2023-07-25,190.6572,1e-06,0.697345,0.126941,0.02512,0.065848,NORMAL
2023-07-25,190.8328,0.000921,0.720712,0.143541,0.025337,0.072618,NORMAL
2023-07-25,190.8328,0.0,0.745699,0.111341,0.025572,0.059879,NORMAL
2023-07-25,190.8328,0.0,0.772481,0.096505,0.02568,0.05401,NORMAL
2023-07-25,190.8328,0.0,0.801259,0.090713,0.025607,0.051649,NORMAL
2023-07-25,190.8328,0.0,0.832264,0.073789,0.02529,0.04469,NORMAL
2023-07-25,190.8328,0.0,0.865764,0.066136,0.023885,0.040786,NORMAL
2023-07-25,190.8328,0.0,0.902075,0.081087,0.019631,0.044213,NORMAL
2023-07-26,190.9924,0.000836,1.14569,0.088864,0.021389,0.048379,NORMAL
2023-07-26,190.9924,0.0,1.142802,0.07657,0.020711,0.043055,NORMAL
2023-07-26,191.1684,0.000921,1.139929,0.092762,0.019393,0.048741,NORMAL
2023-07-26,191.1684,0.0,1.13707,0.070718,0.018257,0.039242,NORMAL
2023-07-26,190.9924,-0.000921,1.134225,0.106146,0.017836,0.05316,NORMAL
2023-07-26,191.1684,0.000921,1.131395,0.080654,0.018229,0.043199,NORMAL
2023-07-26,191.1684,0.0,1.128579,0.064113,0.019652,0.037437,NORMAL
2023-07-26,191.1684,0.0,1.125776,0.064113,0.019522,0.037359,NORMAL
2023-07-26,191.1684,0.0,1.122988,0.064113,0.016251,0.035396,NORMAL
2023-07-26,191.1684,0.0,1.120213,0.0601,0.016468,0.033921,NORMAL
2023-07-27,193.31,0.01114,1.106649,0.320929,0.018917,0.139721,NORMAL
2023-07-27,193.3099,-1e-06,1.093673,0.116286,0.018962,0.057892,NORMAL
2023-07-27,193.488,0.000921,1.080997,0.125429,0.018696,0.061389,NORMAL
2023-07-27,193.488,0.0,1.068612,0.077802,0.017327,0.041517,NORMAL
2023-07-27,193.31,-0.00092,1.056507,0.079608,0.014888,0.040776,NORMAL
2023-07-27,193.4881,0.000921,1.044674,0.063065,0.013343,0.033232,NORMAL
2023-07-27,193.4881,0.0,1.033102,0.04363,0.012136,0.024734,NORMAL
2023-07-27,193.4881,0.0,1.021784,0.043619,0.011608,0.024412,NORMAL
2023-07-27,193.4881,0.0,1.010712,0.038315,0.01246,0.022802,NORMAL
2023-07-27,193.4881,0.0,0.999877,0.038497,0.016237,0.025141,NORMAL
2023-07-28,191.9786,-0.007832,1.016511,0.203144,0.023268,0.095219,NORMAL
2023-07-28,191.9786,0.0,1.015635,0.042586,0.026724,0.033069,NORMAL
2023-07-28,191.9786,0.0,1.01476,0.042598,0.026055,0.032672,NORMAL
2023-07-28,192.1555,0.000921,1.013887,0.074057,0.024142,0.044108,NORMAL
2023-07-28,192.1555,0.0,1.013016,0.043995,0.02229,0.030972,NORMAL
2023-07-28,192.1555,0.0,1.012146,0.037587,0.020565,0.027374,NORMAL
2023-07-28,192.1555,0.0,1.011277,0.03583,0.018451,0.025403,NORMAL
2023-07-28,192.1555,0.0,1.01041,0.037694,0.015539,0.024401,NORMAL
2023-07-28,192.1555,0.0,1.009545,0.038948,0.011882,0.022708,NORMAL
2023-07-28,192.1555,0.0,1.008681,0.036246,0.008385,0.01953,NORMAL
2023-07-31,193.5275,0.007115,0.818314,0.203073,0.012316,0.088618,NORMAL
2023-07-31,193.3494,-0.000921,0.82583,0.099009,0.013146,0.047491,NORMAL
2023-07-31,193.3494,0.0,0.833486,0.064351,0.013239,0.033684,NORMAL
2023-07-31,193.5275,0.000921,0.841285,0.075202,0.01382,0.038373,NORMAL
2023-07-31,193.3494,-0.000921,0.849231,0.094028,0.014399,0.046251,NORMAL
2023-07-31,193.5275,0.000921,0.857329,0.068437,0.014321,0.035968,NORMAL
2023-07-31,193.5275,0.0,0.865582,0.05398,0.013553,0.029724,NORMAL
2023-07-31,193.5275,0.0,0.873996,0.051727,0.012047,0.027919,NORMAL
2023-07-31,193.5275,0.0,0.882575,0.049716,0.009739,0.02573,NORMAL
2023-07-31,193.5275,0.0,0.891325,0.050023,0.006454,0.023881,NORMAL
2023-08-01,193.7052,0.000918,0.819895,0.092782,0.006083,0.040763,NORMAL
2023-08-01,193.7052,0.0,0.832623,0.060191,0.006213,0.027804,NORMAL
2023-08-01,193.7052,0.0,0.845752,0.058436,0.006601,0.027335,NORMAL
2023-08-01,193.7052,0.0,0.859302,0.050633,0.007068,0.024494,NORMAL
2023-08-01,193.7052,0.0,0.873293,0.048367,0.008276,0.024312,NORMAL
2023-08-01,193.7052,0.0,0.887748,0.048072,0.009869,0.02515,NORMAL
2023-08-01,193.7052,0.0,0.902688,0.0474,0.011529,0.025878,NORMAL
2023-08-01,193.5269,-0.000921,0.918141,0.088059,0.012426,0.042679,NORMAL
2023-08-01,193.5269,0.0,0.934131,0.069616,0.011001,0.034447,NORMAL
2023-08-01,193.5269,0.0,0.950689,0.090053,0.006127,0.039698,NORMAL
2023-08-02,192.3435,-0.006134,1.340931,0.334129,0.019459,0.145327,NORMAL
2023-08-02,192.3435,0.0,1.320609,0.201855,0.022708,0.094367,NORMAL
2023-08-02,192.5207,0.000921,1.300893,0.16563,0.020958,0.078827,NORMAL
2023-08-02,192.5207,0.0,1.281758,0.119468,0.019309,0.059373,NORMAL
2023-08-02,192.3435,-0.000921,1.263178,0.141922,0.018126,0.067644,NORMAL
2023-08-02,192.5207,0.000921,1.245128,0.107323,0.017877,0.053655,NORMAL
2023-08-02,192.5207,0.0,1.227588,0.076422,0.018095,0.041426,NORMAL
2023-08-02,192.5207,0.0,1.210534,0.070877,0.018288,0.039323,NORMAL
2023-08-02,192.5207,0.0,1.193948,0.058728,0.018133,0.034371,NORMAL
2023-08-02,192.5207,0.0,1.17781,0.052207,0.01851,0.031989,NORMAL
2023-08-03,188.9215,-0.018872,1.389019,0.569187,0.036013,0.249283,NORMAL
2023-08-03,188.9214,-1e-06,1.349143,0.358699,0.044127,0.169956,NORMAL
2023-08-03,189.0956,0.000922,1.311493,0.269988,0.043132,0.133874,NORMAL
2023-08-03,189.0955,-1e-06,1.275887,0.1894,0.039649,0.09955,NORMAL
2023-08-03,188.9215,-0.000921,1.242163,0.219588,0.037889,0.110568,NORMAL
2023-08-03,189.0955,0.000921,1.210176,0.187325,0.038452,0.098001,NORMAL
2023-08-03,189.0955,0.0,1.179795,0.143443,0.038966,0.080757,NORMAL
2023-08-03,189.0955,0.0,1.150903,0.127987,0.038818,0.074485,NORMAL
2023-08-03,189.0955,0.0,1.123391,0.119042,0.038241,0.070561,NORMAL
2023-08-03,189.0955,0.0,1.097164,0.105736,0.038372,0.065318,NORMAL
2023-08-04,183.1237,-0.03209,1.962355,0.843985,0.126818,0.413685,LOW
2023-08-04,183.1237,0.0,1.859206,0.613448,0.145014,0.332388,NORMAL
2023-08-04,183.1237,0.0,1.766359,0.553522,0.127234,0.297749,NORMAL
2023-08-04,183.1237,0.0,1.682344,0.514039,0.120812,0.278103,NORMAL
2023-08-04,183.1237,0.0,1.605958,0.472015,0.113165,0.256705,NORMAL
2023-08-04,183.1237,0.0,1.536208,0.449344,0.10425,0.242287,NORMAL
2023-08-04,182.9551,-0.000921,1.472264,0.471649,0.117381,0.259088,NORMAL
2023-08-04,182.9551,0.0,1.413431,0.407656,0.148248,0.252011,NORMAL
2023-08-04,182.9551,0.0,1.359119,0.368336,0.173204,0.251257,NORMAL
2023-08-04,183.1237,0.000921,1.308827,0.298269,0.182506,0.228811,NORMAL
2023-08-07,179.7775,-0.018442,1.079226,0.540175,0.162663,0.313668,NORMAL
2023-08-07,179.612,-0.000921,1.057964,0.346633,0.147485,0.227144,NORMAL
2023-08-07,179.612,0.0,1.037523,0.304198,0.135117,0.20275,NORMAL
2023-08-07,179.7775,0.000921,1.017858,0.294409,0.124896,0.192701,NORMAL
2023-08-07,179.612,-0.000921,0.998924,0.270784,0.117485,0.178804,NORMAL
2023-08-07,179.7775,0.000921,0.980681,0.249386,0.113302,0.167735,NORMAL
2023-08-07,179.7775,0.0,0.963093,0.192043,0.112254,0.14417,NORMAL
2023-08-07,179.7775,0.0,0.946125,0.156555,0.114847,0.13153,NORMAL
2023-08-07,179.7775,0.0,0.929744,0.121295,0.121042,0.121143,NORMAL
2023-08-07,179.7775,0.0,0.913921,0.080125,0.132404,0.111493,NORMAL
2023-08-08,177.2057,-0.014409,0.649896,0.479624,0.134812,0.272737,NORMAL
2023-08-08,177.2057,0.0,0.665237,0.284435,0.131227,0.19251,NORMAL
2023-08-08,177.2057,0.0,0.681321,0.257067,0.124956,0.177801,NORMAL
2023-08-08,177.369,0.000921,0.698201,0.213408,0.118026,0.156179,NORMAL
2023-08-08,177.369,0.0,0.715938,0.175507,0.113839,0.138507,NORMAL
2023-08-08,177.369,0.0,0.734601,0.158121,0.115688,0.132661,NORMAL
2023-08-08,177.369,0.0,0.754263,0.144867,0.121435,0.130808,NORMAL
2023-08-08,177.369,0.0,0.775005,0.132817,0.126028,0.128743,NORMAL
2023-08-08,177.369,0.0,0.796922,0.111701,0.122377,0.118107,NORMAL
2023-08-08,177.369,0.0,0.820113,0.07051,0.117906,0.098948,NORMAL
2023-08-09,178.3694,0.005624,0.746892,0.212191,0.10486,0.147792,NORMAL
2023-08-09,178.3694,0.0,0.76448,0.086972,0.094542,0.091514,NORMAL
2023-08-09,178.5337,0.000921,0.782917,0.101503,0.086198,0.09232,NORMAL
2023-08-09,178.5337,0.0,0.802265,0.08217,0.079032,0.080287,NORMAL
2023-08-09,178.3694,-0.000921,0.822594,0.082011,0.073126,0.07668,NORMAL
2023-08-09,178.5337,0.000921,0.843979,0.069816,0.067195,0.068243,NORMAL
2023-08-09,178.5337,0.0,0.866506,0.047051,0.062642,0.056406,NORMAL
2023-08-09,178.5337,0.0,0.890269,0.041488,0.057408,0.05104,NORMAL
2023-08-09,178.5337,0.0,0.915372,0.040918,0.055224,0.049502,NORMAL
2023-08-09,178.5337,0.0,0.941931,0.043347,0.053689,0.049552,NORMAL
2023-08-10,176.9986,-0.008636,0.861972,0.207752,0.069261,0.124658,NORMAL
2023-08-10,176.9986,0.0,0.870989,0.048039,0.076964,0.065394,NORMAL
2023-08-10,177.1617,0.000921,0.880196,0.049282,0.07313,0.063591,NORMAL
2023-08-10,177.1617,0.0,0.889601,0.028431,0.064265,0.049931,NORMAL
2023-08-10,176.9986,-0.000921,0.899208,0.057816,0.052816,0.054816,NORMAL
2023-08-10,177.1617,0.000921,0.909025,0.040848,0.042246,0.041687,NORMAL
2023-08-10,177.1617,0.0,0.919059,0.017993,0.032912,0.026944,NORMAL
2023-08-10,177.1617,0.0,0.929317,0.019329,0.024125,0.022207,NORMAL
2023-08-10,177.1617,0.0,0.939807,0.020929,0.015781,0.01784,NORMAL
2023-08-10,177.1617,0.0,0.950536,0.018112,0.014289,0.015818,NORMAL
2023-08-11,175.1046,-0.011679,0.911077,0.324113,0.017032,0.139865,NORMAL
2023-08-11,175.1046,0.0,0.917779,0.131717,0.019318,0.064277,NORMAL
2023-08-11,175.1046,0.0,0.92458,0.093749,0.020908,0.050044,NORMAL
2023-08-11,175.266,0.000921,0.931483,0.077322,0.022334,0.04433,NORMAL
2023-08-11,175.2659,-1e-06,0.93849,0.053662,0.023674,0.03567,NORMAL
2023-08-11,175.266,1e-06,0.945603,0.052484,0.024342,0.035599,NORMAL
2023-08-11,175.2659,-1e-06,0.952825,0.038659,0.023426,0.029519,NORMAL
2023-08-11,175.266,1e-06,0.960158,0.036579,0.020298,0.02681,NORMAL
2023-08-11,175.2659,-1e-06,0.967605,0.032086,0.015542,0.02216,NORMAL
2023-08-11,175.266,1e-06,0.975168,0.033705,0.011483,0.020372,NORMAL
2023-08-14,175.9084,0.003659,0.827013,0.146367,0.016394,0.068383,NORMAL
2023-08-14,175.7465,-0.000921,0.835726,0.070332,0.01839,0.039167,NORMAL
2023-08-14,175.7465,0.0,0.844624,0.051832,0.018553,0.031865,NORMAL
2023-08-14,175.9084,0.000921,0.853714,0.058519,0.017331,0.033806,NORMAL
2023-08-14,175.7465,-0.000921,0.863001,0.061511,0.015475,0.033889,NORMAL
2023-08-14,175.9084,0.000921,0.872493,0.057798,0.01363,0.031297,NORMAL
2023-08-14,175.9084,0.0,0.882196,0.03783,0.012238,0.022475,NORMAL
2023-08-14,175.9084,0.0,0.892117,0.037023,0.011273,0.021573,NORMAL
2023-08-14,175.9084,0.0,0.902263,0.037599,0.010601,0.0214,NORMAL
2023-08-14,175.9084,0.0,0.912643,0.043251,0.010988,0.023893,NORMAL
2023-08-15,176.6451,0.004179,0.91962,0.156675,0.010942,0.069235,NORMAL
2023-08-15,176.6451,0.0,0.927849,0.05119,0.01048,0.026764,NORMAL
2023-08-15,176.6451,0.0,0.936227,0.044695,0.010425,0.024133,NORMAL
2023-08-15,176.8079,0.000921,0.944758,0.04214,0.010464,0.023134,NORMAL
2023-08-15,176.8079,0.0,0.953445,0.015203,0.010135,0.012162,NORMAL
2023-08-15,176.8079,0.0,0.962293,0.015385,0.010282,0.012323,NORMAL
2023-08-15,176.8079,0.0,0.971308,0.01608,0.010234,0.012572,NORMAL
2023-08-15,176.8079,0.0,0.980492,0.006669,0.009529,0.008385,NORMAL
2023-08-15,176.8079,0.0,0.989852,0.00833,0.007706,0.007956,NORMAL
2023-08-15,176.8079,0.0,0.999393,0.007264,0.005778,0.006372,NORMAL
2023-08-16,175.0781,-0.009832,1.071926,0.242403,0.013264,0.104919,NORMAL
2023-08-16,174.917,-0.000921,1.067917,0.096977,0.015943,0.048357,NORMAL
2023-08-16,174.917,0.0,1.063939,0.05709,0.014866,0.031756,NORMAL
2023-08-16,174.917,0.0,1.059989,0.050405,0.013122,0.028035,NORMAL
2023-08-16,175.0782,0.000921,1.056069,0.055254,0.012061,0.029339,NORMAL
2023-08-16,175.0782,0.0,1.052178,0.024863,0.011725,0.01698,NORMAL
2023-08-16,175.0782,0.0,1.048315,0.019689,0.011257,0.01463,NORMAL
2023-08-16,175.0782,0.0,1.044481,0.020264,0.009738,0.013948,NORMAL
2023-08-16,175.0782,0.0,1.040675,0.020236,0.006855,0.012208,NORMAL
2023-08-16,175.0782,0.0,1.036896,0.018236,0.004307,0.009879,NORMAL
2023-08-17,175.088,5.6e-05,1.423286,0.136471,0.019664,0.066387,NORMAL
2023-08-17,174.9269,-0.000921,1.389693,0.153688,0.02628,0.077243,NORMAL
2023-08-17,174.9269,0.0,1.357649,0.111288,0.027247,0.060864,NORMAL
2023-08-17,174.9269,0.0,1.327049,0.097154,0.025838,0.054364,NORMAL
2023-08-17,175.088,0.000921,1.297798,0.112359,0.023255,0.058897,NORMAL
2023-08-17,175.088,0.0,1.269809,0.074955,0.021976,0.043167,NORMAL
2023-08-17,175.088,0.0,1.243002,0.062619,0.021655,0.03804,NORMAL
2023-08-17,175.088,0.0,1.217303,0.057584,0.021666,0.036033,NORMAL
2023-08-17,175.088,0.0,1.192646,0.058838,0.021493,0.036431,NORMAL
2023-08-17,175.088,0.0,1.168967,0.081908,0.021135,0.045444,NORMAL
2023-08-18,170.1474,-0.028624,1.068991,0.616148,0.047786,0.275131,NORMAL
2023-08-18,170.1473,-1e-06,1.055883,0.337458,0.050934,0.165544,NORMAL
2023-08-18,170.1474,1e-06,1.043093,0.270564,0.040857,0.13274,NORMAL
2023-08-18,170.3041,0.000921,1.03061,0.207668,0.039743,0.106913,NORMAL
2023-08-18,170.3041,0.0,1.018421,0.178606,0.044003,0.097844,NORMAL
2023-08-18,170.3041,0.0,1.006518,0.168622,0.044962,0.094426,NORMAL
2023-08-18,170.3041,0.0,0.994889,0.168966,0.041386,0.092418,NORMAL
2023-08-18,170.3041,0.0,0.983526,0.167625,0.035841,0.088554,NORMAL
2023-08-18,170.3041,0.0,0.97242,0.176811,0.030038,0.088747,NORMAL
2023-08-18,170.3041,0.0,0.961562,0.167234,0.024852,0.081805,NORMAL
2023-08-21,172.8827,0.015028,0.739452,0.442043,0.038826,0.200113,NORMAL
2023-08-21,172.8827,0.0,0.751299,0.194548,0.044268,0.10438,NORMAL
2023-08-21,172.8827,0.0,0.763531,0.176573,0.041326,0.095425,NORMAL
2023-08-21,173.042,0.000921,0.776168,0.185071,0.036743,0.096074,NORMAL
2023-08-21,173.042,0.0,0.789231,0.15941,0.03368,0.083972,NORMAL
2023-08-21,173.042,0.0,0.80274,0.126804,0.031747,0.06977,NORMAL
2023-08-21,173.042,0.0,0.816721,0.10567,0.030715,0.060697,NORMAL
2023-08-21,173.042,0.0,0.831196,0.081664,0.029524,0.05038,NORMAL
2023-08-21,173.042,0.0,0.846195,0.073776,0.026695,0.045527,NORMAL
2023-08-21,173.042,0.0,0.861744,0.058018,0.026506,0.039111,NORMAL
2023-08-22,175.009,0.011303,0.796412,0.294741,0.028058,0.134731,NORMAL
2023-08-22,175.009,0.0,0.811112,0.078568,0.028173,0.048331,NORMAL
2023-08-22,175.009,0.0,0.826365,0.063489,0.026974,0.04158,NORMAL
2023-08-22,175.009,0.0,0.842203,0.053389,0.024577,0.036102,NORMAL
2023-08-22,175.009,0.0,0.85866,0.042987,0.024619,0.031966,NORMAL
2023-08-22,175.009,0.0,0.875773,0.037088,0.02727,0.031197,NORMAL
2023-08-22,175.009,0.0,0.893582,0.034313,0.03294,0.033489,NORMAL
2023-08-22,174.8479,-0.000921,0.91213,0.07112,0.038444,0.051515,NORMAL
2023-08-22,174.8479,0.0,0.931464,0.032178,0.038467,0.035951,NORMAL
2023-08-22,174.8479,0.0,0.951636,0.022791,0.023758,0.023371,NORMAL
2023-08-23,176.2897,0.008212,1.18489,0.21149,0.02584,0.1001,NORMAL
2023-08-23,176.2896,-1e-06,1.176415,0.03787,0.027343,0.031554,NORMAL
2023-08-23,176.4521,0.000921,1.168061,0.053681,0.028804,0.038755,NORMAL
2023-08-23,176.452,-1e-06,1.159824,0.031793,0.030003,0.030719,NORMAL
2023-08-23,176.2896,-0.000921,1.151703,0.059096,0.030481,0.041927,NORMAL
2023-08-23,176.4521,0.000921,1.143695,0.043545,0.030488,0.035711,NORMAL
2023-08-23,176.4521,0.0,1.135797,0.021599,0.030204,0.026762,NORMAL
2023-08-23,176.4521,0.0,1.128008,0.01806,0.029481,0.024913,NORMAL
2023-08-23,176.4521,0.0,1.120324,0.006859,0.024448,0.017412,NORMAL
2023-08-23,176.4521,0.0,1.112745,0.012496,0.019902,0.01694,NORMAL
2023-08-24,178.4128,0.011051,1.14408,0.307296,0.020993,0.135514,NORMAL
2023-08-24,178.4127,-1e-06,1.12891,0.080539,0.021129,0.044893,NORMAL
2023-08-24,178.5772,0.000922,1.114138,0.088302,0.021787,0.048393,NORMAL
2023-08-24,178.5772,0.0,1.099747,0.048291,0.022127,0.032593,NORMAL
2023-08-24,178.4128,-0.000921,1.085723,0.057418,0.021696,0.035985,NORMAL
2023-08-24,178.5771,0.00092,1.072052,0.049018,0.020536,0.031929,NORMAL
2023-08-24,178.5772,1e-06,1.058721,0.026142,0.019014,0.021865,NORMAL
2023-08-24,178.5772,0.0,1.045718,0.021237,0.017423,0.018948,NORMAL
2023-08-24,178.5772,0.0,1.03303,0.018738,0.015702,0.016916,NORMAL
2023-08-24,178.5771,-1e-06,1.020647,0.017279,0.014809,0.015797,NORMAL
2023-08-25,175.3253,-0.018377,0.956834,0.322105,0.027023,0.145056,NORMAL
2023-08-25,175.3253,0.0,0.957969,0.06723,0.030687,0.045304,NORMAL
2023-08-25,175.3253,0.0,0.959105,0.060833,0.029656,0.042127,NORMAL
2023-08-25,175.3252,-1e-06,0.960245,0.061861,0.026377,0.04057,NORMAL
2023-08-25,175.3253,1e-06,0.961387,0.060461,0.023418,0.038235,NORMAL
2023-08-25,175.3253,0.0,0.962532,0.057368,0.021615,0.035916,NORMAL
2023-08-25,175.1639,-0.000921,0.96368,0.0983,0.020009,0.051325,NORMAL
2023-08-25,175.1639,0.0,0.96483,0.062198,0.018872,0.036203,NORMAL
2023-08-25,175.1639,0.0,0.965984,0.06646,0.017852,0.037296,NORMAL
2023-08-25,175.3253,0.000921,0.96714,0.084691,0.018877,0.045203,NORMAL
2023-08-28,178.0039,0.015162,0.832437,0.312177,0.025672,0.140274,NORMAL
2023-08-28,177.84,-0.000921,0.841327,0.093532,0.02652,0.053325,NORMAL
2023-08-28,177.84,0.0,0.85041,0.063345,0.025194,0.040455,NORMAL
2023-08-28,178.0039,0.000921,0.85969,0.080067,0.024216,0.046557,NORMAL
2023-08-28,177.84,-0.000921,0.869175,0.082928,0.023363,0.047189,NORMAL
2023-08-28,178.0039,0.000921,0.878872,0.066623,0.021586,0.039601,NORMAL
2023-08-28,178.0039,0.0,0.888787,0.045757,0.019653,0.030095,NORMAL
2023-08-28,178.0039,0.0,0.898929,0.04024,0.018106,0.02696,NORMAL
2023-08-28,178.0039,0.0,0.909305,0.040243,0.017412,0.026544,NORMAL
2023-08-28,178.0038,-1e-06,0.919924,0.042655,0.01754,0.027586,NORMAL
2023-08-29,177.4549,-0.003088,1.110893,0.123858,0.023604,0.063706,NORMAL
2023-08-29,177.4549,0.0,1.109087,0.058443,0.027338,0.03978,NORMAL
2023-08-29,177.6184,0.000921,1.107286,0.079938,0.027281,0.048344,NORMAL
2023-08-29,177.6184,0.0,1.105491,0.048122,0.025916,0.034798,NORMAL
2023-08-29,177.4549,-0.000921,1.103702,0.066797,0.026656,0.042713,NORMAL
2023-08-29,177.6184,0.000921,1.101919,0.067158,0.029503,0.044565,NORMAL
2023-08-29,177.6184,0.0,1.100142,0.041467,0.033859,0.036903,NORMAL
2023-08-29,177.6184,0.0,1.09837,0.034475,0.035783,0.03526,NORMAL
2023-08-29,177.6184,0.0,1.096604,0.030807,0.029416,0.029972,NORMAL
2023-08-29,177.6184,0.0,1.094844,0.054345,0.01472,0.03057,NORMAL
2023-08-30,182.6294,0.027822,1.2345,0.573774,0.038262,0.252467,NORMAL
2023-08-30,182.7977,0.000921,1.213569,0.208561,0.051287,0.114197,NORMAL
2023-08-30,182.7977,0.0,1.193335,0.146564,0.054819,0.091517,NORMAL
2023-08-30,182.7977,0.0,1.173766,0.115471,0.053455,0.078261,NORMAL
2023-08-30,182.7977,0.0,1.154827,0.108998,0.050816,0.074089,NORMAL
2023-08-30,182.7977,0.0,1.13649,0.100261,0.049252,0.069655,NORMAL
2023-08-30,182.7977,0.0,1.118727,0.096277,0.049472,0.068194,NORMAL
2023-08-30,182.6294,-0.000921,1.10151,0.126178,0.049559,0.080207,NORMAL
2023-08-30,182.6294,0.0,1.084815,0.104514,0.046224,0.06954,NORMAL
2023-08-30,182.7977,0.000921,1.068618,0.137319,0.039975,0.078912,NORMAL
2023-08-31,185.4932,0.014638,1.061015,0.414766,0.041628,0.190883,NORMAL
2023-08-31,185.6641,0.000921,1.053851,0.198047,0.042173,0.104523,NORMAL
2023-08-31,185.4932,-0.000921,1.046782,0.172821,0.041788,0.094201,NORMAL
2023-08-31,185.4932,0.0,1.039808,0.130168,0.041178,0.076774,NORMAL
2023-08-31,185.6641,0.000921,1.032927,0.15189,0.040933,0.085316,NORMAL
2023-08-31,185.6641,0.0,1.026135,0.116131,0.041014,0.071061,NORMAL
2023-08-31,185.6641,0.0,1.019433,0.102028,0.041436,0.065673,NORMAL
2023-08-31,185.6641,0.0,1.012817,0.085805,0.041797,0.0594,NORMAL
2023-08-31,185.6641,0.0,1.006287,0.053055,0.041143,0.045908,NORMAL
2023-08-31,185.6641,0.0,0.99984,0.022536,0.03877,0.032276,NORMAL
2023-09-01,187.1226,0.007825,0.762117,0.279852,0.042666,0.137541,NORMAL
2023-09-01,187.1226,0.0,0.771786,0.104543,0.044063,0.068255,NORMAL
2023-09-01,187.1226,0.0,0.781704,0.105633,0.044039,0.068677,NORMAL
2023-09-01,187.295,0.000921,0.79188,0.121978,0.044364,0.07541,NORMAL
2023-09-01,187.295,0.0,0.802325,0.093601,0.045139,0.064524,NORMAL
2023-09-01,187.295,0.0,0.813049,0.080443,0.045142,0.059263,NORMAL
2023-09-01,187.295,0.0,0.824063,0.078886,0.044077,0.058001,NORMAL
2023-09-01,187.295,0.0,0.83538,0.070655,0.041104,0.052925,NORMAL
2023-09-01,187.295,0.0,0.847012,0.062076,0.035614,0.046199,NORMAL
2023-09-01,187.2949,-1e-06,0.858973,0.056061,0.028398,0.039463,NORMAL
2023-09-05,186.099,-0.006406,0.862398,0.170352,0.026819,0.084232,NORMAL
2023-09-05,185.9277,-0.000921,0.87533,0.067624,0.025518,0.04236,NORMAL
2023-09-05,185.9277,0.0,0.888656,0.037446,0.024489,0.029672,NORMAL
2023-09-05,186.099,0.000921,0.902395,0.062016,0.023758,0.039061,NORMAL
2023-09-05,185.9277,-0.000921,0.916564,0.063167,0.023911,0.039613,NORMAL
2023-09-05,186.099,0.000921,0.931186,0.062365,0.024926,0.039902,NORMAL
2023-09-05,186.099,0.0,0.946282,0.038186,0.026071,0.030917,NORMAL
2023-09-05,186.099,0.0,0.961875,0.03912,0.026155,0.031341,NORMAL
2023-09-05,186.099,0.0,0.977991,0.037051,0.024057,0.029254,NORMAL
2023-09-05,186.099,0.0,0.994657,0.036643,0.021847,0.027765,NORMAL
2023-09-06,186.0462,-0.000284,1.727623,0.279822,0.050836,0.14243,NORMAL
2023-09-06,186.0462,0.0,1.664336,0.249883,0.056154,0.133646,NORMAL
2023-09-06,186.0462,0.0,1.605522,0.219626,0.061202,0.124572,NORMAL
2023-09-06,186.2176,0.000921,1.550722,0.2191,0.063027,0.125456,NORMAL
2023-09-06,186.2176,0.0,1.49954,0.17816,0.061989,0.108457,NORMAL
2023-09-06,186.2176,0.0,1.451629,0.165263,0.060689,0.102518,NORMAL
2023-09-06,186.2176,0.0,1.406684,0.148542,0.058167,0.094317,NORMAL
2023-09-06,186.2176,0.0,1.364439,0.128962,0.053481,0.083673,NORMAL
2023-09-06,186.2176,0.0,1.324658,0.113178,0.048346,0.074279,NORMAL
2023-09-06,186.2176,0.0,1.28713,0.119363,0.046554,0.075677,NORMAL
2023-09-07,172.9913,-0.073675,1.681992,0.955906,0.176316,0.488152,LOW
2023-09-07,172.9913,0.0,1.60152,0.725192,0.143971,0.376459,NORMAL
2023-09-07,173.1508,0.000922,1.528397,0.709599,0.120407,0.356084,NORMAL
2023-09-07,173.1507,-1e-06,1.461659,0.600394,0.121921,0.31331,NORMAL
2023-09-07,172.9913,-0.000921,1.400506,0.595848,0.129741,0.316184,NORMAL
2023-09-07,173.1508,0.000922,1.344265,0.601206,0.138629,0.32366,NORMAL
2023-09-07,173.1507,-1e-06,1.292366,0.588868,0.136051,0.317178,NORMAL
2023-09-07,173.1508,1e-06,1.244326,0.577039,0.126873,0.306939,NORMAL
2023-09-07,173.1507,-1e-06,1.199729,0.58632,0.122619,0.308099,NORMAL
2023-09-07,173.1507,0.0,1.158218,0.575854,0.126586,0.306293,NORMAL
2023-09-08,176.1218,0.017013,0.680614,0.774053,0.138086,0.392473,NORMAL
2023-09-08,176.1218,0.0,0.686388,0.562415,0.142615,0.310535,NORMAL
2023-09-08,176.284,0.000921,0.692261,0.588648,0.144086,0.32191,NORMAL
2023-09-08,176.284,0.0,0.698235,0.53365,0.145171,0.300563,NORMAL
2023-09-08,176.1217,-0.000921,0.704314,0.51612,0.144397,0.293086,NORMAL
2023-09-08,176.284,0.000921,0.710499,0.490506,0.14414,0.282686,NORMAL
2023-09-08,176.284,0.0,0.716794,0.395013,0.141388,0.242838,NORMAL
2023-09-08,176.284,0.0,0.723201,0.324463,0.132343,0.209191,NORMAL
2023-09-08,176.284,0.0,0.729724,0.231728,0.119583,0.164441,NORMAL
2023-09-08,176.284,0.0,0.736366,0.127208,0.128224,0.127818,NORMAL
2023-09-11,177.8203,0.008677,0.682776,0.31646,0.119252,0.198136,NORMAL
2023-09-11,177.8203,0.0,0.70462,0.132134,0.110403,0.119095,NORMAL
2023-09-11,177.8203,0.0,0.727909,0.122324,0.104777,0.111796,NORMAL
2023-09-11,177.9841,0.000921,0.752789,0.145366,0.103716,0.120376,NORMAL
2023-09-11,177.9841,0.0,0.77943,0.101626,0.106989,0.104844,NORMAL
2023-09-11,177.9841,0.0,0.808027,0.080083,0.115158,0.101128,NORMAL
2023-09-11,177.9841,0.0,0.838801,0.061077,0.139904,0.108373,NORMAL
2023-09-11,177.9841,0.0,0.872013,0.045498,0.180949,0.126769,NORMAL
2023-09-11,177.9841,0.0,0.907963,0.030793,0.205247,0.135465,NORMAL
2023-09-11,177.9841,0.0,0.947004,0.017903,0.127091,0.083416,NORMAL
2023-09-12,177.4108,-0.003226,1.423306,0.197885,0.108653,0.144345,NORMAL
2023-09-12,177.2475,-0.000921,1.396022,0.14431,0.10467,0.120526,NORMAL
2023-09-12,177.2475,0.0,1.369764,0.104449,0.095336,0.098981,NORMAL
2023-09-12,177.4108,0.000921,1.344475,0.126054,0.080028,0.098438,NORMAL
2023-09-12,177.2475,-0.000921,1.320103,0.11269,0.07097,0.087658,NORMAL
2023-09-12,177.4108,0.000921,1.296599,0.110145,0.06904,0.085482,NORMAL
2023-09-12,177.4108,0.0,1.273918,0.076781,0.064846,0.06962,NORMAL
2023-09-12,177.4108,0.0,1.252016,0.074696,0.060679,0.066286,NORMAL
2023-09-12,177.4108,0.0,1.230854,0.081928,0.04993,0.062729,NORMAL
2023-09-12,177.4108,0.0,1.210397,0.076152,0.045751,0.057911,NORMAL
2023-09-13,174.3047,-0.017663,1.109849,0.444506,0.055485,0.211093,NORMAL
2023-09-13,174.3047,0.0,1.09165,0.1802,0.067709,0.112705,NORMAL
2023-09-13,174.3047,0.0,1.074039,0.164367,0.08142,0.114599,NORMAL
2023-09-13,174.4653,0.000921,1.056987,0.112202,0.091359,0.099696,NORMAL
2023-09-13,174.4653,0.0,1.040468,0.072478,0.092053,0.084223,NORMAL
2023-09-13,174.4653,0.0,1.024458,0.072629,0.081218,0.077783,NORMAL
2023-09-13,174.4653,0.0,1.008933,0.057231,0.061546,0.05982,NORMAL
2023-09-13,174.4653,0.0,0.993871,0.058687,0.042821,0.049167,NORMAL
2023-09-13,174.4653,0.0,0.979252,0.060279,0.032819,0.043803,NORMAL
2023-09-13,174.4653,0.0,0.965057,0.063175,0.030311,0.043457,NORMAL
2023-09-14,171.8261,-0.015243,0.709366,0.486261,0.040604,0.218867,NORMAL
2023-09-14,171.8261,0.0,0.721757,0.254352,0.051262,0.132498,NORMAL
2023-09-14,171.9844,0.000921,0.734588,0.226412,0.060983,0.127155,NORMAL
2023-09-14,171.9844,0.0,0.747884,0.178531,0.069131,0.112891,NORMAL
2023-09-14,171.8261,-0.000921,0.761669,0.204108,0.074511,0.12635,NORMAL
2023-09-14,171.9844,0.000921,0.775973,0.172995,0.074972,0.114181,NORMAL
2023-09-14,171.9844,0.0,0.790824,0.141416,0.070505,0.098869,NORMAL
2023-09-14,171.9844,0.0,0.806254,0.110935,0.062047,0.081602,NORMAL
2023-09-14,171.9844,0.0,0.822299,0.087492,0.052026,0.066213,NORMAL
2023-09-14,171.9844,0.0,0.838995,0.058592,0.049131,0.052915,NORMAL
2023-09-15,174.2751,0.013231,1.479851,0.402777,0.095864,0.218629,NORMAL
2023-09-15,174.2751,0.0,1.455222,0.159874,0.115208,0.133075,NORMAL
2023-09-15,174.4357,0.000921,1.431399,0.173078,0.116179,0.138939,NORMAL
2023-09-15,174.4357,0.0,1.408343,0.142462,0.111998,0.124184,NORMAL
2023-09-15,174.2751,-0.000921,1.386019,0.161005,0.104159,0.126897,NORMAL
2023-09-15,174.4357,0.000921,1.364391,0.152365,0.093045,0.116773,NORMAL
2023-09-15,174.4357,0.0,1.343428,0.127824,0.081573,0.100073,NORMAL
2023-09-15,174.4357,0.0,1.323099,0.119079,0.07252,0.091144,NORMAL
2023-09-15,174.4357,0.0,1.303376,0.113931,0.067866,0.086292,NORMAL
2023-09-15,174.4357,0.0,1.284233,0.109394,0.068196,0.084676,NORMAL
2023-09-18,174.2751,-0.000921,0.787599,0.109003,0.079129,0.091079,NORMAL
2023-09-18,174.2751,0.0,0.784676,0.088858,0.076311,0.08133,NORMAL
2023-09-18,174.2751,0.0,0.781775,0.090571,0.06827,0.077191,NORMAL
2023-09-18,174.4357,0.000921,0.778895,0.095286,0.064346,0.076722,NORMAL
2023-09-18,174.4357,0.0,0.776036,0.074839,0.064577,0.068682,NORMAL
2023-09-18,174.4357,0.0,0.773199,0.074042,0.066952,0.069788,NORMAL
2023-09-18,174.4357,0.0,0.770381,0.072507,0.068097,0.069861,NORMAL
2023-09-18,174.4357,0.0,0.767585,0.075691,0.065479,0.069564,NORMAL
2023-09-18,174.4357,0.0,0.764808,0.073481,0.059362,0.06501,NORMAL
2023-09-18,174.4357,0.0,0.762052,0.10627,0.059552,0.078239,NORMAL
2023-09-19,175.4636,0.005875,0.606965,0.311291,0.063025,0.162331,NORMAL
2023-09-19,175.3021,-0.000921,0.628088,0.193641,0.063831,0.115755,NORMAL
2023-09-19,175.3021,0.0,0.650735,0.152446,0.064203,0.0995,NORMAL
2023-09-19,175.3021,0.0,0.675075,0.131435,0.064896,0.091512,NORMAL
2023-09-19,175.4636,0.000921,0.701307,0.130344,0.065999,0.091737,NORMAL
2023-09-19,175.4636,0.0,0.729661,0.091716,0.068258,0.077641,NORMAL
2023-09-19,175.4636,0.0,0.760403,0.07061,0.069516,0.069953,NORMAL
2023-09-19,175.4636,0.0,0.79385,0.055125,0.066222,0.061783,NORMAL
2023-09-19,175.4636,0.0,0.830375,0.037579,0.052625,0.046607,NORMAL
2023-09-19,175.4636,0.0,0.870422,0.02187,0.035239,0.029891,NORMAL
2023-09-20,177.0204,0.008833,0.988748,0.248088,0.034474,0.11992,NORMAL
2023-09-20,177.0204,0.0,0.996183,0.066452,0.033453,0.046653,NORMAL
2023-09-20,177.0204,0.0,1.00373,0.04662,0.032776,0.038313,NORMAL
2023-09-20,177.1835,0.000921,1.011392,0.064253,0.031761,0.044758,NORMAL
2023-09-20,177.1835,0.0,1.019173,0.035329,0.030071,0.032174,NORMAL
2023-09-20,177.1835,0.0,1.027074,0.037139,0.028318,0.031846,NORMAL
2023-09-20,177.1835,0.0,1.035098,0.036821,0.028385,0.031759,NORMAL
2023-09-20,177.1835,0.0,1.043249,0.025524,0.029237,0.027752,NORMAL
2023-09-20,177.1835,0.0,1.051529,0.021512,0.024033,0.023025,NORMAL
2023-09-20,177.1835,0.0,1.059941,0.023824,0.010222,0.015663,NORMAL
2023-09-21,172.528,-0.026626,1.133784,0.48277,0.034861,0.214025,NORMAL
2023-09-21,172.3692,-0.000921,1.122376,0.231314,0.036133,0.114205,NORMAL
2023-09-21,172.3692,0.0,1.111195,0.15883,0.025733,0.078972,NORMAL
2023-09-21,172.3693,1e-06,1.100235,0.143347,0.020783,0.069808,NORMAL
2023-09-21,172.528,0.00092,1.08949,0.15247,0.02048,0.073276,NORMAL
2023-09-21,172.528,0.0,1.078952,0.121899,0.020136,0.060842,NORMAL
2023-09-21,172.528,0.0,1.068615,0.114547,0.020778,0.058286,NORMAL
2023-09-21,172.528,0.0,1.058475,0.122625,0.023516,0.06316,NORMAL
2023-09-21,172.528,0.0,1.048526,0.124211,0.027499,0.066184,NORMAL
2023-09-21,172.528,0.0,1.038762,0.127273,0.030047,0.068938,NORMAL
2023-09-22,172.6466,0.000687,0.934411,0.135913,0.025368,0.069586,NORMAL
2023-09-22,172.4877,-0.000921,0.93573,0.15769,0.022531,0.076594,NORMAL
2023-09-22,172.4877,0.0,0.937052,0.113922,0.020406,0.057812,NORMAL
2023-09-22,172.4877,0.0,0.938378,0.114933,0.018966,0.057353,NORMAL
2023-09-22,172.6466,0.000921,0.939708,0.146535,0.01748,0.069102,NORMAL
2023-09-22,172.6466,0.0,0.941041,0.101835,0.016642,0.050719,NORMAL
2023-09-22,172.6467,1e-06,0.942378,0.084007,0.016095,0.04326,NORMAL
2023-09-22,172.6467,0.0,0.943719,0.064777,0.015208,0.035035,NORMAL
2023-09-22,172.6466,-1e-06,0.945064,0.036121,0.01327,0.02241,NORMAL
2023-09-22,172.6466,0.0,0.946413,0.053156,0.012316,0.028652,NORMAL
2023-09-25,172.0236,-0.003615,0.781417,0.226059,0.016566,0.100364,NORMAL
2023-09-25,172.0236,0.0,0.792806,0.132487,0.019229,0.064533,NORMAL
2023-09-25,172.0236,0.0,0.804532,0.118833,0.020936,0.060095,NORMAL
2023-09-25,172.1821,0.000921,0.816609,0.10578,0.022601,0.055872,NORMAL
2023-09-25,172.1821,0.0,0.829055,0.068223,0.025407,0.042534,NORMAL
2023-09-25,172.1821,0.0,0.841886,0.061722,0.029704,0.042512,NORMAL
2023-09-25,172.1821,0.0,0.855121,0.047056,0.035034,0.039843,NORMAL
2023-09-25,172.1821,0.0,0.868778,0.040874,0.038986,0.039742,NORMAL
2023-09-25,172.1821,0.0,0.882879,0.037661,0.036118,0.036735,NORMAL
2023-09-25,172.1821,0.0,0.897445,0.036717,0.018769,0.025948,NORMAL
2023-09-26,172.7949,0.003553,1.245874,0.160561,0.029686,0.082036,NORMAL
2023-09-26,172.6359,-0.000921,1.236497,0.096954,0.034776,0.059647,NORMAL
2023-09-26,172.6359,0.0,1.227259,0.07358,0.036044,0.051058,NORMAL
2023-09-26,172.6358,-1e-06,1.218159,0.065946,0.035242,0.047523,NORMAL
2023-09-26,172.7949,0.000921,1.209192,0.081225,0.033697,0.052708,NORMAL
2023-09-26,172.7949,0.0,1.200356,0.056523,0.033021,0.042422,NORMAL
2023-09-26,172.7949,0.0,1.191649,0.054379,0.033815,0.04204,NORMAL
2023-09-26,172.7949,0.0,1.183067,0.05029,0.035862,0.041633,NORMAL
2023-09-26,172.7949,0.0,1.174608,0.048063,0.037979,0.042013,NORMAL
2023-09-26,172.7949,0.0,1.166269,0.048028,0.040108,0.043276,NORMAL
2023-09-27,170.4634,-0.013585,1.186173,0.374813,0.058418,0.184976,NORMAL
2023-09-27,170.4634,0.0,1.164755,0.171077,0.06104,0.105055,NORMAL
2023-09-27,170.4633,-1e-06,1.144096,0.128976,0.05496,0.084567,NORMAL
2023-09-27,170.6204,0.000921,1.124158,0.095148,0.046693,0.066075,NORMAL
2023-09-27,170.6204,0.0,1.104902,0.062363,0.041888,0.050078,NORMAL
2023-09-27,170.6204,0.0,1.086295,0.055225,0.037341,0.044494,NORMAL
2023-09-27,170.6204,0.0,1.068305,0.043899,0.031516,0.03647,NORMAL
2023-09-27,170.6204,0.0,1.0509,0.037855,0.025359,0.030357,NORMAL
2023-09-27,170.6204,0.0,1.034054,0.039646,0.021698,0.028877,NORMAL
2023-09-27,170.6204,0.0,1.017739,0.040992,0.019504,0.028099,NORMAL
2023-09-28,167.2243,-0.020105,0.861553,0.522861,0.034916,0.230094,NORMAL
2023-09-28,167.2243,0.0,0.867056,0.260445,0.047693,0.132794,NORMAL
2023-09-28,167.3784,0.000921,0.87263,0.194153,0.05564,0.111045,NORMAL
2023-09-28,167.3784,0.0,0.878276,0.151182,0.059924,0.096427,NORMAL
2023-09-28,167.2243,-0.000921,0.883996,0.192697,0.059832,0.112978,NORMAL
2023-09-28,167.3784,0.000921,0.889791,0.149077,0.055882,0.09316,NORMAL
2023-09-28,167.3784,0.0,0.895662,0.101275,0.049718,0.070341,NORMAL
2023-09-28,167.3784,0.0,0.901611,0.096003,0.042348,0.06381,NORMAL
2023-09-28,167.3784,0.0,0.90764,0.092722,0.035092,0.058144,NORMAL
2023-09-28,167.3784,0.0,0.91375,0.078342,0.031823,0.050431,NORMAL
2023-09-29,169.8708,0.014781,0.852207,0.312616,0.049675,0.154851,NORMAL
2023-09-29,169.8708,0.0,0.862884,0.065439,0.062166,0.063475,NORMAL
2023-09-29,170.0273,0.000921,0.873833,0.085471,0.066588,0.074141,NORMAL
2023-09-29,170.0274,1e-06,0.885063,0.057471,0.064524,0.061703,NORMAL
2023-09-29,169.8709,-0.000921,0.896585,0.082436,0.059503,0.068676,NORMAL
2023-09-29,170.0273,0.00092,0.908411,0.073439,0.052182,0.060685,NORMAL
2023-09-29,170.0273,0.0,0.920554,0.050225,0.043419,0.046142,NORMAL
2023-09-29,170.0273,0.0,0.933025,0.050856,0.034303,0.040924,NORMAL
2023-09-29,170.0273,0.0,0.945839,0.045511,0.025841,0.033709,NORMAL
2023-09-29,170.0273,0.0,0.95901,0.041779,0.020066,0.028751,NORMAL
2023-10-02,169.0808,-0.005582,0.968318,0.174734,0.024915,0.084842,NORMAL
2023-10-02,169.0808,0.0,0.972044,0.060224,0.027926,0.040846,NORMAL
2023-10-02,169.0808,0.0,0.975799,0.057034,0.027055,0.039046,NORMAL
2023-10-02,169.2366,0.000921,0.979582,0.081491,0.024301,0.047177,NORMAL
2023-10-02,169.2366,0.0,0.983396,0.050603,0.021735,0.033282,NORMAL
2023-10-02,169.2366,0.0,0.987239,0.046005,0.020778,0.030869,NORMAL
2023-10-02,169.2366,0.0,0.991112,0.048035,0.021239,0.031958,NORMAL
2023-10-02,169.2366,0.0,0.995016,0.042023,0.020807,0.029293,NORMAL
2023-10-02,169.2366,0.0,0.998951,0.038321,0.017047,0.025557,NORMAL
2023-10-02,169.2366,0.0,1.002917,0.037244,0.012579,0.022445,NORMAL
2023-10-03,170.1079,0.005135,0.95559,0.13223,0.012666,0.060492,NORMAL
2023-10-03,170.1078,-1e-06,0.957681,0.029117,0.012938,0.01941,NORMAL
2023-10-03,170.1078,0.0,0.959781,0.026292,0.013426,0.018573,NORMAL
2023-10-03,170.2645,0.000921,0.961891,0.038402,0.014374,0.023985,NORMAL
2023-10-03,170.2645,0.0,0.964009,0.01549,0.016345,0.016003,NORMAL
2023-10-03,170.2646,1e-06,0.966138,0.012599,0.019926,0.016995,NORMAL
2023-10-03,170.2645,-1e-06,0.968275,0.014627,0.023643,0.020036,NORMAL
2023-10-03,170.2645,0.0,0.970422,0.01355,0.024378,0.020047,NORMAL
2023-10-03,170.2646,1e-06,0.972579,0.0121,0.019065,0.016279,NORMAL
2023-10-03,170.2645,-1e-06,0.974745,0.009285,0.009257,0.009268,NORMAL
2023-10-04,169.1081,-0.006815,1.041199,0.178129,0.013542,0.079377,NORMAL
2023-10-04,169.1081,0.0,1.040325,0.031666,0.014743,0.021512,NORMAL
2023-10-04,169.1081,0.0,1.039452,0.030422,0.014151,0.02066,NORMAL
2023-10-04,169.1081,0.0,1.038581,0.028987,0.012699,0.019214,NORMAL
2023-10-04,169.1081,0.0,1.037711,0.029218,0.011538,0.01861,NORMAL
2023-10-04,169.1081,0.0,1.036843,0.030589,0.011979,0.019423,NORMAL
2023-10-04,169.1081,0.0,1.035976,0.026694,0.013555,0.018811,NORMAL
2023-10-04,168.9524,-0.000921,1.035111,0.082986,0.014897,0.042133,NORMAL
2023-10-04,168.9525,1e-06,1.034247,0.046145,0.014138,0.02694,NORMAL
2023-10-04,168.9525,0.0,1.033384,0.044667,0.009583,0.023617,NORMAL
2023-10-05,171.6187,0.015658,0.94681,0.29784,0.015983,0.128726,NORMAL
2023-10-05,171.6187,0.0,0.947796,0.030126,0.014901,0.020991,NORMAL
2023-10-05,171.7769,0.000921,0.948784,0.045825,0.01389,0.026664,NORMAL
2023-10-05,171.7768,-1e-06,0.949775,0.017663,0.014335,0.015666,NORMAL
2023-10-05,171.6187,-0.000921,0.950767,0.03697,0.015489,0.024081,NORMAL
2023-10-05,171.7768,0.000921,0.951762,0.038297,0.015745,0.024766,NORMAL
2023-10-05,171.7768,0.0,0.952758,0.0142,0.015085,0.014731,NORMAL
2023-10-05,171.7768,0.0,0.953757,0.020929,0.014314,0.01696,NORMAL
2023-10-05,171.7768,0.0,0.954758,0.026313,0.013996,0.018923,NORMAL
2023-10-05,171.7768,0.0,0.955761,0.023449,0.013523,0.017494,NORMAL
2023-10-06,171.6286,-0.000863,1.123176,0.082461,0.017664,0.043583,NORMAL
2023-10-06,171.6286,0.0,1.118518,0.051729,0.020035,0.032712,NORMAL
2023-10-06,171.7867,0.000921,1.113898,0.068943,0.020789,0.040051,NORMAL
2023-10-06,171.7867,0.0,1.109317,0.03781,0.021318,0.027915,NORMAL
2023-10-06,171.6286,-0.000921,1.104773,0.063233,0.023024,0.039107,NORMAL
2023-10-06,171.7867,0.000921,1.100267,0.052516,0.02584,0.03651,NORMAL
2023-10-06,171.7867,0.0,1.095797,0.037898,0.028184,0.03207,NORMAL
2023-10-06,171.7867,0.0,1.091363,0.033781,0.027152,0.029804,NORMAL
2023-10-06,171.7867,0.0,1.086964,0.0318,0.021024,0.025334,NORMAL
2023-10-06,171.7867,0.0,1.082602,0.061706,0.014326,0.033278,NORMAL
2023-10-09,174.601,0.01625,0.806055,0.43867,0.027037,0.19169,NORMAL
2023-10-09,174.7619,0.000921,0.810786,0.175005,0.033021,0.089815,NORMAL
2023-10-09,174.7619,0.0,0.815573,0.117546,0.035786,0.06849,NORMAL
2023-10-09,174.7619,0.0,0.820416,0.094479,0.037977,0.060578,NORMAL
2023-10-09,174.7619,0.0,0.825317,0.083989,0.039525,0.057311,NORMAL
2023-10-09,174.7618,-1e-06,0.830278,0.06851,0.039557,0.051138,NORMAL
2023-10-09,174.7619,1e-06,0.835298,0.069144,0.0376,0.050218,NORMAL
2023-10-09,174.7619,0.0,0.840379,0.062773,0.033092,0.044964,NORMAL
2023-10-09,174.601,-0.000921,0.845523,0.075156,0.026677,0.046068,NORMAL
2023-10-09,174.601,0.0,0.85073,0.042207,0.018561,0.028019,NORMAL
2023-10-10,175.8749,0.00727,0.889069,0.181471,0.01805,0.083419,NORMAL
2023-10-10,176.0369,0.000921,0.901512,0.050836,0.017524,0.030849,NORMAL
2023-10-10,175.8749,-0.000921,0.914309,0.06429,0.016618,0.035687,NORMAL
2023-10-10,175.8749,0.0,0.927475,0.032509,0.015679,0.022411,NORMAL
2023-10-10,176.0369,0.000921,0.941025,0.044495,0.015414,0.027046,NORMAL
2023-10-10,176.0369,0.0,0.954978,0.027933,0.015812,0.020661,NORMAL
2023-10-10,176.0369,0.0,0.96935,0.022207,0.017194,0.019199,NORMAL
2023-10-10,176.0369,0.0,0.984161,0.021988,0.019361,0.020411,NORMAL
2023-10-10,176.0369,0.0,0.999432,0.003488,0.0211,0.014055,NORMAL
2023-10-10,176.0369,0.0,1.015184,0.008217,0.021445,0.016154,NORMAL
2023-10-11,176.1358,0.000562,1.098117,0.031641,0.021846,0.025764,NORMAL
2023-10-11,176.1358,0.0,1.091612,0.016979,0.021386,0.019623,NORMAL
2023-10-11,176.1358,0.0,1.085185,0.020442,0.019704,0.02,NORMAL
2023-10-11,176.1358,0.0,1.078832,0.018903,0.018654,0.018754,NORMAL
2023-10-11,176.1358,0.0,1.072554,0.017658,0.019663,0.018861,NORMAL
2023-10-11,176.1358,0.0,1.066348,0.016454,0.020621,0.018954,NORMAL
2023-10-11,176.1358,0.0,1.060213,0.014643,0.021031,0.018476,NORMAL
2023-10-11,175.9736,-0.000921,1.054149,0.052019,0.020232,0.032947,NORMAL
2023-10-11,175.9736,0.0,1.048154,0.038702,0.017097,0.025739,NORMAL
2023-10-11,175.9736,0.0,1.042226,0.066956,0.009338,0.032385,NORMAL
2023-10-12,177.8203,0.01044,1.226167,0.302159,0.014783,0.129733,NORMAL
2023-10-12,177.8203,0.0,1.209125,0.079782,0.017139,0.042196,NORMAL
2023-10-12,177.8203,0.0,1.19255,0.06122,0.017731,0.035127,NORMAL
2023-10-12,177.9841,0.000921,1.176423,0.069068,0.01753,0.038145,NORMAL
2023-10-12,177.9841,0.0,1.160727,0.03633,0.016885,0.024663,NORMAL
2023-10-12,177.9841,0.0,1.145444,0.02415,0.016338,0.019463,NORMAL
2023-10-12,177.9841,0.0,1.130558,0.024887,0.01612,0.019627,NORMAL
2023-10-12,177.9841,0.0,1.116054,0.019049,0.015877,0.017146,NORMAL
2023-10-12,177.9841,0.0,1.101918,0.0168,0.015807,0.016204,NORMAL
2023-10-12,177.9841,0.0,1.088135,0.019056,0.015928,0.017179,NORMAL
2023-10-13,179.3185,0.007469,0.982541,0.215728,0.018581,0.09744,NORMAL
2023-10-13,179.1534,-0.000921,0.978917,0.053375,0.019224,0.032885,NORMAL
2023-10-13,179.1534,0.0,0.975319,0.013208,0.019071,0.016726,NORMAL
2023-10-13,179.1534,0.0,0.971747,0.014787,0.017921,0.016667,NORMAL
2023-10-13,179.3185,0.000921,0.968202,0.034275,0.015965,0.023289,NORMAL
2023-10-13,179.3185,0.0,0.964682,0.013649,0.013797,0.013738,NORMAL
2023-10-13,179.3185,0.0,0.961188,0.01664,0.012202,0.013977,NORMAL
2023-10-13,179.3185,0.0,0.957719,0.004599,0.011948,0.009008,NORMAL
2023-10-13,179.3185,0.0,0.954275,0.003148,0.013463,0.009337,NORMAL
2023-10-13,179.3185,0.0,0.950855,0.008994,0.016002,0.013199,NORMAL
2023-10-16,174.5417,-0.027,0.974815,0.472758,0.039368,0.212724,NORMAL
2023-10-16,174.5417,0.0,0.978654,0.193235,0.046276,0.10506,NORMAL
2023-10-16,174.5418,1e-06,0.982523,0.168085,0.039136,0.090716,NORMAL
2023-10-16,174.7025,0.00092,0.986422,0.149239,0.032563,0.079234,NORMAL
2023-10-16,174.7025,0.0,0.990353,0.1178,0.030425,0.065375,NORMAL
2023-10-16,174.7026,1e-06,0.994315,0.118121,0.029115,0.064718,NORMAL
2023-10-16,174.7025,-1e-06,0.998309,0.118916,0.027157,0.063861,NORMAL
2023-10-16,174.7026,1e-06,1.002335,0.125555,0.025617,0.065592,NORMAL
2023-10-16,174.7025,-1e-06,1.006394,0.123886,0.023612,0.063721,NORMAL
2023-10-16,174.7026,1e-06,1.010485,0.125289,0.021932,0.063275,NORMAL
2023-10-17,174.6037,-0.000566,1.100831,0.150269,0.021756,0.073161,NORMAL
2023-10-17,174.443,-0.000921,1.094422,0.169896,0.021415,0.080807,NORMAL
2023-10-17,174.443,0.0,1.088088,0.134478,0.020476,0.066077,NORMAL
2023-10-17,174.443,0.0,1.081827,0.121391,0.018822,0.05985,NORMAL
2023-10-17,174.6037,0.000921,1.075637,0.152544,0.01673,0.071055,NORMAL
2023-10-17,174.6037,0.0,1.069518,0.098459,0.015274,0.048548,NORMAL
2023-10-17,174.6037,0.0,1.063468,0.097923,0.014857,0.048083,NORMAL
2023-10-17,174.6037,0.0,1.057486,0.070255,0.015163,0.0372,NORMAL
2023-10-17,174.6037,0.0,1.051571,0.044696,0.015212,0.027006,NORMAL
2023-10-17,174.6037,0.0,1.045721,0.065846,0.015682,0.035747,NORMAL
2023-10-18,173.3864,-0.006996,0.993088,0.275875,0.018063,0.121188,NORMAL
2023-10-18,173.3864,0.0,0.991068,0.135325,0.019031,0.065548,NORMAL
2023-10-18,173.3864,0.0,0.989057,0.113412,0.019128,0.056842,NORMAL
2023-10-18,173.5461,0.000921,0.987054,0.080401,0.01932,0.043753,NORMAL
2023-10-18,173.5461,0.0,0.985059,0.043835,0.020852,0.030045,NORMAL
2023-10-18,173.5461,0.0,0.983072,0.046767,0.024136,0.033188,NORMAL
2023-10-18,173.5461,0.0,0.981093,0.043049,0.028651,0.03441,NORMAL
2023-10-18,173.5461,0.0,0.979122,0.040303,0.031586,0.035073,NORMAL
2023-10-18,173.5461,0.0,0.977159,0.039383,0.02767,0.032355,NORMAL
2023-10-18,173.5461,0.0,0.975203,0.040689,0.011935,0.023437,NORMAL
2023-10-19,173.8406,0.001696,1.054375,0.071353,0.010532,0.03486,NORMAL
2023-10-19,173.8406,0.0,1.052734,0.026555,0.010099,0.016681,NORMAL
2023-10-19,174.0008,0.000921,1.051099,0.035332,0.010445,0.020399,NORMAL
2023-10-19,174.0008,0.0,1.049468,0.014688,0.010602,0.012236,NORMAL
2023-10-19,173.8406,-0.000921,1.047842,0.054807,0.011525,0.028838,NORMAL
2023-10-19,174.0008,0.000921,1.046221,0.0421,0.012802,0.024521,NORMAL
2023-10-19,174.0008,0.0,1.044605,0.020249,0.015018,0.017111,NORMAL
2023-10-19,174.0008,0.0,1.042995,0.023067,0.01818,0.020135,NORMAL
2023-10-19,174.0008,0.0,1.041389,0.028833,0.022055,0.024766,NORMAL
2023-10-19,174.0008,0.0,1.039788,0.034159,0.025877,0.02919,NORMAL
2023-10-20,173.1197,-0.005077,1.117139,0.192083,0.036218,0.098564,NORMAL
2023-10-20,173.1197,0.0,1.108006,0.076923,0.039579,0.054517,NORMAL
2023-10-20,173.2792,0.000921,1.099022,0.071177,0.035953,0.050042,NORMAL
2023-10-20,173.2792,0.0,1.090183,0.042924,0.029962,0.035147,NORMAL
2023-10-20,173.1197,-0.000921,1.081484,0.077708,0.024384,0.045713,NORMAL
2023-10-20,173.2792,0.000921,1.072923,0.0527,0.018604,0.032242,NORMAL
2023-10-20,173.2792,0.0,1.064497,0.023728,0.013091,0.017346,NORMAL
2023-10-20,173.2793,1e-06,1.056202,0.023256,0.00851,0.014409,NORMAL
2023-10-20,173.2792,-1e-06,1.048035,0.023655,0.006375,0.013287,NORMAL
2023-10-20,173.2793,1e-06,1.039994,0.025718,0.003888,0.01262,NORMAL
2023-10-23,168.7747,-0.02634,0.90866,0.569935,0.03158,0.246922,NORMAL
2023-10-23,168.7747,0.0,0.911117,0.294876,0.046458,0.145825,NORMAL
2023-10-23,168.7747,0.0,0.913587,0.243965,0.047983,0.126376,NORMAL
2023-10-23,168.9302,0.000921,0.916071,0.193814,0.041453,0.102397,NORMAL
2023-10-23,168.9302,0.0,0.918569,0.156178,0.032772,0.082134,NORMAL
2023-10-23,168.9302,0.0,0.92108,0.152292,0.026121,0.07659,NORMAL
2023-10-23,168.9302,0.0,0.923604,0.150401,0.021709,0.073186,NORMAL
2023-10-23,168.9302,0.0,0.926143,0.146852,0.018718,0.069971,NORMAL
2023-10-23,168.9302,0.0,0.928696,0.144343,0.016517,0.067647,NORMAL
2023-10-23,168.9302,0.0,0.931263,0.134358,0.014639,0.062527,NORMAL
2023-10-24,170.888,0.011523,0.741515,0.406507,0.027324,0.178997,NORMAL
2023-10-24,170.8879,-1e-06,0.754557,0.182985,0.035441,0.094459,NORMAL
2023-10-24,170.888,1e-06,0.768066,0.17063,0.036761,0.090308,NORMAL
2023-10-24,171.0454,0.000921,0.782068,0.179027,0.033653,0.091803,NORMAL
2023-10-24,171.0454,0.0,0.79659,0.147628,0.029341,0.076656,NORMAL
2023-10-24,171.0454,0.0,0.811662,0.117003,0.025358,0.062016,NORMAL
2023-10-24,171.0454,0.0,0.827314,0.090666,0.022157,0.04956,NORMAL
2023-10-24,171.0454,0.0,0.843583,0.066875,0.019881,0.038679,NORMAL
2023-10-24,171.0454,0.0,0.860504,0.05071,0.018539,0.031407,NORMAL
2023-10-24,171.0454,0.0,0.878117,0.042407,0.018377,0.027989,NORMAL
2023-10-25,169.7326,-0.007705,1.144119,0.22593,0.030236,0.108514,NORMAL
2023-10-25,169.7326,0.0,1.142773,0.060465,0.036364,0.046004,NORMAL
2023-10-25,169.7326,0.0,1.14143,0.054577,0.038343,0.044836,NORMAL
2023-10-25,169.889,0.000921,1.140091,0.070077,0.038527,0.051147,NORMAL
2023-10-25,169.889,0.0,1.138754,0.042758,0.039396,0.040741,NORMAL
2023-10-25,169.889,0.0,1.137421,0.037866,0.042415,0.040595,NORMAL
2023-10-25,169.889,0.0,1.13609,0.038537,0.045597,0.042773,NORMAL
2023-10-25,169.889,0.0,1.134763,0.037877,0.045622,0.042524,NORMAL
2023-10-25,169.889,0.0,1.133439,0.037228,0.038769,0.038152,NORMAL
2023-10-25,169.889,0.0,1.132118,0.032022,0.026633,0.028788,NORMAL
2023-10-26,168.3964,-0.008825,1.362706,0.383003,0.031666,0.172201,NORMAL
2023-10-26,168.2414,-0.000921,1.32835,0.255671,0.0365,0.124168,NORMAL
2023-10-26,168.2414,0.0,1.295684,0.167049,0.040261,0.090976,NORMAL
2023-10-26,168.2414,0.0,1.264586,0.137815,0.043992,0.081521,NORMAL
2023-10-26,168.3964,0.000921,1.234946,0.123892,0.047237,0.077899,NORMAL
2023-10-26,168.3965,1e-06,1.206663,0.085289,0.049576,0.063861,NORMAL
2023-10-26,168.3965,0.0,1.179647,0.073416,0.049686,0.059178,NORMAL
2023-10-26,168.3964,-1e-06,1.153814,0.058027,0.04597,0.050793,NORMAL
2023-10-26,168.3964,0.0,1.129089,0.045456,0.036442,0.040047,NORMAL
2023-10-26,168.3965,1e-06,1.1054,0.043434,0.024923,0.032327,NORMAL
2023-10-27,164.9765,-0.020518,0.914645,0.521691,0.040843,0.233182,NORMAL
2023-10-27,164.8247,-0.000921,0.913686,0.312616,0.051952,0.156218,NORMAL
2023-10-27,164.8247,0.0,0.91273,0.238376,0.056884,0.12948,NORMAL
2023-10-27,164.8247,0.0,0.911775,0.205738,0.056101,0.115956,NORMAL
2023-10-27,164.9765,0.000921,0.910822,0.176198,0.050809,0.100964,NORMAL
2023-10-27,164.9765,0.0,0.909872,0.131547,0.044182,0.079128,NORMAL
2023-10-27,164.9765,0.0,0.908923,0.129368,0.037995,0.074545,NORMAL
2023-10-27,164.9765,0.0,0.907976,0.130296,0.033207,0.072042,NORMAL
2023-10-27,164.9765,0.0,0.907032,0.120962,0.030176,0.066491,NORMAL
2023-10-27,164.9765,0.0,0.906089,0.11721,0.028608,0.064049,NORMAL
2023-10-30,166.9083,0.011642,0.804105,0.336663,0.039581,0.158414,NORMAL
2023-10-30,166.9083,0.0,0.816623,0.107564,0.044958,0.07,NORMAL
2023-10-30,166.9083,0.0,0.829536,0.099033,0.04311,0.065479,NORMAL
2023-10-30,167.0621,0.000921,0.842865,0.105795,0.039269,0.065879,NORMAL
2023-10-30,167.0621,0.0,0.856629,0.065756,0.034887,0.047235,NORMAL
2023-10-30,167.0621,0.0,0.87085,0.059204,0.029898,0.041621,NORMAL
2023-10-30,167.0621,0.0,0.885551,0.047764,0.025146,0.034193,NORMAL
2023-10-30,167.0621,0.0,0.900757,0.036627,0.021279,0.027418,NORMAL
2023-10-30,167.0621,0.0,0.916494,0.041184,0.018805,0.027757,NORMAL
2023-10-30,167.0621,0.0,0.932791,0.035429,0.02112,0.026843,NORMAL
2023-10-31,167.2342,0.00103,0.82845,0.087984,0.022697,0.048812,NORMAL
2023-10-31,167.2342,0.0,0.839031,0.050201,0.022947,0.033848,NORMAL
2023-10-31,167.2342,0.0,0.849886,0.050635,0.021593,0.03321,NORMAL
2023-10-31,167.3883,0.000921,0.861025,0.057332,0.018876,0.034259,NORMAL
2023-10-31,167.3883,0.0,0.87246,0.027869,0.017349,0.021557,NORMAL
2023-10-31,167.3883,0.0,0.884203,0.027778,0.017475,0.021596,NORMAL
2023-10-31,167.3883,0.0,0.896266,0.026168,0.019659,0.022262,NORMAL
2023-10-31,167.3883,0.0,0.908663,0.027548,0.021914,0.024167,NORMAL
2023-10-31,167.3883,0.0,0.921408,0.026766,0.020779,0.023173,NORMAL
2023-10-31,167.3883,0.0,0.934516,0.052084,0.015541,0.030158,NORMAL
2023-11-01,168.8636,0.008775,1.179297,0.292755,0.019742,0.128947,NORMAL
2023-11-01,168.8636,0.0,1.17225,0.099766,0.022303,0.053288,NORMAL
2023-11-01,168.8636,0.0,1.165288,0.083462,0.023688,0.047598,NORMAL
2023-11-01,169.0192,0.000921,1.158408,0.094703,0.024124,0.052356,NORMAL
2023-11-01,169.0192,0.0,1.151608,0.055564,0.02382,0.036518,NORMAL
2023-11-01,169.0191,-1e-06,1.144888,0.051031,0.024069,0.034854,NORMAL
2023-11-01,169.0192,1e-06,1.138246,0.050668,0.02553,0.035586,NORMAL
2023-11-01,169.0191,-1e-06,1.13168,0.04985,0.026861,0.036057,NORMAL
2023-11-01,169.0191,0.0,1.12519,0.045777,0.024731,0.03315,NORMAL
2023-11-01,169.0192,1e-06,1.118774,0.048611,0.020133,0.031524,NORMAL
2023-11-02,173.3271,0.025168,1.472626,0.671973,0.041225,0.293525,NORMAL
2023-11-02,173.3271,0.0,1.42844,0.322874,0.051342,0.159955,NORMAL
2023-11-02,173.4868,0.000921,1.386829,0.292328,0.055094,0.149988,NORMAL
2023-11-02,173.4868,0.0,1.347573,0.218576,0.054709,0.120256,NORMAL
2023-11-02,173.3271,-0.000921,1.310478,0.193754,0.052203,0.108823,NORMAL
2023-11-02,173.4868,0.000921,1.275371,0.172262,0.049492,0.0986,NORMAL
2023-11-02,173.4868,0.0,1.242096,0.126022,0.047357,0.078823,NORMAL
2023-11-02,173.4868,0.0,1.210513,0.124429,0.045675,0.077177,NORMAL
2023-11-02,173.4868,0.0,1.180496,0.120333,0.044118,0.074604,NORMAL
2023-11-02,173.4868,0.0,1.151932,0.099046,0.043408,0.065663,NORMAL
2023-11-03,172.0631,-0.00824,1.169152,0.305152,0.046565,0.15,NORMAL
2023-11-03,172.0631,0.0,1.149874,0.136476,0.047621,0.083163,NORMAL
2023-11-03,172.2216,0.000921,1.131222,0.154347,0.05052,0.092051,NORMAL
2023-11-03,172.2217,1e-06,1.113165,0.114989,0.056606,0.079959,NORMAL
2023-11-03,172.0631,-0.000921,1.095676,0.138315,0.064181,0.093834,NORMAL
2023-11-03,172.2216,0.000921,1.078727,0.122039,0.071911,0.091962,NORMAL
2023-11-03,172.2216,0.0,1.062295,0.079835,0.078133,0.078813,NORMAL
2023-11-03,172.2216,0.0,1.046356,0.064599,0.081915,0.074989,NORMAL
2023-11-03,172.2216,0.0,1.030888,0.046975,0.082959,0.068565,NORMAL
2023-11-03,172.2216,0.0,1.015871,0.040775,0.081166,0.065009,NORMAL
2023-11-06,174.1764,0.011287,0.819452,0.257123,0.074529,0.147567,NORMAL
2023-11-06,174.3368,0.00092,0.82661,0.066774,0.067049,0.066939,NORMAL
2023-11-06,174.3368,0.0,0.833895,0.031991,0.060066,0.048836,NORMAL
2023-11-06,174.3368,0.0,0.841309,0.030128,0.05402,0.044463,NORMAL
2023-11-06,174.3368,0.0,0.848856,0.020086,0.050119,0.038106,NORMAL
2023-11-06,174.3368,0.0,0.85654,0.017378,0.047825,0.035646,NORMAL
2023-11-06,174.3368,0.0,0.864364,0.014716,0.045525,0.033201,NORMAL
2023-11-06,174.3368,0.0,0.872332,0.012448,0.040542,0.029304,NORMAL
2023-11-06,174.1764,-0.00092,0.880449,0.058096,0.030542,0.041563,NORMAL
2023-11-06,174.1764,0.0,0.888718,0.040225,0.022728,0.029727,NORMAL
2023-11-07,176.9414,0.01575,0.988226,0.368979,0.025431,0.16285,NORMAL
2023-11-07,177.1044,0.000921,0.994707,0.115787,0.028519,0.063426,NORMAL
2023-11-07,176.9414,-0.000921,1.001272,0.082541,0.028974,0.050401,NORMAL
2023-11-07,176.9414,0.0,1.007925,0.041219,0.027951,0.033258,NORMAL
2023-11-07,177.1044,0.000921,1.014668,0.064751,0.026532,0.041819,NORMAL
2023-11-07,177.1044,0.0,1.0215,0.048339,0.025401,0.034576,NORMAL
2023-11-07,177.1044,0.0,1.028426,0.03909,0.025379,0.030864,NORMAL
2023-11-07,177.1044,0.0,1.035446,0.030848,0.026569,0.028281,NORMAL
2023-11-07,177.1044,0.0,1.042563,0.026452,0.027531,0.0271,NORMAL
2023-11-07,177.1044,0.0,1.049778,0.022444,0.023172,0.022881,NORMAL
2023-11-08,180.0718,0.016616,0.742399,0.439814,0.038085,0.198777,NORMAL
2023-11-08,180.0718,0.0,0.750588,0.158527,0.04415,0.089901,NORMAL
2023-11-08,180.0718,0.0,0.758959,0.134365,0.043889,0.080079,NORMAL
2023-11-08,180.2377,0.000921,0.767519,0.153454,0.040625,0.085757,NORMAL
2023-11-08,180.2377,0.0,0.776274,0.122377,0.037519,0.071462,NORMAL
2023-11-08,180.2377,0.0,0.785232,0.106904,0.03531,0.063947,NORMAL
2023-11-08,180.2377,0.0,0.794398,0.102236,0.034037,0.061317,NORMAL
2023-11-08,180.2377,0.0,0.803781,0.09606,0.032704,0.058046,NORMAL
2023-11-08,180.2377,0.0,0.813388,0.085525,0.030702,0.052631,NORMAL
2023-11-08,180.2377,0.0,0.823228,0.076097,0.028696,0.047656,NORMAL
2023-11-09,180.8406,0.003339,0.909753,0.12824,0.028675,0.068501,NORMAL
2023-11-09,180.6741,-0.000921,0.922844,0.064453,0.028086,0.042633,NORMAL
2023-11-09,180.6742,1e-06,0.936317,0.030377,0.027467,0.028631,NORMAL
2023-11-09,180.6742,0.0,0.95019,0.023642,0.027072,0.0257,NORMAL
2023-11-09,180.8406,0.000921,0.96448,0.045634,0.027227,0.03459,NORMAL
2023-11-09,180.8406,0.0,0.979206,0.025292,0.02813,0.026995,NORMAL
2023-11-09,180.8406,0.0,0.994389,0.019195,0.029443,0.025344,NORMAL
2023-11-09,180.8406,0.0,1.01005,0.005919,0.030116,0.020437,NORMAL
2023-11-09,180.8406,0.0,1.026212,0.011765,0.029517,0.022416,NORMAL
2023-11-09,180.8406,0.0,1.0429,0.024644,0.03066,0.028254,NORMAL
2023-11-10,182.0785,0.006822,1.262291,0.263134,0.03206,0.124489,NORMAL
2023-11-10,181.9109,-0.000921,1.24238,0.097256,0.030941,0.057467,NORMAL
2023-11-10,181.9109,0.0,1.223088,0.051899,0.030496,0.039057,NORMAL
2023-11-10,181.9109,0.0,1.204385,0.035337,0.03003,0.032153,NORMAL
2023-11-10,182.0785,0.000921,1.186246,0.059957,0.029558,0.041718,NORMAL
2023-11-10,182.0785,0.0,1.168645,0.02295,0.029679,0.026987,NORMAL
2023-11-10,182.0785,0.0,1.151558,0.018513,0.02949,0.025099,NORMAL
2023-11-10,182.0785,0.0,1.134964,0.015184,0.027491,0.022568,NORMAL
2023-11-10,182.0785,0.0,1.118842,0.012501,0.022283,0.018371,NORMAL
2023-11-10,182.0785,0.0,1.103171,0.011223,0.01468,0.013297,NORMAL
2023-11-13,183.7402,0.009085,0.733955,0.337288,0.028369,0.151937,NORMAL
2023-11-13,183.7402,0.0,0.740267,0.14257,0.035964,0.078606,NORMAL
2023-11-13,183.7402,0.0,0.746688,0.124629,0.040064,0.07389,NORMAL
2023-11-13,183.9095,0.000921,0.753221,0.133041,0.041143,0.077902,NORMAL
2023-11-13,183.9094,-1e-06,0.75987,0.109432,0.039585,0.067524,NORMAL
2023-11-13,183.9095,1e-06,0.766637,0.102697,0.036064,0.062717,NORMAL
2023-11-13,183.9095,0.0,0.773526,0.091475,0.031463,0.055468,NORMAL
2023-11-13,183.9094,-1e-06,0.780539,0.086436,0.026758,0.050629,NORMAL
2023-11-13,183.9094,0.0,0.787681,0.078366,0.022718,0.044977,NORMAL
2023-11-13,183.9095,1e-06,0.794955,0.073406,0.019915,0.041311,NORMAL
2023-11-14,185.7701,0.010066,1.101306,0.294544,0.029356,0.135431,NORMAL
2023-11-14,185.5991,-0.000921,1.107418,0.068018,0.0353,0.048387,NORMAL
2023-11-14,185.5991,0.0,1.113599,0.030941,0.037945,0.035144,NORMAL
2023-11-14,185.5992,1e-06,1.119849,0.032272,0.03883,0.036207,NORMAL
2023-11-14,185.7701,0.00092,1.12617,0.056462,0.039723,0.046419,NORMAL
2023-11-14,185.7701,0.0,1.132562,0.026056,0.04256,0.035958,NORMAL
2023-11-14,185.7701,0.0,1.139027,0.025072,0.045161,0.037125,NORMAL
2023-11-14,185.7701,0.0,1.145567,0.028291,0.04389,0.037651,NORMAL
2023-11-14,185.7701,0.0,1.152182,0.020662,0.03928,0.031832,NORMAL
2023-11-14,185.7701,0.0,1.158874,0.017468,0.036445,0.028854,NORMAL
2023-11-15,185.7475,-0.000122,1.027005,0.021312,0.033006,0.028328,NORMAL
2023-11-15,185.7474,-1e-06,1.017136,0.014794,0.030397,0.024156,NORMAL
2023-11-15,185.7475,1e-06,1.007456,0.017122,0.029924,0.024803,NORMAL
2023-11-15,185.9186,0.000921,0.997958,0.036554,0.033194,0.034538,NORMAL
2023-11-15,185.9186,0.0,0.988638,0.019299,0.038821,0.031012,NORMAL
2023-11-15,185.9186,0.0,0.97949,0.015414,0.043945,0.032532,NORMAL
2023-11-15,185.9186,0.0,0.97051,0.019624,0.044744,0.034696,NORMAL
2023-11-15,185.9186,0.0,0.961693,0.019952,0.039065,0.031419,NORMAL
2023-11-15,185.9186,0.0,0.953034,0.020849,0.028223,0.025273,NORMAL
2023-11-15,185.9186,0.0,0.944531,0.047113,0.019206,0.030369,NORMAL
2023-11-16,187.4482,0.008194,0.960261,0.278133,0.01848,0.122341,NORMAL
2023-11-16,187.4482,0.0,0.965112,0.103448,0.017028,0.051596,NORMAL
2023-11-16,187.6209,0.000921,0.970011,0.113359,0.015852,0.054855,NORMAL
2023-11-16,187.6209,0.0,0.974961,0.074058,0.01515,0.038713,NORMAL
2023-11-16,187.4482,-0.000921,0.979961,0.054199,0.015208,0.030805,NORMAL
2023-11-16,187.6209,0.000921,0.985013,0.047459,0.015961,0.02856,NORMAL
2023-11-16,187.6209,0.0,0.990117,0.022638,0.016562,0.018992,NORMAL
2023-11-16,187.6209,0.0,0.995274,0.018167,0.015845,0.016773,NORMAL
2023-11-16,187.6209,0.0,1.000486,0.014685,0.01238,0.013302,NORMAL
2023-11-16,187.6209,0.0,1.005752,0.014934,0.007653,0.010566,NORMAL
2023-11-17,188.1206,0.00266,0.943742,0.085744,0.007858,0.039013,NORMAL
2023-11-17,188.1206,0.0,0.946256,0.012449,0.00812,0.009851,NORMAL
2023-11-17,188.2939,0.000921,0.948784,0.040215,0.008121,0.020959,NORMAL
2023-11-17,188.2939,0.0,0.951326,0.024936,0.00804,0.014798,NORMAL
2023-11-17,188.1206,-0.000921,0.953881,0.059917,0.00787,0.028689,NORMAL
2023-11-17,188.2939,0.000921,0.95645,0.043181,0.008026,0.022088,NORMAL
2023-11-17,188.2939,0.0,0.959033,0.021814,0.008567,0.013866,NORMAL
2023-11-17,188.2939,0.0,0.96163,0.021418,0.009031,0.013986,NORMAL
2023-11-17,188.2939,0.0,0.964241,0.018602,0.008334,0.012441,NORMAL
2023-11-17,188.2939,0.0,0.966866,0.028921,0.005767,0.015029,NORMAL
2023-11-20,187.7646,-0.002815,0.889668,0.099557,0.007946,0.04459,NORMAL
2023-11-20,187.7646,0.0,0.896449,0.043988,0.008647,0.022784,NORMAL
2023-11-20,187.7646,0.0,0.903334,0.043311,0.008374,0.022349,NORMAL
2023-11-20,187.9376,0.000921,0.910325,0.071783,0.007324,0.033108,NORMAL
2023-11-20,187.9376,0.0,0.917426,0.054588,0.006113,0.025503,NORMAL
2023-11-20,187.9376,0.0,0.924638,0.05267,0.00503,0.024086,NORMAL
2023-11-20,187.9376,0.0,0.931965,0.053471,0.004368,0.024009,NORMAL
2023-11-20,187.9376,0.0,0.939408,0.054246,0.004261,0.024255,NORMAL
2023-11-20,187.9376,0.0,0.946972,0.052896,0.004403,0.0238,NORMAL
2023-11-20,187.9376,0.0,0.954658,0.055267,0.003094,0.023963,NORMAL
2023-11-21,189.2676,0.007052,0.793238,0.242609,0.00804,0.101868,NORMAL
2023-11-21,189.2676,0.0,0.80393,0.0965,0.009756,0.044454,NORMAL
2023-11-21,189.2676,0.0,0.814915,0.070924,0.0096,0.03413,NORMAL
2023-11-21,189.442,0.000921,0.826204,0.08601,0.008488,0.039497,NORMAL
2023-11-21,189.442,0.0,0.837811,0.056375,0.008,0.02735,NORMAL
2023-11-21,189.442,0.0,0.849748,0.04658,0.007533,0.023152,NORMAL
2023-11-21,189.442,0.0,0.86203,0.041942,0.007264,0.021135,NORMAL
2023-11-21,189.442,0.0,0.874672,0.035885,0.007093,0.01861,NORMAL
2023-11-21,189.442,0.0,0.887691,0.032523,0.006795,0.017087,NORMAL
2023-11-21,189.442,0.0,0.901103,0.02818,0.006459,0.015148,NORMAL
2023-11-22,189.3467,-0.000503,0.943831,0.055372,0.006918,0.026299,NORMAL
2023-11-22,189.3467,0.0,0.951638,0.033113,0.007245,0.017592,NORMAL
2023-11-22,189.3467,0.0,0.959576,0.037775,0.00727,0.019472,NORMAL
2023-11-22,189.5212,0.000921,0.967647,0.046153,0.007061,0.022698,NORMAL
2023-11-22,189.5212,0.0,0.975855,0.020149,0.00824,0.013004,NORMAL
2023-11-22,189.5212,0.0,0.984203,0.021654,0.009332,0.014261,NORMAL
2023-11-22,189.5212,0.0,0.992696,0.023434,0.009724,0.015208,NORMAL
2023-11-22,189.5212,0.0,1.001336,0.025407,0.00883,0.01546,NORMAL
2023-11-22,189.5212,0.0,1.010128,0.036805,0.007015,0.018931,NORMAL
2023-11-22,189.5212,0.0,1.019076,0.061193,0.005996,0.028075,NORMAL
2023-11-24,188.7336,-0.004164,0.630002,0.324689,0.02382,0.144168,NORMAL
2023-11-24,188.7336,0.0,0.641845,0.213988,0.031372,0.104418,NORMAL
2023-11-24,188.9075,0.000921,0.654141,0.203691,0.032779,0.101144,NORMAL
2023-11-24,188.9075,0.0,0.666918,0.168852,0.032527,0.087057,NORMAL
2023-11-24,188.7336,-0.000921,0.680204,0.180577,0.031308,0.091015,NORMAL
2023-11-24,188.9075,0.000921,0.69403,0.164112,0.030185,0.083756,NORMAL
2023-11-24,188.9075,0.0,0.70843,0.12562,0.029173,0.067752,NORMAL
2023-11-24,188.9075,0.0,0.723439,0.116105,0.027844,0.063149,NORMAL
2023-11-24,188.9075,0.0,0.739099,0.112018,0.025757,0.060261,NORMAL
2023-11-24,188.9075,0.0,0.755452,0.101296,0.024427,0.055175,NORMAL
2023-11-27,187.7943,-0.00591,1.272049,0.263557,0.05028,0.135591,NORMAL
2023-11-27,187.7943,0.0,1.270187,0.141762,0.061027,0.093321,NORMAL
2023-11-27,187.9673,0.000921,1.26833,0.131337,0.062207,0.089859,NORMAL
2023-11-27,187.9673,0.0,1.266478,0.089212,0.062223,0.073019,NORMAL
2023-11-27,187.7943,-0.000921,1.264632,0.122883,0.065458,0.088428,NORMAL
2023-11-27,187.9673,0.000921,1.262791,0.10794,0.068906,0.08452,NORMAL
2023-11-27,187.9673,0.0,1.260956,0.072923,0.070609,0.071535,NORMAL
2023-11-27,187.9673,0.0,1.259125,0.070433,0.069558,0.069908,NORMAL
2023-11-27,187.9673,0.0,1.257301,0.070842,0.065784,0.067807,NORMAL
2023-11-27,187.9673,0.0,1.255481,0.071629,0.06045,0.064922,NORMAL
2023-11-28,187.6558,-0.001659,1.16344,0.10964,0.055909,0.077401,NORMAL
2023-11-28,187.6558,0.0,1.138667,0.066938,0.051977,0.057961,NORMAL
2023-11-28,187.6558,0.0,1.114927,0.054727,0.05038,0.052119,NORMAL
2023-11-28,187.8287,0.000921,1.092157,0.070626,0.051296,0.059028,NORMAL
2023-11-28,187.8287,0.0,1.070299,0.034606,0.052572,0.045386,NORMAL
2023-11-28,187.8287,0.0,1.049298,0.031691,0.051516,0.043586,NORMAL
2023-11-28,187.8287,0.0,1.029105,0.041573,0.046452,0.044501,NORMAL
2023-11-28,187.8287,0.0,1.009675,0.041766,0.037855,0.039419,NORMAL
2023-11-28,187.8287,0.0,0.990965,0.049361,0.028685,0.036955,NORMAL
2023-11-28,187.8287,0.0,0.972936,0.074866,0.024763,0.044804,NORMAL
2023-11-29,188.9372,0.005884,1.086023,0.174032,0.026849,0.085722,NORMAL
2023-11-29,188.7633,-0.000921,1.082659,0.088585,0.026642,0.051419,NORMAL
2023-11-29,188.7633,0.0,1.079315,0.051417,0.027883,0.037297,NORMAL
2023-11-29,188.7633,0.0,1.075992,0.045055,0.029773,0.035886,NORMAL
2023-11-29,188.9372,0.000921,1.072689,0.058968,0.031707,0.042611,NORMAL
2023-11-29,188.9372,0.0,1.069407,0.035236,0.034581,0.034843,NORMAL
2023-11-29,188.9372,0.0,1.066145,0.027174,0.03608,0.032517,NORMAL
2023-11-29,188.9372,0.0,1.062902,0.02268,0.033317,0.029062,NORMAL
2023-11-29,188.9372,0.0,1.059679,0.023146,0.022596,0.022816,NORMAL
2023-11-29,188.9372,0.0,1.056476,0.023296,0.007172,0.013621,NORMAL
2023-11-30,187.7152,-0.006489,1.183361,0.18239,0.012133,0.080236,NORMAL
2023-11-30,187.7152,0.0,1.168653,0.063455,0.011315,0.032171,NORMAL
2023-11-30,187.7152,0.0,1.154306,0.057174,0.009735,0.02871,NORMAL
2023-11-30,187.8881,0.000921,1.140307,0.068901,0.009052,0.032991,NORMAL
2023-11-30,187.8881,0.0,1.126643,0.037774,0.009275,0.020675,NORMAL
2023-11-30,187.8881,0.0,1.113303,0.032712,0.010828,0.019581,NORMAL
2023-11-30,187.8881,0.0,1.100275,0.031173,0.012313,0.019857,NORMAL
2023-11-30,187.8881,0.0,1.087549,0.032653,0.012937,0.020824,NORMAL
2023-11-30,187.8881,0.0,1.075113,0.028921,0.011999,0.018768,NORMAL
2023-11-30,187.8881,0.0,1.062959,0.025181,0.00958,0.015821,NORMAL
2023-12-01,188.1997,0.001657,0.992745,0.084618,0.009063,0.039285,NORMAL
2023-12-01,188.1997,0.0,0.989852,0.044426,0.008642,0.022955,NORMAL
2023-12-01,188.3731,0.000921,0.986977,0.050105,0.008174,0.024946,NORMAL
2023-12-01,188.3731,0.0,0.984118,0.035773,0.008805,0.019592,NORMAL
2023-12-01,188.1997,-0.000921,0.981275,0.079904,0.009884,0.037892,NORMAL
2023-12-01,188.3731,0.000921,0.978449,0.058045,0.009789,0.029091,NORMAL
2023-12-01,188.3731,0.0,0.975639,0.041351,0.008973,0.021924,NORMAL
2023-12-01,188.3731,0.0,0.972845,0.046412,0.007481,0.023053,NORMAL
2023-12-01,188.3731,0.0,0.970068,0.051053,0.005485,0.023712,NORMAL
2023-12-01,188.3731,0.0,0.967306,0.051399,0.003211,0.022486,NORMAL
2023-12-04,187.8536,-0.002762,0.923587,0.106092,0.003959,0.044812,NORMAL
2023-12-04,187.8536,0.0,0.92893,0.057364,0.00431,0.025532,NORMAL
2023-12-04,188.0267,0.000921,0.934336,0.0699,0.004532,0.030679,NORMAL
2023-12-04,188.0267,0.0,0.939805,0.048988,0.005595,0.022952,NORMAL
2023-12-04,187.8536,-0.000921,0.945338,0.075906,0.007015,0.034571,NORMAL
2023-12-04,188.0267,0.000921,0.950938,0.082503,0.009164,0.0385,NORMAL
2023-12-04,188.0267,0.0,0.956603,0.062261,0.010777,0.031371,NORMAL
2023-12-04,188.0267,0.0,0.962337,0.064386,0.010626,0.03213,NORMAL
2023-12-04,188.0267,0.0,0.96814,0.065187,0.007754,0.030727,NORMAL
2023-12-04,188.0267,0.0,0.974013,0.068357,0.003663,0.029541,NORMAL
2023-12-05,188.081,0.000289,1.461363,0.185067,0.022342,0.087432,NORMAL
2023-12-05,188.2543,0.000921,1.428583,0.171374,0.02635,0.08436,NORMAL
2023-12-05,188.2543,0.0,1.397241,0.144456,0.02268,0.07139,NORMAL
2023-12-05,188.2543,0.0,1.367245,0.129483,0.018625,0.062968,NORMAL
2023-12-05,188.2543,0.0,1.33851,0.126836,0.016291,0.060509,NORMAL
2023-12-05,188.2543,0.0,1.310957,0.112761,0.015505,0.054407,NORMAL
2023-12-05,188.2543,0.0,1.284517,0.106194,0.015396,0.051715,NORMAL
2023-12-05,188.2543,0.0,1.259121,0.093921,0.015417,0.046819,NORMAL
2023-12-05,188.081,-0.000921,1.234711,0.129998,0.017273,0.062363,NORMAL
2023-12-05,188.081,0.0,1.211228,0.099071,0.017646,0.050216,NORMAL
2023-12-06,192.2736,0.022047,0.748529,0.533621,0.040923,0.238002,NORMAL
2023-12-06,192.4507,0.000921,0.7501,0.219877,0.04781,0.116637,NORMAL
2023-12-06,192.2736,-0.000921,0.751678,0.177483,0.048444,0.10006,NORMAL
2023-12-06,192.2736,0.0,0.753262,0.110184,0.049323,0.073667,NORMAL
2023-12-06,192.4507,0.000921,0.754854,0.125114,0.049654,0.079838,NORMAL
2023-12-06,192.4507,0.0,0.756452,0.095855,0.048828,0.067639,NORMAL
2023-12-06,192.4507,0.0,0.758056,0.101425,0.046421,0.068423,NORMAL
2023-12-06,192.4507,0.0,0.759668,0.103619,0.042862,0.067165,NORMAL
2023-12-06,192.4507,0.0,0.761286,0.109656,0.038732,0.067102,NORMAL
2023-12-06,192.4507,0.0,0.762912,0.116023,0.034854,0.067321,NORMAL
2023-12-07,191.4628,-0.005146,0.897473,0.213118,0.03721,0.107573,NORMAL
2023-12-07,191.4627,-1e-06,0.914017,0.109136,0.038213,0.066583,NORMAL
2023-12-07,191.4628,1e-06,0.931183,0.099249,0.038262,0.062657,NORMAL
2023-12-07,191.6392,0.000921,0.949005,0.129507,0.038076,0.074649,NORMAL
2023-12-07,191.6392,0.0,0.967523,0.108257,0.039688,0.067116,NORMAL
2023-12-07,191.6392,0.0,0.986778,0.095758,0.044027,0.06472,NORMAL
2023-12-07,191.6391,-1e-06,1.006816,0.078529,0.049137,0.060894,NORMAL
2023-12-07,191.6392,1e-06,1.027683,0.065697,0.051062,0.056916,NORMAL
2023-12-07,191.6392,0.0,1.049434,0.050596,0.047203,0.04856,NORMAL
2023-12-07,191.6391,-1e-06,1.072126,0.062487,0.044519,0.051706,NORMAL
2023-12-08,192.0264,0.002019,1.189464,0.108338,0.041121,0.068008,NORMAL
2023-12-08,192.0264,0.0,1.173371,0.060732,0.039183,0.047803,NORMAL
2023-12-08,192.2033,0.000921,1.157707,0.072909,0.039401,0.052804,NORMAL
2023-12-08,192.2033,0.0,1.142455,0.048659,0.041175,0.044169,NORMAL
2023-12-08,192.0264,-0.000921,1.1276,0.075423,0.044017,0.05658,NORMAL
2023-12-08,192.2033,0.000921,1.113127,0.060479,0.046805,0.052274,NORMAL
2023-12-08,192.2033,0.0,1.09902,0.045145,0.047551,0.046588,NORMAL
2023-12-08,192.2033,0.0,1.085267,0.049732,0.043746,0.04614,NORMAL
2023-12-08,192.2033,0.0,1.071853,0.04455,0.032381,0.037249,NORMAL
2023-12-08,192.2033,0.0,1.058767,0.039943,0.013376,0.024003,NORMAL
2023-12-11,190.9486,-0.006549,1.192278,0.246199,0.012887,0.106211,NORMAL
2023-12-11,190.9486,0.0,1.176777,0.115584,0.012758,0.053889,NORMAL
2023-12-11,191.1245,0.000921,1.161674,0.102184,0.013349,0.048883,NORMAL
2023-12-11,191.1245,0.0,1.146954,0.058083,0.014123,0.031707,NORMAL
2023-12-11,190.9486,-0.000921,1.132603,0.090606,0.014596,0.045,NORMAL
2023-12-11,191.1245,0.000921,1.118606,0.065575,0.01509,0.035284,NORMAL
2023-12-11,191.1245,0.0,1.10495,0.036991,0.015309,0.023982,NORMAL
2023-12-11,191.1245,0.0,1.091624,0.036408,0.015274,0.023727,NORMAL
2023-12-11,191.1245,0.0,1.078616,0.035434,0.014932,0.023133,NORMAL
2023-12-11,191.1245,0.0,1.065914,0.028235,0.011702,0.018315,NORMAL
2023-12-12,190.9189,-0.001076,0.922249,0.068259,0.015834,0.036804,NORMAL
2023-12-12,190.9189,0.0,0.922822,0.038042,0.018964,0.026595,NORMAL
2023-12-12,190.9189,0.0,0.923395,0.036565,0.021205,0.027349,NORMAL
2023-12-12,191.0948,0.000921,0.92397,0.077113,0.021259,0.0436,NORMAL
2023-12-12,191.0948,0.0,0.924545,0.049956,0.019806,0.031866,NORMAL
2023-12-12,191.0948,0.0,0.925121,0.04991,0.016601,0.029924,NORMAL
2023-12-12,191.0948,0.0,0.925697,0.056987,0.012204,0.030117,NORMAL
2023-12-12,191.0948,0.0,0.926274,0.057402,0.00826,0.027917,NORMAL
2023-12-12,191.0948,0.0,0.926852,0.062981,0.006768,0.029253,NORMAL
2023-12-12,191.0948,0.0,0.927431,0.085776,0.007673,0.038914,NORMAL
2023-12-13,192.9064,0.009435,1.228838,0.30492,0.020502,0.134269,NORMAL
2023-12-13,192.9064,0.0,1.218775,0.090393,0.025366,0.051377,NORMAL
2023-12-13,192.9064,0.0,1.208876,0.070027,0.025004,0.043013,NORMAL
2023-12-13,193.0842,0.000921,1.199137,0.075284,0.023124,0.043988,NORMAL
2023-12-13,193.0842,0.0,1.189553,0.05134,0.02251,0.034042,NORMAL
2023-12-13,193.0842,0.0,1.180121,0.045905,0.023269,0.032323,NORMAL
2023-12-13,193.0841,-1e-06,1.170838,0.038912,0.024276,0.03013,NORMAL
2023-12-13,193.0841,0.0,1.161699,0.037077,0.02324,0.028775,NORMAL
2023-12-13,193.0842,1e-06,1.152702,0.034687,0.019176,0.02538,NORMAL
2023-12-13,193.0841,-1e-06,1.143844,0.035328,0.014993,0.023127,NORMAL
2023-12-14,195.984,0.014907,1.073474,0.42465,0.017554,0.180393,NORMAL
2023-12-14,195.984,0.0,1.061425,0.139456,0.018802,0.067064,NORMAL
2023-12-14,195.984,0.0,1.049644,0.112726,0.019976,0.057076,NORMAL
2023-12-14,195.984,0.0,1.038121,0.096022,0.021084,0.051059,NORMAL
2023-12-14,195.984,0.0,1.026848,0.09021,0.022052,0.049315,NORMAL
2023-12-14,195.984,0.0,1.015817,0.083893,0.023279,0.047525,NORMAL
2023-12-14,195.984,0.0,1.005021,0.080886,0.023671,0.046557,NORMAL
2023-12-14,195.8036,-0.000921,0.994452,0.088284,0.022541,0.048838,NORMAL
2023-12-14,195.8037,1e-06,0.984103,0.048671,0.019957,0.031442,NORMAL
2023-12-14,195.8036,-1e-06,0.973967,0.045491,0.017743,0.028842,NORMAL
2023-12-15,195.3191,-0.002477,1.797121,0.376919,0.075487,0.19606,NORMAL
2023-12-15,195.3191,0.0,1.72694,0.299077,0.079206,0.167154,NORMAL
2023-12-15,195.4991,0.000921,1.662034,0.294714,0.067536,0.158407,NORMAL
2023-12-15,195.4991,0.0,1.60183,0.237958,0.064271,0.133746,NORMAL
2023-12-15,195.3191,-0.000921,1.545835,0.236327,0.064169,0.133032,NORMAL
2023-12-15,195.4991,0.000921,1.493622,0.200909,0.066299,0.120143,NORMAL
2023-12-15,195.4991,0.0,1.444822,0.161087,0.073086,0.108286,NORMAL
2023-12-15,195.4991,0.0,1.399109,0.140537,0.085107,0.107279,NORMAL
2023-12-15,195.499,-1e-06,1.356201,0.116597,0.101768,0.1077,NORMAL
2023-12-15,195.4991,1e-06,1.315846,0.11875,0.119446,0.119167,NORMAL
2023-12-18,193.8952,-0.008238,0.573987,0.379372,0.152899,0.243488,NORMAL
2023-12-18,193.8952,0.0,0.577279,0.23818,0.164222,0.193805,NORMAL
2023-12-18,194.0739,0.000921,0.58061,0.23276,0.160335,0.189305,NORMAL
2023-12-18,194.0738,-1e-06,0.583979,0.189518,0.146133,0.163487,NORMAL
2023-12-18,193.8952,-0.000921,0.587387,0.214435,0.129192,0.163289,NORMAL
2023-12-18,194.0739,0.000921,0.590836,0.186077,0.113999,0.14283,NORMAL
2023-12-18,194.0738,-1e-06,0.594325,0.144747,0.103452,0.11997,NORMAL
2023-12-18,194.0739,1e-06,0.597856,0.1403,0.096139,0.113804,NORMAL
2023-12-18,194.0738,-1e-06,0.601428,0.137132,0.088339,0.107856,NORMAL
2023-12-18,194.0739,1e-06,0.605044,0.141077,0.078102,0.103292,NORMAL
2023-12-19,193.9644,-0.000564,0.463958,0.223971,0.072885,0.133319,NORMAL
2023-12-19,194.1432,0.000921,0.488397,0.235262,0.067889,0.134839,NORMAL
2023-12-19,194.1432,0.0,0.515554,0.193378,0.065335,0.116552,NORMAL
2023-12-19,194.1431,-1e-06,0.54591,0.172478,0.065467,0.108271,NORMAL
2023-12-19,194.1431,0.0,0.580063,0.158019,0.067878,0.103934,NORMAL
2023-12-19,194.1432,1e-06,0.618775,0.150654,0.072198,0.10358,NORMAL
2023-12-19,194.1432,0.0,0.663024,0.144995,0.077209,0.104323,NORMAL
2023-12-19,194.1432,0.0,0.714089,0.120025,0.079778,0.095877,NORMAL
2023-12-19,193.9644,-0.000921,0.773676,0.124734,0.070407,0.092138,NORMAL
2023-12-19,193.9644,0.0,0.844113,0.102174,0.062645,0.078456,NORMAL
2023-12-20,194.6961,0.003765,1.087088,0.146162,0.060385,0.094696,NORMAL
2023-12-20,194.8756,0.000922,1.091072,0.089764,0.055104,0.068968,NORMAL
2023-12-20,194.6961,-0.000922,1.095085,0.080476,0.049452,0.061862,NORMAL
2023-12-20,194.6962,1e-06,1.099127,0.06008,0.046322,0.051825,NORMAL
2023-12-20,194.8755,0.00092,1.103199,0.067081,0.041373,0.051656,NORMAL
2023-12-20,194.8755,0.0,1.107302,0.04902,0.039529,0.043326,NORMAL
2023-12-20,194.8755,0.0,1.111435,0.047887,0.047464,0.047633,NORMAL
2023-12-20,194.8755,0.0,1.115599,0.046759,0.056865,0.052823,NORMAL
2023-12-20,194.8756,1e-06,1.119795,0.049023,0.045619,0.046981,NORMAL
2023-12-20,194.8755,-1e-06,1.124022,0.052738,0.033134,0.040975,NORMAL
2023-12-21,193.9051,-0.004992,0.993919,0.157259,0.031173,0.081608,NORMAL
2023-12-21,193.9051,0.0,0.987827,0.057985,0.027159,0.03949,NORMAL
2023-12-21,193.9051,0.0,0.981809,0.051929,0.02342,0.034824,NORMAL
2023-12-21,194.0838,0.000921,0.975864,0.066535,0.020523,0.038928,NORMAL
2023-12-21,194.0838,0.0,0.969991,0.040701,0.017726,0.026916,NORMAL
2023-12-21,194.0838,0.0,0.964188,0.041138,0.016066,0.026095,NORMAL
2023-12-21,194.0837,-1e-06,0.958454,0.044187,0.014582,0.026424,NORMAL
2023-12-21,194.0838,1e-06,0.952787,0.040033,0.013689,0.024226,NORMAL
2023-12-21,194.0837,-1e-06,0.947188,0.042233,0.014474,0.025578,NORMAL
2023-12-21,194.0838,1e-06,0.941653,0.04519,0.01984,0.02998,NORMAL
2023-12-22,193.1732,-0.004703,0.764269,0.248373,0.026486,0.115241,NORMAL
2023-12-22,192.9954,-0.000921,0.776322,0.186993,0.032247,0.094145,NORMAL
2023-12-22,192.9954,0.0,0.788761,0.157282,0.03613,0.084591,NORMAL
2023-12-22,192.9954,0.0,0.801605,0.134289,0.038094,0.076572,NORMAL
2023-12-22,193.1732,0.000921,0.814875,0.097579,0.037118,0.061303,NORMAL
2023-12-22,193.1732,0.0,0.828591,0.067243,0.034094,0.047354,NORMAL
2023-12-22,193.1732,0.0,0.842776,0.058279,0.02894,0.040676,NORMAL
2023-12-22,193.1732,0.0,0.857456,0.054555,0.022311,0.035209,NORMAL
2023-12-22,193.1732,0.0,0.872656,0.055978,0.014323,0.030985,NORMAL
2023-12-22,193.1732,0.0,0.888405,0.052196,0.008009,0.025684,NORMAL
2023-12-26,191.6194,-0.008076,0.706419,0.380331,0.013843,0.160438,NORMAL
2023-12-26,191.443,-0.000921,0.721905,0.265395,0.017101,0.116419,NORMAL
2023-12-26,191.443,0.0,0.738084,0.217321,0.018691,0.098143,NORMAL
2023-12-26,191.443,0.0,0.755006,0.200614,0.019189,0.091759,NORMAL
2023-12-26,191.6194,0.000921,0.772722,0.130505,0.018797,0.06348,NORMAL
2023-12-26,191.6194,0.0,0.791289,0.097861,0.018441,0.050209,NORMAL
2023-12-26,191.6194,0.0,0.81077,0.079421,0.01808,0.042616,NORMAL
2023-12-26,191.6194,0.0,0.831235,0.064432,0.017268,0.036134,NORMAL
2023-12-26,191.6193,-1e-06,0.852759,0.057134,0.015432,0.032113,NORMAL
2023-12-26,191.6194,1e-06,0.875429,0.054487,0.013207,0.029719,NORMAL
2023-12-27,190.3355,-0.006723,1.431976,0.385564,0.037292,0.176601,NORMAL
2023-12-27,190.3355,0.0,1.409029,0.253255,0.041634,0.126282,NORMAL
2023-12-27,190.3355,0.0,1.386805,0.245115,0.036633,0.120026,NORMAL
2023-12-27,190.5109,0.000921,1.365272,0.160629,0.031166,0.082951,NORMAL
2023-12-27,190.5109,0.0,1.344397,0.130693,0.027542,0.068803,NORMAL
2023-12-27,190.5109,0.0,1.324151,0.112948,0.025869,0.060701,NORMAL
2023-12-27,190.5109,0.0,1.304505,0.101473,0.025733,0.056029,NORMAL
2023-12-27,190.5109,0.0,1.285434,0.100785,0.026985,0.056505,NORMAL
2023-12-27,190.5109,0.0,1.266913,0.095168,0.030203,0.056189,NORMAL
2023-12-27,190.5109,0.0,1.248918,0.093724,0.03745,0.05996,NORMAL
2023-12-28,192.1439,0.008535,0.87848,0.218943,0.046275,0.115342,NORMAL
2023-12-28,191.9671,-0.000921,0.872704,0.075217,0.043576,0.056233,NORMAL
2023-12-28,191.9671,0.0,0.867003,0.045655,0.038003,0.041064,NORMAL
2023-12-28,191.9671,0.0,0.861377,0.045129,0.034604,0.038814,NORMAL
2023-12-28,192.1439,0.000921,0.855823,0.062802,0.034046,0.045548,NORMAL
2023-12-28,192.1439,0.0,0.85034,0.053283,0.033248,0.041262,NORMAL
2023-12-28,192.1439,0.0,0.844927,0.050435,0.031229,0.038911,NORMAL
2023-12-28,192.1439,0.0,0.839583,0.050273,0.028116,0.036979,NORMAL
2023-12-28,192.1439,0.0,0.834305,0.051027,0.025327,0.035607,NORMAL
2023-12-28,192.1439,0.0,0.829094,0.059949,0.026615,0.039948,NORMAL
2023-12-29,191.9064,-0.001237,1.045936,0.074623,0.030541,0.048173,NORMAL
2023-12-29,191.9064,0.0,1.052924,0.04431,0.034061,0.038161,NORMAL
2023-12-29,191.9064,0.0,1.060006,0.045553,0.037398,0.04066,NORMAL
2023-12-29,191.9064,0.0,1.067185,0.045709,0.040101,0.042344,NORMAL
2023-12-29,191.9064,0.0,1.074461,0.049688,0.043084,0.045726,NORMAL
2023-12-29,191.9064,0.0,1.081837,0.054894,0.045938,0.049521,NORMAL
2023-12-29,191.7297,-0.000921,1.089315,0.069127,0.04928,0.057219,NORMAL
2023-12-29,191.7297,0.0,1.096897,0.052776,0.048984,0.050501,NORMAL
2023-12-29,191.7297,0.0,1.104585,0.047686,0.040063,0.043112,NORMAL
2023-12-29,191.9064,0.000921,1.112382,0.098211,0.02933,0.056882,NORMAL
2024-01-02,185.0553,-0.036353,2.022628,0.835579,0.115792,0.403707,LOW
2024-01-02,185.2258,0.000921,1.909245,0.62116,0.072494,0.29196,NORMAL
2024-01-02,185.0553,-0.000921,1.807899,0.575683,0.054557,0.263008,NORMAL
2024-01-02,185.0552,-1e-06,1.716771,0.481232,0.065029,0.23151,NORMAL
2024-01-02,185.2258,0.000921,1.634388,0.444383,0.085428,0.22901,NORMAL
2024-01-02,185.2258,0.0,1.55955,0.382333,0.116223,0.222667,NORMAL
2024-01-02,185.2258,0.0,1.491265,0.360614,0.13958,0.227993,NORMAL
2024-01-02,185.2258,0.0,1.428709,0.345953,0.142396,0.223819,NORMAL
2024-01-02,185.2258,0.0,1.37119,0.317201,0.125423,0.202134,NORMAL
2024-01-02,185.2258,0.0,1.318124,0.301683,0.098543,0.179799,NORMAL
2024-01-03,182.1581,-0.016701,0.921837,0.516865,0.098154,0.265638,NORMAL
2024-01-03,182.1581,0.0,0.910527,0.319097,0.101695,0.188656,NORMAL
2024-01-03,182.1581,0.0,0.899491,0.309713,0.105793,0.187361,NORMAL
2024-01-03,182.3259,0.000921,0.888719,0.291824,0.108222,0.181663,NORMAL
2024-01-03,182.3259,0.0,0.878202,0.255151,0.107605,0.166623,NORMAL
2024-01-03,182.3259,0.0,0.867932,0.243742,0.103647,0.159685,NORMAL
2024-01-03,182.3259,0.0,0.857898,0.216753,0.096253,0.144453,NORMAL
2024-01-03,182.3259,0.0,0.848094,0.192841,0.086122,0.12881,NORMAL
2024-01-03,182.3259,0.0,0.838512,0.144017,0.075453,0.102878,NORMAL
2024-01-03,182.3259,0.0,0.829144,0.09925,0.068423,0.080754,NORMAL
2024-01-04,180.2772,-0.0113,1.02942,0.370742,0.077269,0.194658,NORMAL
2024-01-04,180.1113,-0.000921,1.037211,0.232548,0.088464,0.146098,NORMAL
2024-01-04,180.1112,-1e-06,1.045121,0.182257,0.099022,0.132316,NORMAL
2024-01-04,180.1113,1e-06,1.053153,0.173247,0.104346,0.131906,NORMAL
2024-01-04,180.2772,0.000921,1.061309,0.118419,0.103878,0.109695,NORMAL
2024-01-04,180.2772,0.0,1.069592,0.09118,0.105224,0.099606,NORMAL
2024-01-04,180.2772,0.0,1.078005,0.07798,0.11072,0.097624,NORMAL
2024-01-04,180.2772,0.0,1.086552,0.080138,0.114549,0.100785,NORMAL
2024-01-04,180.2772,0.0,1.095236,0.061211,0.106227,0.08822,NORMAL
2024-01-04,180.2772,0.0,1.104059,0.048522,0.088204,0.072331,NORMAL
2024-01-05,179.9531,-0.001799,0.953857,0.112479,0.078113,0.091859,NORMAL
2024-01-05,179.9531,0.0,0.950974,0.062759,0.077964,0.071882,NORMAL
2024-01-05,179.953,-1e-06,0.948109,0.061789,0.080089,0.072769,NORMAL
2024-01-05,180.1188,0.000921,0.94526,0.045408,0.081749,0.067213,NORMAL
2024-01-05,180.1189,1e-06,0.942429,0.027039,0.081713,0.059843,NORMAL
2024-01-05,180.1188,-1e-06,0.939614,0.024026,0.078912,0.056958,NORMAL
2024-01-05,180.1189,1e-06,0.936817,0.028357,0.074961,0.056319,NORMAL
2024-01-05,180.1188,-1e-06,0.934036,0.026577,0.066667,0.050631,NORMAL
2024-01-05,180.1189,1e-06,0.931271,0.030053,0.052689,0.043634,NORMAL
2024-01-05,180.1188,-1e-06,0.928523,0.065228,0.037246,0.048438,NORMAL
2024-01-08,180.2178,0.000549,0.88886,0.065103,0.036287,0.047813,NORMAL
2024-01-08,180.0519,-0.000921,0.897519,0.088922,0.037291,0.057944,NORMAL
2024-01-08,180.0519,0.0,0.906349,0.061909,0.037328,0.04716,NORMAL
2024-01-08,180.0519,0.0,0.915354,0.062596,0.036688,0.047051,NORMAL
2024-01-08,180.2178,0.000921,0.924539,0.079193,0.032782,0.051347,NORMAL
2024-01-08,180.2178,0.0,0.933911,0.062566,0.027586,0.041578,NORMAL
2024-01-08,180.2178,0.0,0.943475,0.063251,0.021294,0.038077,NORMAL
2024-01-08,180.2178,0.0,0.953236,0.058929,0.015181,0.03268,NORMAL
2024-01-08,180.2178,0.0,0.963202,0.06342,0.010873,0.031892,NORMAL
2024-01-08,180.2178,0.0,0.973378,0.066679,0.004455,0.029344,NORMAL
2024-01-09,181.8614,0.009079,0.716595,0.3394,0.014537,0.144482,NORMAL
2024-01-09,181.8614,0.0,0.728499,0.128758,0.019964,0.063481,NORMAL
2024-01-09,181.8614,0.0,0.740805,0.107432,0.021853,0.056085,NORMAL
2024-01-09,182.029,0.000921,0.753534,0.112819,0.021416,0.057978,NORMAL
2024-01-09,182.029,0.0,0.766708,0.082778,0.020049,0.04514,NORMAL
2024-01-09,182.029,0.0,0.78035,0.076939,0.018683,0.041985,NORMAL
2024-01-09,182.029,0.0,0.794487,0.066534,0.01784,0.037317,NORMAL
2024-01-09,182.029,0.0,0.809146,0.047946,0.017369,0.0296,NORMAL
2024-01-09,182.029,0.0,0.824356,0.044472,0.016693,0.027804,NORMAL
2024-01-09,182.029,0.0,0.840148,0.039088,0.016042,0.02526,NORMAL
2024-01-10,182.2866,0.001414,0.928881,0.0638,0.017101,0.03578,NORMAL
2024-01-10,182.2866,0.0,0.94041,0.024867,0.017521,0.020459,NORMAL
2024-01-10,182.4546,0.000921,0.952229,0.047727,0.016736,0.029133,NORMAL
2024-01-10,182.4546,0.0,0.964348,0.030082,0.016538,0.021955,NORMAL
2024-01-10,182.2866,-0.000921,0.97678,0.045753,0.016183,0.028011,NORMAL
2024-01-10,182.4546,0.000921,0.989537,0.037614,0.015225,0.02418,NORMAL
2024-01-10,182.4546,0.0,1.002631,0.012264,0.014247,0.013454,NORMAL
2024-01-10,182.4546,0.0,1.016077,0.012567,0.01361,0.013193,NORMAL
2024-01-10,182.4546,0.0,1.029888,0.018738,0.013758,0.01575,NORMAL
2024-01-10,182.4546,0.0,1.04408,0.038772,0.013719,0.02374,NORMAL
2024-01-11,184.4521,0.010888,1.088557,0.311705,0.017043,0.134908,NORMAL
2024-01-11,184.4521,0.0,1.081028,0.096313,0.0188,0.049805,NORMAL
2024-01-11,184.4521,0.0,1.073602,0.077358,0.019419,0.042595,NORMAL
2024-01-11,184.6221,0.000921,1.066278,0.089397,0.019332,0.047358,NORMAL
2024-01-11,184.6221,0.0,1.059053,0.049342,0.019536,0.031459,NORMAL
2024-01-11,184.622,-1e-06,1.051925,0.04588,0.019387,0.029984,NORMAL
2024-01-11,184.6221,1e-06,1.044892,0.046703,0.018435,0.029742,NORMAL
2024-01-11,184.6221,0.0,1.037953,0.038366,0.016009,0.024952,NORMAL
2024-01-11,184.6221,0.0,1.031106,0.039579,0.011882,0.022961,NORMAL
2024-01-11,184.6221,0.0,1.024348,0.040861,0.008686,0.021556,NORMAL
2024-01-12,183.9775,-0.003498,0.849573,0.125904,0.013979,0.058749,NORMAL
2024-01-12,183.9775,0.0,0.855241,0.046677,0.016726,0.028706,NORMAL
2024-01-12,184.147,0.000921,0.860985,0.06257,0.016724,0.035062,NORMAL
2024-01-12,184.147,0.0,0.866806,0.048631,0.015724,0.028886,NORMAL
2024-01-12,183.9775,-0.000921,0.872707,0.065986,0.01437,0.035016,NORMAL
2024-01-12,184.147,0.000921,0.878689,0.061135,0.013689,0.032667,NORMAL
2024-01-12,184.147,0.0,0.884754,0.03948,0.013537,0.023914,NORMAL
2024-01-12,184.147,0.0,0.890902,0.04058,0.013637,0.024414,NORMAL
2024-01-12,184.147,0.0,0.897137,0.044709,0.013656,0.026077,NORMAL
2024-01-12,184.147,0.0,0.90346,0.053056,0.013253,0.029174,NORMAL
2024-01-16,180.1211,-0.022105,1.437816,0.570488,0.053791,0.26047,NORMAL
2024-01-16,180.1211,0.0,1.412319,0.358419,0.0616,0.180328,NORMAL
2024-01-16,180.2871,0.000921,1.38771,0.313613,0.052649,0.157035,NORMAL
2024-01-16,180.2871,0.0,1.363944,0.225103,0.046736,0.118083,NORMAL
2024-01-16,180.1211,-0.000921,1.340978,0.244273,0.04538,0.124938,NORMAL
2024-01-16,180.2871,0.000921,1.318773,0.207149,0.043623,0.109033,NORMAL
2024-01-16,180.2871,0.0,1.297291,0.171189,0.042934,0.094236,NORMAL
2024-01-16,180.2871,0.0,1.276498,0.158957,0.043566,0.089722,NORMAL
2024-01-16,180.2871,0.0,1.256361,0.151839,0.043429,0.086793,NORMAL
2024-01-16,180.2871,0.0,1.23685,0.143401,0.040382,0.08159,NORMAL
2024-01-17,179.2411,-0.005819,0.886386,0.236171,0.045712,0.121896,NORMAL
2024-01-17,179.2411,0.0,0.880744,0.124495,0.048987,0.07919,NORMAL
2024-01-17,179.2411,0.0,0.875173,0.120013,0.050189,0.078119,NORMAL
2024-01-17,179.4063,0.000921,0.869672,0.12011,0.049647,0.077832,NORMAL
2024-01-17,179.4063,0.0,0.86424,0.097848,0.04868,0.068347,NORMAL
2024-01-17,179.4062,-1e-06,0.858875,0.085228,0.047668,0.062692,NORMAL
2024-01-17,179.4063,1e-06,0.853577,0.075554,0.046181,0.05793,NORMAL
2024-01-17,179.4063,0.0,0.848343,0.070781,0.043292,0.054288,NORMAL
2024-01-17,179.4063,0.0,0.843174,0.043712,0.038482,0.040574,NORMAL
2024-01-17,179.4063,0.0,0.838066,0.061944,0.033677,0.044984,NORMAL
2024-01-18,184.1767,0.026243,1.366597,0.589801,0.079112,0.283388,NORMAL
2024-01-18,184.0071,-0.000921,1.351909,0.242996,0.09545,0.154469,NORMAL
2024-01-18,184.0072,1e-06,1.337534,0.167759,0.097622,0.125677,NORMAL
2024-01-18,184.1767,0.000921,1.323461,0.164817,0.098084,0.124777,NORMAL
2024-01-18,184.0072,-0.000921,1.309681,0.147284,0.102609,0.120479,NORMAL
2024-01-18,184.1767,0.000921,1.296186,0.152914,0.113352,0.129177,NORMAL
2024-01-18,184.1767,0.0,1.282965,0.112413,0.12559,0.120319,NORMAL
2024-01-18,184.1767,0.0,1.270012,0.110576,0.129822,0.122124,NORMAL
2024-01-18,184.1767,0.0,1.257317,0.106847,0.114655,0.111532,NORMAL
2024-01-18,184.1767,0.0,1.244874,0.112064,0.091801,0.099906,NORMAL
2024-01-19,187.3834,0.017261,1.080986,0.431386,0.099373,0.232178,NORMAL
2024-01-19,187.3834,0.0,1.062987,0.163471,0.107083,0.129638,NORMAL
2024-01-19,187.3834,0.0,1.045578,0.138224,0.113828,0.123587,NORMAL
2024-01-19,187.3833,-1e-06,1.02873,0.1285,0.118256,0.122354,NORMAL
2024-01-19,187.3834,1e-06,1.012416,0.121911,0.120258,0.120919,NORMAL
2024-01-19,187.3834,0.0,0.996611,0.1148,0.120932,0.11848,NORMAL
2024-01-19,187.3834,0.0,0.981293,0.111557,0.118122,0.115496,NORMAL
2024-01-19,187.2109,-0.000921,0.966438,0.123754,0.108318,0.114493,NORMAL
2024-01-19,187.2109,0.0,0.952026,0.067267,0.090897,0.081445,NORMAL
2024-01-19,187.2109,0.0,0.938038,0.035372,0.07174,0.057193,NORMAL
2024-01-22,190.1476,0.015565,0.828738,0.383683,0.074621,0.198246,NORMAL
2024-01-22,190.1477,1e-06,0.839071,0.112272,0.074738,0.089752,NORMAL
2024-01-22,190.3228,0.00092,0.849666,0.122059,0.075238,0.093966,NORMAL
2024-01-22,190.3228,0.0,0.860531,0.091553,0.077614,0.08319,NORMAL
2024-01-22,190.1477,-0.00092,0.871677,0.09974,0.08134,0.0887,NORMAL
2024-01-22,190.3228,0.00092,0.883116,0.077998,0.084734,0.082039,NORMAL
2024-01-22,190.3228,0.0,0.89486,0.051866,0.084123,0.07122,NORMAL
2024-01-22,190.3228,0.0,0.90692,0.042284,0.075652,0.062305,NORMAL
2024-01-22,190.3228,0.0,0.919309,0.039653,0.056304,0.049644,NORMAL
2024-01-22,190.3228,0.0,0.932042,0.027514,0.033669,0.031207,NORMAL
2024-01-23,192.8372,0.013125,0.670278,0.441391,0.036472,0.198439,NORMAL
2024-01-23,192.8372,0.0,0.68466,0.157995,0.038574,0.086342,NORMAL
2024-01-23,193.0149,0.000921,0.699672,0.168871,0.040357,0.091763,NORMAL
2024-01-23,193.0149,0.0,0.715358,0.133864,0.041122,0.078219,NORMAL
2024-01-23,192.8372,-0.000921,0.731763,0.150649,0.041817,0.085349,NORMAL
2024-01-23,193.0149,0.000921,0.748938,0.135977,0.042077,0.079637,NORMAL
2024-01-23,193.0149,0.0,0.766938,0.096289,0.041701,0.063536,NORMAL
2024-01-23,193.0149,0.0,0.785826,0.088955,0.039738,0.059425,NORMAL
2024-01-23,193.0149,0.0,0.805667,0.070694,0.035996,0.049875,NORMAL
2024-01-23,193.0149,0.0,0.826535,0.059969,0.029104,0.04145,NORMAL
2024-01-24,193.4107,0.002049,1.053254,0.078497,0.030713,0.049826,NORMAL
2024-01-24,193.4108,1e-06,1.060023,0.033955,0.030911,0.032129,NORMAL
2024-01-24,193.4108,0.0,1.066879,0.040004,0.030957,0.034576,NORMAL
2024-01-24,193.4107,-1e-06,1.073824,0.039009,0.031444,0.03447,NORMAL
2024-01-24,193.4107,0.0,1.08086,0.034869,0.032436,0.033409,NORMAL
2024-01-24,193.4107,0.0,1.087989,0.029524,0.033355,0.031823,NORMAL
2024-01-24,193.2327,-0.000921,1.095213,0.073066,0.033512,0.049334,NORMAL
2024-01-24,193.2327,0.0,1.102533,0.042603,0.032964,0.036819,NORMAL
2024-01-24,193.2327,0.0,1.109952,0.037608,0.032009,0.034248,NORMAL
2024-01-24,193.4108,0.000921,1.117471,0.078912,0.033314,0.051553,NORMAL
2024-01-25,193.2128,-0.001024,1.127638,0.094556,0.029812,0.05571,NORMAL
2024-01-25,193.035,-0.000921,1.113363,0.100258,0.027415,0.056552,NORMAL
2024-01-25,193.035,0.0,1.099445,0.072887,0.0255,0.044455,NORMAL
2024-01-25,193.2128,0.000921,1.085871,0.089348,0.02448,0.050427,NORMAL
2024-01-25,193.035,-0.000921,1.072628,0.102184,0.02477,0.055736,NORMAL
2024-01-25,193.2128,0.000921,1.059704,0.084806,0.024793,0.048798,NORMAL
2024-01-25,193.2128,0.0,1.047088,0.060594,0.024043,0.038663,NORMAL
2024-01-25,193.2128,0.0,1.034769,0.063882,0.021693,0.038569,NORMAL
2024-01-25,193.2128,0.0,1.022736,0.072441,0.016462,0.038854,NORMAL
2024-01-25,193.2128,0.0,1.01098,0.075379,0.010181,0.03626,NORMAL
2024-01-26,192.0956,-0.005799,0.829273,0.247411,0.015417,0.108215,NORMAL
2024-01-26,192.0956,0.0,0.8363,0.127363,0.019003,0.062347,NORMAL
2024-01-26,192.0956,0.0,0.843447,0.103379,0.021341,0.054156,NORMAL
2024-01-26,192.2726,0.000921,0.850718,0.097629,0.02185,0.052162,NORMAL
2024-01-26,192.2726,0.0,0.858115,0.055921,0.021488,0.035262,NORMAL
2024-01-26,192.2726,0.0,0.865642,0.055264,0.019912,0.034053,NORMAL
2024-01-26,192.2726,0.0,0.873302,0.052335,0.017194,0.03125,NORMAL
2024-01-26,192.2726,0.0,0.881099,0.050054,0.014063,0.028459,NORMAL
2024-01-26,192.2726,0.0,0.889037,0.049268,0.011464,0.026586,NORMAL
2024-01-26,192.2726,0.0,0.897118,0.046559,0.010816,0.025113,NORMAL
2024-01-29,189.8609,-0.012622,0.955831,0.36594,0.017173,0.15668,NORMAL
2024-01-29,189.8609,0.0,0.963327,0.181453,0.021428,0.085438,NORMAL
2024-01-29,190.0358,0.000921,0.970942,0.124403,0.022424,0.063216,NORMAL
2024-01-29,190.0358,0.0,0.978678,0.087913,0.021303,0.047947,NORMAL
2024-01-29,189.8609,-0.000921,0.986538,0.113477,0.018704,0.056613,NORMAL
2024-01-29,190.0358,0.000921,0.994526,0.077812,0.014898,0.040064,NORMAL
2024-01-29,190.0358,0.0,1.002644,0.053081,0.012714,0.028861,NORMAL
2024-01-29,190.0358,0.0,1.010896,0.051599,0.011103,0.027301,NORMAL
2024-01-29,190.0358,0.0,1.019284,0.052184,0.010583,0.027224,NORMAL
2024-01-29,190.0358,0.0,1.027814,0.043396,0.009791,0.023233,NORMAL
2024-01-30,188.8029,-0.006509,1.203009,0.239729,0.013742,0.104137,NORMAL
2024-01-30,188.8029,0.0,1.18859,0.119615,0.016038,0.057469,NORMAL
2024-01-30,188.9768,0.000921,1.174513,0.108166,0.017389,0.0537,NORMAL
2024-01-30,188.9768,0.0,1.160766,0.078748,0.018311,0.042486,NORMAL
2024-01-30,188.8029,-0.000921,1.147337,0.107261,0.01862,0.054076,NORMAL
2024-01-30,188.9768,0.000921,1.134214,0.086455,0.018307,0.045566,NORMAL
2024-01-30,188.9768,0.0,1.121389,0.045692,0.016907,0.028421,NORMAL
2024-01-30,188.9768,0.0,1.10885,0.034714,0.014784,0.022756,NORMAL
2024-01-30,188.9768,0.0,1.096589,0.032668,0.013224,0.021002,NORMAL
2024-01-30,188.9768,0.0,1.084596,0.041539,0.014979,0.025603,NORMAL
2024-01-31,184.9465,-0.021558,1.068361,0.5028,0.027166,0.21742,NORMAL
2024-01-31,184.9465,0.0,1.059866,0.268892,0.029038,0.124979,NORMAL
2024-01-31,184.9465,0.0,1.051506,0.227194,0.023544,0.105004,NORMAL
2024-01-31,185.1169,0.000921,1.043276,0.181595,0.019764,0.084496,NORMAL
2024-01-31,185.1169,0.0,1.035174,0.138508,0.018773,0.066667,NORMAL
2024-01-31,185.1169,0.0,1.027197,0.130339,0.019315,0.063725,NORMAL
2024-01-31,185.1169,0.0,1.019343,0.132193,0.019808,0.064762,NORMAL
2024-01-31,185.1169,0.0,1.011607,0.120675,0.019328,0.059867,NORMAL
2024-01-31,185.1169,0.0,1.003988,0.121223,0.017321,0.058882,NORMAL
2024-01-31,185.1169,0.0,0.996482,0.122657,0.014761,0.057919,NORMAL
2024-02-01,182.0983,-0.016441,1.156295,0.51226,0.022868,0.218625,NORMAL
2024-02-01,181.9307,-0.000921,1.14707,0.287525,0.031615,0.133979,NORMAL
2024-02-01,181.9307,0.0,1.137991,0.240382,0.039446,0.119821,NORMAL
2024-02-01,182.0983,0.000921,1.129054,0.194564,0.043215,0.103755,NORMAL
2024-02-01,181.9307,-0.000921,1.120257,0.203379,0.044221,0.107885,NORMAL
2024-02-01,182.0983,0.000921,1.111596,0.173027,0.044907,0.096155,NORMAL
2024-02-01,182.0983,0.0,1.103067,0.123338,0.045605,0.076698,NORMAL
2024-02-01,182.0983,0.0,1.094669,0.111413,0.046363,0.072383,NORMAL
2024-02-01,182.0983,0.0,1.086397,0.09987,0.0471,0.068208,NORMAL
2024-02-01,182.0983,0.0,1.07825,0.072753,0.049189,0.058614,NORMAL
2024-02-02,177.8469,-0.023624,1.640019,0.7353,0.090533,0.34844,NORMAL
2024-02-02,177.8469,0.0,1.580515,0.470607,0.114873,0.257166,NORMAL
2024-02-02,177.8469,0.0,1.525178,0.400125,0.117235,0.230391,NORMAL
2024-02-02,178.0107,0.000921,1.473584,0.354922,0.099539,0.201692,NORMAL
2024-02-02,178.0107,0.0,1.425367,0.299013,0.080968,0.168186,NORMAL
2024-02-02,178.0108,1e-06,1.380205,0.272763,0.073911,0.153452,NORMAL
2024-02-02,178.0107,-1e-06,1.337818,0.255886,0.075034,0.147375,NORMAL
2024-02-02,178.0107,0.0,1.297956,0.22766,0.078864,0.138383,NORMAL
2024-02-02,178.0107,0.0,1.260401,0.187766,0.079988,0.123099,NORMAL
2024-02-02,178.0107,0.0,1.224958,0.165027,0.076831,0.11211,NORMAL
2024-02-05,186.2155,0.045061,0.829808,0.59331,0.116497,0.307222,NORMAL
2024-02-05,186.0441,-0.000921,0.827451,0.262598,0.120161,0.177136,NORMAL
2024-02-05,186.0441,0.0,0.825107,0.217607,0.1112,0.153763,NORMAL
2024-02-05,186.0441,0.0,0.822777,0.216756,0.094372,0.143326,NORMAL
2024-02-05,186.2155,0.000921,0.820459,0.250782,0.078237,0.147255,NORMAL
2024-02-05,186.2155,0.0,0.818155,0.228058,0.067887,0.131955,NORMAL
2024-02-05,186.2155,0.0,0.815863,0.238053,0.064052,0.133653,NORMAL
2024-02-05,186.2155,0.0,0.813585,0.265848,0.064335,0.14494,NORMAL
2024-02-05,186.2155,0.0,0.811319,0.284554,0.067083,0.154071,NORMAL
2024-02-05,186.2155,0.0,0.809065,0.305179,0.074457,0.166746,NORMAL
2024-02-06,184.9388,-0.00688,0.522995,0.550527,0.092494,0.275707,NORMAL
2024-02-06,184.7685,-0.000921,0.542251,0.426757,0.112981,0.238491,NORMAL
2024-02-06,184.7685,0.0,0.56298,0.373186,0.128868,0.226595,NORMAL
2024-02-06,184.7686,1e-06,0.585356,0.345081,0.133683,0.218242,NORMAL
2024-02-06,184.9388,0.000921,0.609584,0.342595,0.124826,0.211933,NORMAL
2024-02-06,184.9388,0.0,0.635905,0.292325,0.111337,0.183732,NORMAL
2024-02-06,184.9388,0.0,0.664601,0.27321,0.099236,0.168826,NORMAL
2024-02-06,184.9388,0.0,0.69601,0.227438,0.089867,0.144895,NORMAL
2024-02-06,184.9388,0.0,0.730535,0.164165,0.079509,0.113371,NORMAL
2024-02-06,184.9388,0.0,0.768663,0.095093,0.075081,0.083086,NORMAL
2024-02-07,188.5062,0.019106,0.958232,0.397347,0.066364,0.198757,NORMAL
2024-02-07,188.5062,0.0,0.972382,0.078637,0.061984,0.068645,NORMAL
2024-02-07,188.5062,0.0,0.986955,0.04854,0.06179,0.05649,NORMAL
2024-02-07,188.6799,0.000921,1.001972,0.064958,0.063954,0.064356,NORMAL
2024-02-07,188.6799,0.0,1.017453,0.034577,0.065432,0.05309,NORMAL
2024-02-07,188.6799,0.0,1.033419,0.030705,0.067289,0.052655,NORMAL
2024-02-07,188.6799,0.0,1.049895,0.028999,0.070792,0.054074,NORMAL
2024-02-07,188.6799,0.0,1.066905,0.033434,0.073796,0.057651,NORMAL
2024-02-07,188.6799,0.0,1.084475,0.042473,0.067243,0.057335,NORMAL
2024-02-07,188.6799,0.0,1.102633,0.04412,0.052457,0.049122,NORMAL
2024-02-08,187.2702,-0.007499,0.8474,0.261737,0.049245,0.134242,NORMAL
2024-02-08,187.2702,0.0,0.849622,0.107343,0.044925,0.069892,NORMAL
2024-02-08,187.2702,0.0,0.851856,0.092405,0.040432,0.061221,NORMAL
2024-02-08,187.4427,0.000921,0.854102,0.11206,0.039007,0.068228,NORMAL
2024-02-08,187.4427,0.0,0.85636,0.078256,0.039649,0.055092,NORMAL
2024-02-08,187.4427,0.0,0.858629,0.072894,0.041098,0.053817,NORMAL
2024-02-08,187.4427,0.0,0.860911,0.061166,0.042597,0.050025,NORMAL
2024-02-08,187.4427,0.0,0.863205,0.056881,0.043146,0.04864,NORMAL
2024-02-08,187.4428,1e-06,0.865511,0.048973,0.04173,0.044627,NORMAL
2024-02-08,187.4428,0.0,0.86783,0.043537,0.037081,0.039663,NORMAL
2024-02-09,186.9486,-0.00264,0.965137,0.070216,0.0401,0.052146,NORMAL
2024-02-09,186.9486,0.0,0.973758,0.022054,0.042455,0.034295,NORMAL
2024-02-09,186.9486,0.0,0.982533,0.017796,0.04306,0.032954,NORMAL
2024-02-09,186.9486,0.0,0.991469,0.017366,0.042912,0.032694,NORMAL
2024-02-09,186.9486,0.0,1.000568,0.013906,0.042481,0.031051,NORMAL
2024-02-09,186.9486,0.0,1.009836,0.007982,0.041293,0.027968,NORMAL
2024-02-09,186.9486,0.0,1.019278,0.017383,0.036904,0.029095,NORMAL
2024-02-09,186.7766,-0.00092,1.028897,0.07133,0.030014,0.04654,NORMAL
2024-02-09,186.7765,-1e-06,1.0387,0.046432,0.023276,0.032538,NORMAL
2024-02-09,186.7765,0.0,1.048692,0.063315,0.016376,0.035152,NORMAL
2024-02-12,186.5488,-0.00122,0.969427,0.104756,0.018898,0.053241,NORMAL
2024-02-12,186.5488,0.0,0.968506,0.068554,0.020284,0.039592,NORMAL
2024-02-12,186.7207,0.000921,0.967586,0.060874,0.020252,0.036501,NORMAL
2024-02-12,186.7207,0.0,0.966668,0.0346,0.019409,0.025486,NORMAL
2024-02-12,186.5488,-0.000921,0.965752,0.070894,0.018316,0.039347,NORMAL
2024-02-12,186.7207,0.000921,0.964838,0.06834,0.018029,0.038154,NORMAL
2024-02-12,186.7207,0.0,0.963926,0.045529,0.018431,0.02927,NORMAL
2024-02-12,186.7207,0.0,0.963015,0.046225,0.018465,0.029569,NORMAL
2024-02-12,186.7207,0.0,0.962106,0.049803,0.015691,0.029336,NORMAL
2024-02-12,186.7207,0.0,0.961198,0.063312,0.008164,0.030223,NORMAL
2024-02-13,183.9251,-0.015085,1.283674,0.477671,0.022338,0.204471,NORMAL
2024-02-13,183.9251,0.0,1.267308,0.235782,0.026652,0.110304,NORMAL
2024-02-13,184.0946,0.000921,1.251353,0.184388,0.023714,0.087983,NORMAL
2024-02-13,184.0946,0.0,1.235795,0.126122,0.021548,0.063378,NORMAL
2024-02-13,183.9251,-0.000921,1.22062,0.149209,0.021683,0.072693,NORMAL
2024-02-13,184.0946,0.000921,1.205812,0.121161,0.021519,0.061376,NORMAL
2024-02-13,184.0946,0.0,1.19136,0.093119,0.019636,0.049029,NORMAL
2024-02-13,184.0946,0.0,1.17725,0.090071,0.017011,0.046235,NORMAL
2024-02-13,184.0946,0.0,1.16347,0.082086,0.014693,0.041651,NORMAL
2024-02-13,184.0946,0.0,1.150009,0.069991,0.012697,0.035615,NORMAL
2024-02-14,183.6487,-0.002425,1.097039,0.121146,0.013919,0.056809,NORMAL
2024-02-14,183.6486,-1e-06,1.083067,0.06898,0.016169,0.037293,NORMAL
2024-02-14,183.6486,0.0,1.069446,0.056976,0.018953,0.034162,NORMAL
2024-02-14,183.6487,1e-06,1.056163,0.056803,0.021653,0.035713,NORMAL
2024-02-14,183.6486,-1e-06,1.043207,0.044671,0.023956,0.032242,NORMAL
2024-02-14,183.6487,1e-06,1.030564,0.041536,0.025812,0.032101,NORMAL
2024-02-14,183.4796,-0.000921,1.018224,0.082852,0.027428,0.049598,NORMAL
2024-02-14,183.4796,0.0,1.006177,0.045897,0.027517,0.034869,NORMAL
2024-02-14,183.4796,0.0,0.994411,0.05873,0.026671,0.039494,NORMAL
2024-02-14,183.6487,0.000921,0.982917,0.067127,0.024693,0.041666,NORMAL
2024-02-15,181.8946,-0.009597,1.167947,0.326392,0.027596,0.147114,NORMAL
2024-02-15,181.7272,-0.000921,1.158738,0.189706,0.027232,0.092222,NORMAL
2024-02-15,181.7272,0.0,1.149673,0.145604,0.025916,0.073792,NORMAL
2024-02-15,181.8946,0.000921,1.140749,0.097767,0.023814,0.053395,NORMAL
2024-02-15,181.7272,-0.000921,1.131962,0.100226,0.022597,0.053649,NORMAL
2024-02-15,181.8946,0.000921,1.12331,0.065126,0.024801,0.040931,NORMAL
2024-02-15,181.8946,0.0,1.114789,0.032168,0.027334,0.029268,NORMAL
2024-02-15,181.8946,0.0,1.106396,0.032824,0.027128,0.029406,NORMAL
2024-02-15,181.8946,0.0,1.098129,0.028625,0.020783,0.02392,NORMAL
2024-02-15,181.8946,0.0,1.089985,0.02624,0.011043,0.017122,NORMAL
2024-02-16,181.5985,-0.001629,0.83214,0.088409,0.015469,0.044645,NORMAL
2024-02-16,181.5985,0.0,0.835549,0.041746,0.017044,0.026925,NORMAL
2024-02-16,181.7658,0.000921,0.838985,0.056029,0.017256,0.032766,NORMAL
2024-02-16,181.7658,0.0,0.84245,0.033572,0.017063,0.023667,NORMAL
2024-02-16,181.5985,-0.000921,0.845944,0.060537,0.017016,0.034425,NORMAL
2024-02-16,181.7658,0.000921,0.849467,0.055738,0.017634,0.032876,NORMAL
2024-02-16,181.7658,0.0,0.853019,0.028532,0.018786,0.022685,NORMAL
2024-02-16,181.7657,-1e-06,0.856601,0.029534,0.020161,0.02391,NORMAL
2024-02-16,181.7658,1e-06,0.860213,0.029915,0.021369,0.024787,NORMAL
2024-02-16,181.7658,0.0,0.863856,0.06924,0.022838,0.041399,NORMAL
2024-02-20,179.9847,-0.009847,0.941418,0.285168,0.028764,0.131326,NORMAL
2024-02-20,180.1505,0.000921,0.951238,0.117418,0.029932,0.064926,NORMAL
2024-02-20,180.1505,0.0,0.961264,0.070398,0.028873,0.045483,NORMAL
2024-02-20,180.1505,0.0,0.971504,0.059313,0.026082,0.039374,NORMAL
2024-02-20,180.1505,0.0,0.981964,0.047779,0.022623,0.032686,NORMAL
2024-02-20,180.1505,0.0,0.992652,0.044529,0.019851,0.029722,NORMAL
2024-02-20,180.1505,0.0,1.003576,0.034605,0.018112,0.024709,NORMAL
2024-02-20,179.9846,-0.000921,1.014742,0.068866,0.016998,0.037745,NORMAL
2024-02-20,179.9847,1e-06,1.02616,0.037223,0.014751,0.02374,NORMAL
2024-02-20,180.1505,0.000921,1.037838,0.037171,0.010847,0.021376,NORMAL
2024-02-21,180.1331,-9.7e-05,0.806617,0.054957,0.016619,0.031954,NORMAL
2024-02-21,180.2992,0.000922,0.813262,0.074119,0.019024,0.041062,NORMAL
2024-02-21,180.1332,-0.000921,0.820017,0.061909,0.018859,0.036079,NORMAL
2024-02-21,180.1332,0.0,0.826885,0.043416,0.018792,0.028642,NORMAL
2024-02-21,180.2991,0.000921,0.833869,0.071266,0.018414,0.039555,NORMAL
2024-02-21,180.2992,1e-06,0.840972,0.045827,0.019188,0.029844,NORMAL
2024-02-21,180.2991,-1e-06,0.848198,0.048579,0.01974,0.031276,NORMAL
2024-02-21,180.2991,0.0,0.855548,0.043668,0.018822,0.02876,NORMAL
2024-02-21,180.2991,0.0,0.863027,0.048358,0.016084,0.028993,NORMAL
2024-02-21,180.2991,0.0,0.870638,0.067937,0.014788,0.036048,NORMAL
2024-02-22,181.6578,0.007508,1.102052,0.224883,0.018567,0.101093,NORMAL
2024-02-22,181.6579,1e-06,1.10365,0.056027,0.018791,0.033685,NORMAL
2024-02-22,181.6579,0.0,1.105251,0.036673,0.018514,0.025778,NORMAL
2024-02-22,181.8252,0.000921,1.106858,0.050824,0.018395,0.031367,NORMAL
2024-02-22,181.8252,0.0,1.108469,0.015569,0.018891,0.017562,NORMAL
2024-02-22,181.8252,0.0,1.110085,0.009372,0.021636,0.016731,NORMAL
2024-02-22,181.8253,1e-06,1.111706,0.01118,0.024986,0.019464,NORMAL
2024-02-22,181.8252,-1e-06,1.113331,0.013565,0.026847,0.021534,NORMAL
2024-02-22,181.8253,1e-06,1.114961,0.014825,0.025338,0.021133,NORMAL
2024-02-22,181.8252,-1e-06,1.116596,0.016916,0.019514,0.018475,NORMAL
2024-02-23,183.3414,0.008304,0.959601,0.242154,0.019876,0.108787,NORMAL
2024-02-23,183.1727,-0.000921,0.955792,0.059136,0.018264,0.034613,NORMAL
2024-02-23,183.1726,-1e-06,0.952012,0.018749,0.016238,0.017243,NORMAL
2024-02-23,183.3414,0.000921,0.948262,0.033925,0.014993,0.022566,NORMAL
2024-02-23,183.1727,-0.000921,0.944542,0.044573,0.014792,0.026704,NORMAL
2024-02-23,183.3415,0.000921,0.940851,0.030929,0.01572,0.021804,NORMAL
2024-02-23,183.3414,-1e-06,0.937188,0.009823,0.016543,0.013855,NORMAL
2024-02-23,183.3414,0.0,0.933554,0.002336,0.01535,0.010144,NORMAL
2024-02-23,183.3414,0.0,0.929948,0.007218,0.011217,0.009617,NORMAL
2024-02-23,183.3415,1e-06,0.926369,0.006712,0.008313,0.007673,NORMAL
2024-02-26,180.4302,-0.016007,0.849021,0.347347,0.020748,0.151388,NORMAL
2024-02-26,180.4302,0.0,0.859218,0.080298,0.026185,0.04783,NORMAL
2024-02-26,180.4302,0.0,0.869663,0.066142,0.027005,0.04266,NORMAL
2024-02-26,180.5964,0.000921,0.880365,0.064294,0.0251,0.040778,NORMAL
2024-02-26,180.5964,0.0,0.891333,0.049183,0.023791,0.033948,NORMAL
2024-02-26,180.5964,0.0,0.902578,0.048591,0.022809,0.033122,NORMAL
2024-02-26,180.5964,0.0,0.914111,0.053671,0.021917,0.034618,NORMAL
2024-02-26,180.5964,0.0,0.925942,0.048803,0.020434,0.031782,NORMAL
2024-02-26,180.5964,0.0,0.938083,0.05722,0.017508,0.033393,NORMAL
2024-02-26,180.5964,0.0,0.950547,0.047821,0.012412,0.026576,NORMAL
2024-02-27,179.3015,-0.007196,1.250046,0.267052,0.02035,0.119031,NORMAL
2024-02-27,179.3015,0.0,1.236953,0.127083,0.022946,0.064601,NORMAL
2024-02-27,179.4667,0.000921,1.224131,0.1315,0.02247,0.066082,NORMAL
2024-02-27,179.4667,0.0,1.211572,0.109442,0.021013,0.056385,NORMAL
2024-02-27,179.3015,-0.000921,1.199269,0.138209,0.020139,0.067367,NORMAL
2024-02-27,179.4667,0.000921,1.187212,0.122984,0.019438,0.060856,NORMAL
2024-02-27,179.4667,0.0,1.175396,0.076689,0.019032,0.042095,NORMAL
2024-02-27,179.4667,0.0,1.163813,0.061407,0.018604,0.035725,NORMAL
2024-02-27,179.4667,0.0,1.152455,0.043235,0.017702,0.027915,NORMAL
2024-02-27,179.4667,0.0,1.141318,0.041596,0.016137,0.026321,NORMAL
2024-02-28,180.6975,0.006835,1.019927,0.135178,0.020762,0.066528,NORMAL
2024-02-28,180.6975,0.0,1.011407,0.020008,0.022855,0.021716,NORMAL
2024-02-28,180.864,0.000921,1.003028,0.037172,0.02324,0.028813,NORMAL
2024-02-28,180.864,0.0,0.994787,0.018179,0.023072,0.021115,NORMAL
2024-02-28,180.6975,-0.000921,0.98668,0.048347,0.023706,0.033562,NORMAL
2024-02-28,180.864,0.000921,0.978704,0.04336,0.024768,0.032205,NORMAL
2024-02-28,180.864,0.0,0.970856,0.02569,0.025343,0.025482,NORMAL
2024-02-28,180.864,0.0,0.963133,0.023913,0.024163,0.024063,NORMAL
2024-02-28,180.864,0.0,0.955532,0.01985,0.020137,0.020022,NORMAL
2024-02-28,180.864,0.0,0.94805,0.01878,0.014376,0.016138,NORMAL
2024-02-29,179.4698,-0.007738,2.451504,0.487912,0.210107,0.321229,NORMAL
2024-02-29,179.4698,0.0,2.282884,0.356885,0.182516,0.252264,NORMAL
2024-02-29,179.4698,0.0,2.135967,0.339923,0.164704,0.234792,NORMAL
2024-02-29,179.6352,0.000921,2.006817,0.365862,0.143966,0.232724,NORMAL
2024-02-29,179.6352,0.0,1.892395,0.324373,0.119767,0.201609,NORMAL
2024-02-29,179.6352,0.0,1.790316,0.298107,0.110996,0.18584,NORMAL
2024-02-29,179.6352,0.0,1.698687,0.264652,0.122139,0.179144,NORMAL
2024-02-29,179.6352,0.0,1.61598,0.225447,0.139039,0.173602,NORMAL
2024-02-29,179.6352,0.0,1.540953,0.17485,0.148258,0.158895,NORMAL
2024-02-29,179.6352,0.0,1.472583,0.140259,0.151473,0.146987,NORMAL
2024-03-01,177.9307,-0.009534,0.782181,0.325288,0.156529,0.224032,NORMAL
2024-03-01,177.7669,-0.000921,0.77208,0.203321,0.156793,0.175404,NORMAL
2024-03-01,177.7669,0.0,0.762236,0.160656,0.155811,0.157749,NORMAL
2024-03-01,177.9307,0.000921,0.75264,0.14219,0.150877,0.147402,NORMAL
2024-03-01,177.7669,-0.000921,0.743283,0.145675,0.143105,0.144133,NORMAL
2024-03-01,177.9307,0.000921,0.734155,0.127807,0.134824,0.132017,NORMAL
2024-03-01,177.9307,0.0,0.725249,0.104638,0.126428,0.117712,NORMAL
2024-03-01,177.9307,0.0,0.716557,0.108525,0.118945,0.114777,NORMAL
2024-03-01,177.9307,0.0,0.70807,0.106183,0.113058,0.110308,NORMAL
2024-03-01,177.9307,0.0,0.699782,0.104072,0.109543,0.107355,NORMAL
2024-03-04,174.4007,-0.020039,0.796275,0.502199,0.113535,0.269001,NORMAL
2024-03-04,174.4006,-1e-06,0.818328,0.246409,0.117622,0.169137,NORMAL
2024-03-04,174.4006,0.0,0.841638,0.207074,0.124287,0.157402,NORMAL
2024-03-04,174.5613,0.000921,0.866314,0.156095,0.134163,0.142936,NORMAL
2024-03-04,174.5613,0.0,0.892482,0.115718,0.147518,0.134798,NORMAL
2024-03-04,174.5614,1e-06,0.920279,0.116168,0.162505,0.14397,NORMAL
2024-03-04,174.5613,-1e-06,0.949863,0.110353,0.174498,0.14884,NORMAL
2024-03-04,174.5613,0.0,0.981413,0.10547,0.165137,0.14127,NORMAL
2024-03-04,174.5613,0.0,1.01513,0.111461,0.119266,0.116144,NORMAL
2024-03-04,174.5613,0.0,1.051247,0.092844,0.118563,0.108276,NORMAL
2024-03-05,169.0642,-0.031997,1.210104,0.702398,0.111691,0.347974,NORMAL
2024-03-05,169.0642,0.0,1.193728,0.429307,0.103764,0.233981,NORMAL
2024-03-05,169.0642,0.0,1.177789,0.366699,0.099911,0.206626,NORMAL
2024-03-05,169.22,0.000921,1.162271,0.34907,0.105619,0.202999,NORMAL
2024-03-05,169.22,0.0,1.147156,0.291503,0.112862,0.184318,NORMAL
2024-03-05,169.2199,-1e-06,1.132429,0.293895,0.127608,0.194123,NORMAL
2024-03-05,169.22,1e-06,1.118075,0.264039,0.145728,0.193052,NORMAL
2024-03-05,169.22,0.0,1.104081,0.244107,0.149143,0.187129,NORMAL
2024-03-05,169.2199,-1e-06,1.090433,0.230262,0.12105,0.164735,NORMAL
2024-03-05,169.22,1e-06,1.077118,0.206857,0.077575,0.129288,NORMAL
2024-03-06,169.3612,0.000834,0.782294,0.24154,0.08206,0.145852,NORMAL
2024-03-06,169.3612,0.0,0.788102,0.207238,0.087137,0.135177,NORMAL
2024-03-06,169.3612,0.0,0.793996,0.199617,0.089786,0.133719,NORMAL
2024-03-06,169.5172,0.000921,0.79998,0.22529,0.090729,0.144553,NORMAL
2024-03-06,169.5173,1e-06,0.806054,0.185177,0.088606,0.127234,NORMAL
2024-03-06,169.5172,-1e-06,0.812222,0.161705,0.084312,0.115269,NORMAL
2024-03-06,169.5172,0.0,0.818485,0.148772,0.078924,0.106863,NORMAL
2024-03-06,169.5172,0.0,0.824844,0.122859,0.073154,0.093036,NORMAL
2024-03-06,169.5172,0.0,0.831304,0.074286,0.067331,0.070113,NORMAL
2024-03-06,169.5172,0.0,0.837865,0.077455,0.064198,0.069501,NORMAL
2024-03-07,167.4702,-0.012149,0.889374,0.374798,0.072413,0.193367,NORMAL
2024-03-07,167.4702,0.0,0.902441,0.180492,0.077808,0.118882,NORMAL
2024-03-07,167.6245,0.000921,0.915897,0.119736,0.077326,0.09429,NORMAL
2024-03-07,167.6245,0.0,0.929761,0.067994,0.072142,0.070483,NORMAL
2024-03-07,167.4702,-0.000921,0.944051,0.094352,0.063248,0.07569,NORMAL
2024-03-07,167.6245,0.000921,0.958787,0.056675,0.054938,0.055633,NORMAL
2024-03-07,167.6245,0.0,0.973991,0.03381,0.051324,0.044318,NORMAL
2024-03-07,167.6245,0.0,0.989684,0.035709,0.050924,0.044838,NORMAL
2024-03-07,167.6245,0.0,1.005892,0.033062,0.049072,0.042668,NORMAL
2024-03-07,167.6245,0.0,1.022639,0.040528,0.034705,0.037034,NORMAL
2024-03-08,167.3217,-0.001808,1.080876,0.113425,0.026717,0.0614,NORMAL
2024-03-08,167.3217,0.0,1.075026,0.048335,0.023168,0.033235,NORMAL
2024-03-08,167.3217,0.0,1.069239,0.04136,0.022321,0.029937,NORMAL
2024-03-08,167.4758,0.000921,1.063514,0.056051,0.023282,0.03639,NORMAL
2024-03-08,167.4758,0.0,1.05785,0.028015,0.025128,0.026283,NORMAL
2024-03-08,167.4758,0.0,1.052246,0.02524,0.027711,0.026723,NORMAL
2024-03-08,167.4758,0.0,1.046701,0.024358,0.030793,0.028219,NORMAL
2024-03-08,167.4758,0.0,1.041214,0.020907,0.032425,0.027818,NORMAL
2024-03-08,167.4758,0.0,1.035785,0.022539,0.029346,0.026623,NORMAL
2024-03-08,167.4758,0.0,1.030412,0.061222,0.025644,0.039875,NORMAL
2024-03-11,171.2225,0.022125,0.818951,0.485707,0.034347,0.214891,NORMAL
2024-03-11,171.2226,1e-06,0.825486,0.163976,0.035673,0.086994,NORMAL
2024-03-11,171.3803,0.000921,0.832125,0.150554,0.036233,0.081962,NORMAL
2024-03-11,171.3803,0.0,0.838872,0.102333,0.038457,0.064008,NORMAL
2024-03-11,171.2226,-0.000921,0.845729,0.088543,0.038717,0.058647,NORMAL
2024-03-11,171.3803,0.000921,0.852699,0.076504,0.035808,0.052086,NORMAL
2024-03-11,171.3803,0.0,0.859786,0.05472,0.031004,0.040491,NORMAL
2024-03-11,171.3803,0.0,0.866991,0.056322,0.026323,0.038322,NORMAL
2024-03-11,171.3803,0.0,0.874317,0.057697,0.02314,0.036963,NORMAL
2024-03-11,171.3803,0.0,0.881769,0.058639,0.015889,0.032989,NORMAL
2024-03-12,171.4305,0.000293,0.887865,0.073959,0.014679,0.038391,NORMAL
2024-03-12,171.4305,0.0,0.898831,0.060501,0.014683,0.03301,NORMAL
2024-03-12,171.5884,0.000921,0.910072,0.085567,0.015813,0.043715,NORMAL
2024-03-12,171.5884,0.0,0.921597,0.060862,0.017409,0.03479,NORMAL
2024-03-12,171.4304,-0.000921,0.933418,0.105521,0.018845,0.053515,NORMAL
2024-03-12,171.5884,0.000921,0.945546,0.079078,0.019991,0.043626,NORMAL
2024-03-12,171.5884,0.0,0.957993,0.048013,0.020423,0.031459,NORMAL
2024-03-12,171.5884,0.0,0.970772,0.033108,0.020084,0.025293,NORMAL
2024-03-12,171.5884,0.0,0.983897,0.030206,0.019254,0.023635,NORMAL
2024-03-12,171.5884,0.0,0.997382,0.054636,0.02035,0.034064,NORMAL
2024-03-13,171.0542,-0.003118,0.880684,0.127066,0.022939,0.06459,NORMAL
2024-03-13,171.0542,0.0,0.886373,0.055254,0.024354,0.036714,NORMAL
2024-03-13,171.0542,0.0,0.892137,0.048826,0.025769,0.034992,NORMAL
2024-03-13,171.2118,0.000921,0.897975,0.086347,0.028778,0.051805,NORMAL
2024-03-13,171.2118,0.0,0.903891,0.062193,0.032072,0.04412,NORMAL
2024-03-13,171.2118,0.0,0.909885,0.060967,0.034534,0.045107,NORMAL
2024-03-13,171.2118,0.0,0.915959,0.061653,0.035126,0.045737,NORMAL
2024-03-13,171.2118,0.0,0.922114,0.056171,0.033008,0.042273,NORMAL
2024-03-13,171.2118,0.0,0.928353,0.053267,0.026783,0.037377,NORMAL
2024-03-13,171.2118,0.0,0.934677,0.053384,0.012089,0.028607,NORMAL
2024-03-14,171.3506,0.00081,1.28343,0.123192,0.020582,0.061626,NORMAL
2024-03-14,171.1929,-0.000921,1.268814,0.137942,0.024314,0.069765,NORMAL
2024-03-14,171.1928,-1e-06,1.254528,0.107895,0.025568,0.058499,NORMAL
2024-03-14,171.3506,0.000921,1.24056,0.12121,0.025819,0.063975,NORMAL
2024-03-14,171.1928,-0.000921,1.226899,0.130293,0.027055,0.068351,NORMAL
2024-03-14,171.3506,0.000921,1.213537,0.114229,0.027764,0.06235,NORMAL
2024-03-14,171.3506,0.0,1.200462,0.080467,0.028216,0.049116,NORMAL
2024-03-14,171.3506,0.0,1.187665,0.078826,0.028196,0.048448,NORMAL
2024-03-14,171.3506,0.0,1.175139,0.072091,0.027624,0.045411,NORMAL
2024-03-14,171.3506,0.0,1.162874,0.074886,0.026579,0.045902,NORMAL
2024-03-15,169.6262,-0.010115,1.840157,0.571772,0.067067,0.268949,NORMAL
2024-03-15,169.6263,1e-06,1.748629,0.404126,0.065819,0.201142,NORMAL
2024-03-15,169.6263,0.0,1.665776,0.342548,0.058965,0.172398,NORMAL
2024-03-15,169.6263,0.0,1.590418,0.282669,0.059032,0.148487,NORMAL
2024-03-15,169.6262,-1e-06,1.521584,0.229439,0.061837,0.128878,NORMAL
2024-03-15,169.6263,1e-06,1.45846,0.200328,0.067608,0.120696,NORMAL
2024-03-15,169.6263,0.0,1.400366,0.162149,0.073587,0.109012,NORMAL
2024-03-15,169.4701,-0.000921,1.346722,0.185894,0.07379,0.118632,NORMAL
2024-03-15,169.4701,0.0,1.297037,0.134756,0.071311,0.096689,NORMAL
2024-03-15,169.4701,0.0,1.250887,0.117396,0.066302,0.08674,NORMAL
2024-03-18,173.8264,0.025381,0.775685,0.495262,0.0847,0.248925,NORMAL
2024-03-18,173.8264,0.0,0.774616,0.133623,0.087115,0.105718,NORMAL
2024-03-18,173.9866,0.000921,0.77355,0.132669,0.088986,0.106459,NORMAL
2024-03-18,173.9866,0.0,0.772486,0.097116,0.090103,0.092908,NORMAL
2024-03-18,173.8264,-0.000921,0.771426,0.121726,0.088484,0.101781,NORMAL
2024-03-18,173.9866,0.000921,0.770368,0.115591,0.084055,0.09667,NORMAL
2024-03-18,173.9866,0.0,0.769314,0.093867,0.077284,0.083917,NORMAL
2024-03-18,173.9866,0.0,0.768262,0.09415,0.070239,0.079803,NORMAL
2024-03-18,173.9866,0.0,0.767213,0.106898,0.066435,0.08262,NORMAL
2024-03-18,173.9866,0.0,0.766167,0.115149,0.070996,0.088657,NORMAL
2024-03-19,172.6086,-0.007952,0.57907,0.395635,0.071912,0.201401,NORMAL
2024-03-19,172.6086,0.0,0.600004,0.239567,0.070635,0.138208,NORMAL
2024-03-19,172.7677,0.000921,0.622509,0.26013,0.06931,0.145638,NORMAL
2024-03-19,172.7676,-1e-06,0.646768,0.216743,0.068559,0.127833,NORMAL
2024-03-19,172.6086,-0.000921,0.672994,0.207329,0.06788,0.12366,NORMAL
2024-03-19,172.7677,0.000921,0.701438,0.196667,0.06647,0.118549,NORMAL
2024-03-19,172.7677,0.0,0.732391,0.133734,0.064177,0.092,NORMAL
2024-03-19,172.7676,-1e-06,0.766203,0.099989,0.059404,0.075638,NORMAL
2024-03-19,172.7676,0.0,0.803287,0.079952,0.049346,0.061589,NORMAL
2024-03-19,172.7677,1e-06,0.844144,0.047626,0.051787,0.050122,NORMAL
2024-03-20,174.1352,0.007884,0.830833,0.184278,0.043015,0.09952,NORMAL
2024-03-20,174.1352,0.0,0.845415,0.033425,0.039342,0.036975,NORMAL
2024-03-20,174.1352,0.0,0.860517,0.025473,0.039,0.033589,NORMAL
2024-03-20,174.1352,0.0,0.876169,0.021976,0.040308,0.032975,NORMAL
2024-03-20,174.1352,0.0,0.892401,0.017122,0.04211,0.032115,NORMAL
2024-03-20,174.1352,0.0,0.909246,0.017166,0.044076,0.033312,NORMAL
2024-03-20,173.9749,-0.000921,0.926739,0.050027,0.045588,0.047363,NORMAL
2024-03-20,173.9749,0.0,0.944918,0.019224,0.043195,0.033607,NORMAL
2024-03-20,173.9749,0.0,0.963825,0.021811,0.034603,0.029486,NORMAL
2024-03-20,174.1352,0.000921,0.983504,0.045344,0.01888,0.029466,NORMAL
2024-03-21,175.4532,0.00754,1.867172,0.466434,0.091629,0.241551,NORMAL
2024-03-21,175.2917,-0.000921,1.78709,0.317188,0.123265,0.200834,NORMAL
2024-03-21,175.2917,0.0,1.713595,0.260464,0.13386,0.184502,NORMAL
2024-03-21,175.4532,0.000921,1.645906,0.252471,0.126566,0.176928,NORMAL
2024-03-21,175.2917,-0.000921,1.583362,0.235424,0.108082,0.159019,NORMAL
2024-03-21,175.4532,0.000921,1.525397,0.201937,0.090259,0.13493,NORMAL
2024-03-21,175.4532,0.0,1.471526,0.142437,0.078528,0.104091,NORMAL
2024-03-21,175.4532,0.0,1.42133,0.118294,0.072441,0.090782,NORMAL
2024-03-21,175.4532,0.0,1.374446,0.101616,0.069438,0.082309,NORMAL
2024-03-21,175.4532,0.0,1.330556,0.097842,0.068724,0.080371,NORMAL
2024-03-22,170.0543,-0.031255,0.881905,0.530735,0.086612,0.264261,NORMAL
2024-03-22,170.0543,0.0,0.872318,0.237968,0.096107,0.152851,NORMAL
2024-03-22,170.0543,0.0,0.862936,0.20963,0.103287,0.145824,NORMAL
2024-03-22,170.2109,0.00092,0.853755,0.198608,0.100996,0.140041,NORMAL
2024-03-22,170.2109,0.0,0.844766,0.159354,0.092045,0.118969,NORMAL
2024-03-22,170.2109,0.0,0.835965,0.164735,0.080625,0.114269,NORMAL
2024-03-22,170.2109,0.0,0.827345,0.167555,0.070548,0.109351,NORMAL
2024-03-22,170.2109,0.0,0.818902,0.168408,0.064214,0.105891,NORMAL
2024-03-22,170.211,1e-06,0.810629,0.177934,0.061585,0.108124,NORMAL
2024-03-22,170.211,0.0,0.802521,0.186795,0.060236,0.11086,NORMAL
2024-03-25,168.8761,-0.007874,0.630702,0.439543,0.062255,0.21317,NORMAL
2024-03-25,168.8761,0.0,0.650304,0.29433,0.063332,0.155732,NORMAL
2024-03-25,169.0317,0.000921,0.671164,0.292226,0.062814,0.154579,NORMAL
2024-03-25,169.0317,0.0,0.693407,0.226427,0.062193,0.127887,NORMAL
2024-03-25,168.8761,-0.000921,0.717175,0.25037,0.062915,0.137897,NORMAL
2024-03-25,169.0317,0.000921,0.74263,0.223255,0.064767,0.128162,NORMAL
2024-03-25,169.0317,0.0,0.769958,0.158162,0.066271,0.103027,NORMAL
2024-03-25,169.0317,0.0,0.799374,0.132675,0.061099,0.08973,NORMAL
2024-03-25,169.0317,0.0,0.831128,0.07577,0.044134,0.056788,NORMAL
2024-03-25,169.0317,0.0,0.865508,0.041284,0.04389,0.042847,NORMAL
2024-03-26,168.3117,-0.004269,0.925088,0.154671,0.035946,0.083436,NORMAL
2024-03-26,168.3117,0.0,0.935472,0.062998,0.031941,0.044364,NORMAL
2024-03-26,168.4668,0.000921,0.946091,0.052474,0.031455,0.039863,NORMAL
2024-03-26,168.4668,0.0,0.956954,0.022409,0.03347,0.029046,NORMAL
2024-03-26,168.3117,-0.000921,0.96807,0.072107,0.036733,0.050883,NORMAL
2024-03-26,168.4668,0.000921,0.979446,0.056347,0.040017,0.046549,NORMAL
2024-03-26,168.4668,0.0,0.991094,0.02611,0.044514,0.037153,NORMAL
2024-03-26,168.4668,0.0,1.003022,0.021317,0.049461,0.038203,NORMAL
2024-03-26,168.4668,0.0,1.01524,0.02808,0.045216,0.038362,NORMAL
2024-03-26,168.4668,0.0,1.02776,0.035942,0.023018,0.028188,NORMAL
2024-03-27,168.7177,0.001488,1.073671,0.089731,0.020467,0.048172,NORMAL
2024-03-27,168.7177,0.0,1.067978,0.048138,0.020012,0.031262,NORMAL
2024-03-27,168.7177,0.0,1.062345,0.048025,0.020579,0.031558,NORMAL
2024-03-27,168.8731,0.000921,1.056771,0.05335,0.022394,0.034776,NORMAL
2024-03-27,168.8731,0.0,1.051255,0.02837,0.024125,0.025823,NORMAL
2024-03-27,168.8731,0.0,1.045797,0.029014,0.025271,0.026768,NORMAL
2024-03-27,168.8731,0.0,1.040395,0.030252,0.025143,0.027187,NORMAL
2024-03-27,168.8731,0.0,1.035048,0.03098,0.022819,0.026083,NORMAL
2024-03-27,168.8731,0.0,1.029757,0.034142,0.018148,0.024546,NORMAL
2024-03-27,168.8731,0.0,1.024519,0.039189,0.016558,0.02561,NORMAL
2024-03-28,170.201,0.007833,1.108492,0.219538,0.017109,0.09808,NORMAL
2024-03-28,170.0443,-0.000921,1.100796,0.07175,0.016367,0.03852,NORMAL
2024-03-28,170.0444,1e-06,1.093206,0.034336,0.016484,0.023625,NORMAL
2024-03-28,170.201,0.000921,1.08572,0.058449,0.017055,0.033613,NORMAL
2024-03-28,170.0443,-0.000921,1.078335,0.060929,0.016781,0.03444,NORMAL
2024-03-28,170.201,0.000921,1.071051,0.057237,0.014718,0.031725,NORMAL
2024-03-28,170.201,0.0,1.063864,0.027691,0.010488,0.017369,NORMAL
2024-03-28,170.201,0.0,1.056773,0.026631,0.005993,0.014248,NORMAL
2024-03-28,170.201,0.0,1.049776,0.024758,0.003997,0.012302,NORMAL
2024-03-28,170.201,0.0,1.042871,0.023745,0.0034,0.011538,NORMAL
2024-04-01,169.4899,-0.004187,0.742564,0.181022,0.015778,0.081876,NORMAL
2024-04-01,169.4899,0.0,0.751027,0.084242,0.019433,0.045357,NORMAL
2024-04-01,169.4899,0.0,0.759684,0.07675,0.019272,0.042263,NORMAL
2024-04-01,169.6461,0.000921,0.768543,0.115861,0.017836,0.057046,NORMAL
2024-04-01,169.6461,0.0,0.777611,0.082292,0.015356,0.042131,NORMAL
2024-04-01,169.646,-1e-06,0.786896,0.087359,0.013577,0.04309,NORMAL
2024-04-01,169.6461,1e-06,0.796405,0.089132,0.012166,0.042953,NORMAL
2024-04-01,169.6461,0.0,0.806147,0.077745,0.011521,0.038011,NORMAL
2024-04-01,169.6461,0.0,0.81613,0.070515,0.011701,0.035226,NORMAL
2024-04-01,169.6461,0.0,0.826364,0.068125,0.012017,0.03446,NORMAL
2024-04-02,167.5551,-0.012402,0.894632,0.350775,0.020406,0.152553,NORMAL
2024-04-02,167.4009,-0.000921,0.90809,0.198629,0.026343,0.095258,NORMAL
2024-04-02,167.4009,0.0,0.921958,0.153677,0.028606,0.078634,NORMAL
2024-04-02,167.4009,0.0,0.936258,0.125594,0.028281,0.067206,NORMAL
2024-04-02,167.5551,0.000921,0.951007,0.084622,0.027038,0.050072,NORMAL
2024-04-02,167.5551,0.0,0.966229,0.052153,0.026341,0.036666,NORMAL
2024-04-02,167.5551,0.0,0.981946,0.055161,0.026257,0.037819,NORMAL
2024-04-02,167.5551,0.0,0.998182,0.049534,0.026313,0.035601,NORMAL
2024-04-02,167.5551,0.0,1.014965,0.053351,0.025779,0.036808,NORMAL
2024-04-02,167.5551,0.0,1.032322,0.046206,0.024911,0.033429,NORMAL
2024-04-03,167.2677,-0.001717,0.996534,0.120798,0.022857,0.062034,NORMAL
2024-04-03,167.1138,-0.000921,0.995026,0.115231,0.021252,0.058844,NORMAL
2024-04-03,167.1138,0.0,0.993522,0.077245,0.020018,0.042909,NORMAL
2024-04-03,167.1137,-1e-06,0.992022,0.075579,0.019348,0.041841,NORMAL
2024-04-03,167.2677,0.000921,0.990527,0.062302,0.020141,0.037006,NORMAL
2024-04-03,167.2677,0.0,0.989037,0.028913,0.020878,0.024092,NORMAL
2024-04-03,167.2677,0.0,0.987551,0.022169,0.02029,0.021042,NORMAL
2024-04-03,167.2677,0.0,0.986069,0.019944,0.01716,0.018273,NORMAL
2024-04-03,167.2677,0.0,0.984592,0.0237,0.012132,0.016759,NORMAL
2024-04-03,167.2677,0.0,0.983119,0.042003,0.010632,0.023181,NORMAL
2024-04-04,168.5989,0.007927,1.102096,0.222552,0.014195,0.097538,NORMAL
2024-04-04,168.5988,-1e-06,1.09717,0.061954,0.015611,0.034148,NORMAL
2024-04-04,168.5989,1e-06,1.092289,0.040706,0.015915,0.025831,NORMAL
2024-04-04,168.7542,0.000921,1.087451,0.063229,0.01686,0.035408,NORMAL
2024-04-04,168.7542,0.0,1.082656,0.028064,0.017892,0.021961,NORMAL
2024-04-04,168.7542,0.0,1.077902,0.021707,0.018854,0.019995,NORMAL
2024-04-04,168.7542,0.0,1.07319,0.017279,0.01915,0.018402,NORMAL
2024-04-04,168.7542,0.0,1.06852,0.013616,0.018026,0.016262,NORMAL
2024-04-04,168.7542,0.0,1.063889,0.010645,0.014957,0.013232,NORMAL
2024-04-04,168.7542,0.0,1.059299,0.009514,0.010346,0.010013,NORMAL
2024-04-05,167.9058,-0.00504,0.835103,0.154263,0.019125,0.07318,NORMAL
2024-04-05,167.9058,0.0,0.839755,0.047458,0.019988,0.030976,NORMAL
2024-04-05,167.9058,0.0,0.84446,0.045459,0.016789,0.028257,NORMAL
2024-04-05,168.0605,0.000921,0.849218,0.076074,0.013737,0.038672,NORMAL
2024-04-05,168.0605,0.0,0.85403,0.036624,0.012667,0.02225,NORMAL
2024-04-05,168.0605,0.0,0.858896,0.036691,0.012829,0.022374,NORMAL
2024-04-05,168.0605,0.0,0.863819,0.030236,0.013839,0.020398,NORMAL
2024-04-05,168.0605,0.0,0.868798,0.035868,0.014984,0.023338,NORMAL
2024-04-05,168.0605,0.0,0.873835,0.027607,0.015542,0.020368,NORMAL
2024-04-05,168.0605,0.0,0.87893,0.03592,0.015684,0.023779,NORMAL
2024-04-08,167.5056,-0.003307,0.794754,0.180836,0.020099,0.084394,NORMAL
2024-04-08,167.5056,0.0,0.808733,0.094078,0.024092,0.052086,NORMAL
2024-04-08,167.5056,0.0,0.823212,0.078074,0.026776,0.047295,NORMAL
2024-04-08,167.5056,0.0,0.838219,0.064665,0.027434,0.042326,NORMAL
2024-04-08,167.5056,0.0,0.853784,0.057329,0.027619,0.039503,NORMAL
2024-04-08,167.5055,-1e-06,0.869937,0.056078,0.025666,0.037831,NORMAL
2024-04-08,167.5056,1e-06,0.886713,0.054088,0.02207,0.034877,NORMAL
2024-04-08,167.3514,-0.000921,0.90415,0.093446,0.018087,0.04823,NORMAL
2024-04-08,167.3514,0.0,0.922285,0.063313,0.014553,0.034057,NORMAL
2024-04-08,167.3514,0.0,0.941163,0.073638,0.01198,0.036643,NORMAL
2024-04-09,167.0247,-0.001954,1.065241,0.191192,0.012921,0.084229,NORMAL
2024-04-09,167.0246,-1e-06,1.064881,0.132592,0.013467,0.061117,NORMAL
2024-04-09,167.1785,0.000921,1.064521,0.054415,0.013952,0.030137,NORMAL
2024-04-09,167.1785,0.0,1.064162,0.023123,0.014445,0.017916,NORMAL
2024-04-09,167.0246,-0.000921,1.063802,0.080304,0.014878,0.041048,NORMAL
2024-04-09,167.1785,0.000921,1.063443,0.055887,0.015786,0.031827,NORMAL
2024-04-09,167.1785,0.0,1.063084,0.032851,0.016209,0.022866,NORMAL
2024-04-09,167.1785,0.0,1.062726,0.032798,0.015013,0.022127,NORMAL
2024-04-09,167.1785,0.0,1.062367,0.036256,0.0114,0.021342,NORMAL
2024-04-09,167.1786,1e-06,1.062009,0.043219,0.008206,0.022211,NORMAL
2024-04-10,167.1237,-0.000328,1.226971,0.104065,0.009887,0.047558,NORMAL
2024-04-10,167.1237,0.0,1.208648,0.082938,0.010248,0.039324,NORMAL
2024-04-10,167.2776,0.00092,1.190864,0.100626,0.009845,0.046157,NORMAL
2024-04-10,167.2776,0.0,1.173596,0.076038,0.009574,0.03616,NORMAL
2024-04-10,167.1237,-0.00092,1.156821,0.108057,0.008969,0.048604,NORMAL
2024-04-10,167.2776,0.00092,1.140519,0.095082,0.008225,0.042968,NORMAL
2024-04-10,167.2777,1e-06,1.124671,0.0769,0.007397,0.035199,NORMAL
2024-04-10,167.2776,-1e-06,1.109256,0.073387,0.006697,0.033373,NORMAL
2024-04-10,167.2777,1e-06,1.094259,0.07286,0.006703,0.033165,NORMAL
2024-04-10,167.2776,-1e-06,1.079662,0.074386,0.008539,0.034878,NORMAL
2024-04-11,166.8218,-0.002729,1.878653,0.456893,0.058862,0.218074,NORMAL
2024-04-11,166.8217,-1e-06,1.788807,0.382747,0.063167,0.190999,NORMAL
2024-04-11,166.8218,1e-06,1.707162,0.35324,0.049852,0.171208,NORMAL
2024-04-11,166.8218,0.0,1.632645,0.322518,0.041707,0.154031,NORMAL
2024-04-11,166.8218,0.0,1.56436,0.272094,0.040179,0.132945,NORMAL
2024-04-11,166.8218,0.0,1.501559,0.234611,0.042893,0.11958,NORMAL
2024-04-11,166.6682,-0.000921,1.443605,0.266364,0.047733,0.135185,NORMAL
2024-04-11,166.6682,0.0,1.389959,0.197197,0.052062,0.110116,NORMAL
2024-04-11,166.6682,0.0,1.340156,0.173892,0.05624,0.103301,NORMAL
2024-04-11,166.8218,0.000921,1.2938,0.141027,0.059536,0.092132,NORMAL
2024-04-12,172.6884,0.034563,1.392983,0.694027,0.085318,0.328801,NORMAL
2024-04-12,172.5294,-0.000921,1.345103,0.317167,0.095082,0.183916,NORMAL
2024-04-12,172.5294,0.0,1.300405,0.23722,0.100494,0.155185,NORMAL
2024-04-12,172.6884,0.000921,1.258582,0.219528,0.104446,0.150478,NORMAL
2024-04-12,172.5294,-0.000921,1.219365,0.196593,0.108338,0.14364,NORMAL
2024-04-12,172.6884,0.000921,1.182518,0.192417,0.113498,0.145066,NORMAL
2024-04-12,172.6884,0.0,1.147833,0.160665,0.118234,0.135206,NORMAL
2024-04-12,172.6884,0.0,1.115125,0.16284,0.121831,0.138235,NORMAL
2024-04-12,172.6884,0.0,1.084229,0.163437,0.125153,0.140467,NORMAL
2024-04-12,172.6884,0.0,1.054999,0.159965,0.131615,0.142955,NORMAL
2024-04-15,173.6185,0.005372,0.770017,0.325765,0.135571,0.211648,NORMAL
2024-04-15,173.6185,0.0,0.777154,0.213176,0.13794,0.168034,NORMAL
2024-04-15,173.7785,0.000921,0.784424,0.231622,0.141503,0.17755,NORMAL
2024-04-15,173.7785,0.0,0.791832,0.203298,0.141548,0.166248,NORMAL
2024-04-15,173.6185,-0.000921,0.799381,0.204761,0.137104,0.164167,NORMAL
2024-04-15,173.7785,0.000921,0.807075,0.18577,0.135146,0.155395,NORMAL
2024-04-15,173.7785,0.0,0.814918,0.120548,0.132098,0.127478,NORMAL
2024-04-15,173.7785,0.0,0.822916,0.098277,0.123093,0.113166,NORMAL
2024-04-15,173.7785,0.0,0.831072,0.050626,0.104373,0.082874,NORMAL
2024-04-15,173.7785,0.0,0.839391,0.02947,0.104102,0.074249,NORMAL
2024-04-16,170.0444,-0.021722,0.855085,0.426716,0.09711,0.228952,NORMAL
2024-04-16,170.201,0.000921,0.869181,0.17237,0.08929,0.122522,NORMAL
2024-04-16,170.201,0.0,0.883749,0.108195,0.08374,0.093522,NORMAL
2024-04-16,170.2011,1e-06,0.898814,0.088504,0.081485,0.084293,NORMAL
2024-04-16,170.201,-1e-06,0.914401,0.082497,0.082215,0.082328,NORMAL
2024-04-16,170.201,0.0,0.930539,0.078786,0.08383,0.081812,NORMAL
2024-04-16,170.201,0.0,0.947257,0.078078,0.082828,0.080928,NORMAL
2024-04-16,170.0444,-0.000921,0.964586,0.133144,0.076862,0.099375,NORMAL
2024-04-16,170.0444,0.0,0.982561,0.093789,0.063917,0.075866,NORMAL
2024-04-16,170.201,0.000921,1.001218,0.127596,0.051438,0.081902,NORMAL
2024-04-17,167.9256,-0.013459,0.702183,0.416234,0.050511,0.1968,NORMAL
2024-04-17,168.0803,0.000921,0.713317,0.23593,0.051679,0.125379,NORMAL
2024-04-17,167.9256,-0.000921,0.72481,0.238245,0.053581,0.127447,NORMAL
2024-04-17,167.9256,0.0,0.73668,0.189552,0.055207,0.108945,NORMAL
2024-04-17,168.0803,0.000921,0.748945,0.212282,0.056425,0.118768,NORMAL
2024-04-17,168.0803,0.0,0.761626,0.15408,0.057095,0.095889,NORMAL
2024-04-17,168.0803,0.0,0.774743,0.14391,0.056099,0.091224,NORMAL
2024-04-17,168.0803,0.0,0.788319,0.137013,0.052764,0.086464,NORMAL
2024-04-17,168.0803,0.0,0.802381,0.112044,0.046893,0.072954,NORMAL
2024-04-17,168.0803,0.0,0.816952,0.070309,0.038781,0.051392,NORMAL
2024-04-18,166.3613,-0.01028,0.709529,0.373298,0.04326,0.175275,NORMAL
2024-04-18,166.3613,0.0,0.727845,0.184336,0.047152,0.102025,NORMAL
2024-04-18,166.3613,0.0,0.747131,0.172303,0.050049,0.09895,NORMAL
2024-04-18,166.5146,0.000921,0.767468,0.15481,0.050813,0.092412,NORMAL
2024-04-18,166.5146,0.0,0.788942,0.124837,0.050772,0.080398,NORMAL
2024-04-18,166.5146,0.0,0.811653,0.103536,0.050703,0.071836,NORMAL
2024-04-18,166.5146,0.0,0.83571,0.074675,0.050612,0.060238,NORMAL
2024-04-18,166.5146,0.0,0.861237,0.051814,0.049449,0.050395,NORMAL
2024-04-18,166.5146,0.0,0.888372,0.041878,0.045643,0.044137,NORMAL
2024-04-18,166.5146,0.0,0.917273,0.039482,0.036597,0.037751,NORMAL
2024-04-19,164.711,-0.010891,1.423502,0.480742,0.057344,0.226703,NORMAL
2024-04-19,164.5594,-0.000921,1.398313,0.330654,0.066665,0.172261,NORMAL
2024-04-19,164.5594,0.0,1.374,0.26677,0.069109,0.148173,NORMAL
2024-04-19,164.711,0.000921,1.350518,0.203385,0.065507,0.120658,NORMAL
2024-04-19,164.5594,-0.000921,1.327825,0.209893,0.058664,0.119156,NORMAL
2024-04-19,164.711,0.000921,1.305882,0.176199,0.051612,0.101447,NORMAL
2024-04-19,164.711,0.0,1.284652,0.148971,0.04632,0.08738,NORMAL
2024-04-19,164.711,0.0,1.264102,0.119135,0.041055,0.072287,NORMAL
2024-04-19,164.711,0.0,1.244198,0.115103,0.034423,0.066695,NORMAL
2024-04-19,164.711,0.0,1.224912,0.102174,0.033147,0.060758,NORMAL
2024-04-22,163.8762,-0.005081,0.860977,0.203564,0.036441,0.10329,NORMAL
2024-04-22,163.8762,0.0,0.857147,0.089342,0.03796,0.058513,NORMAL
2024-04-22,163.8762,0.0,0.853352,0.09008,0.036933,0.058192,NORMAL
2024-04-22,164.0272,0.000921,0.84959,0.093374,0.034572,0.058093,NORMAL
2024-04-22,164.0272,0.0,0.845861,0.063889,0.032518,0.045066,NORMAL
2024-04-22,164.0272,0.0,0.842165,0.062994,0.029737,0.04304,NORMAL
2024-04-22,164.0272,0.0,0.8385,0.063227,0.026708,0.041316,NORMAL
2024-04-22,164.0272,0.0,0.834868,0.06343,0.02439,0.040006,NORMAL
2024-04-22,164.0272,0.0,0.831267,0.069866,0.023878,0.042273,NORMAL
2024-04-22,164.0272,0.0,0.827697,0.082154,0.027425,0.049317,NORMAL
2024-04-23,163.7079,-0.001949,0.86601,0.138373,0.027584,0.0719,NORMAL
2024-04-23,163.7079,0.0,0.880332,0.079467,0.027754,0.048439,NORMAL
2024-04-23,163.8588,0.000921,0.895135,0.067983,0.026591,0.043148,NORMAL
2024-04-23,163.8588,0.0,0.910444,0.03611,0.027171,0.030746,NORMAL
2024-04-23,163.7079,-0.000921,0.926286,0.075074,0.029203,0.047551,NORMAL
2024-04-23,163.8588,0.000921,0.94269,0.065736,0.031634,0.045275,NORMAL
2024-04-23,163.8588,0.0,0.959684,0.037547,0.034141,0.035503,NORMAL
2024-04-23,163.8588,0.0,0.977303,0.046098,0.033967,0.038819,NORMAL
2024-04-23,163.8587,-1e-06,0.995581,0.04975,0.027283,0.03627,NORMAL
2024-04-23,163.8588,1e-06,1.014555,0.074149,0.017058,0.039894,NORMAL
2024-04-24,164.8861,0.00625,0.988081,0.199776,0.018195,0.090828,NORMAL
2024-04-24,164.8861,0.0,0.987944,0.06596,0.018714,0.037613,NORMAL
2024-04-24,165.038,0.000921,0.987807,0.091367,0.018559,0.047682,NORMAL
2024-04-24,165.038,0.0,0.98767,0.048046,0.017991,0.030013,NORMAL
2024-04-24,164.8861,-0.000921,0.987533,0.076886,0.017716,0.041384,NORMAL
2024-04-24,165.038,0.000921,0.987396,0.068937,0.019065,0.039013,NORMAL
2024-04-24,165.038,0.0,0.987259,0.045603,0.021493,0.031137,NORMAL
2024-04-24,165.038,0.0,0.987123,0.041991,0.021582,0.029746,NORMAL
2024-04-24,165.038,0.0,0.986986,0.039068,0.015159,0.024722,NORMAL
2024-04-24,165.038,0.0,0.986849,0.038003,0.006439,0.019065,NORMAL
2024-04-25,167.8464,0.016874,1.032944,0.419433,0.011996,0.174971,NORMAL
2024-04-25,167.8464,0.0,1.031868,0.124399,0.014344,0.058366,NORMAL
2024-04-25,167.8464,0.0,1.030795,0.089219,0.014397,0.044326,NORMAL
2024-04-25,168.001,0.000921,1.029724,0.101776,0.014439,0.049374,NORMAL
2024-04-25,168.001,0.0,1.028655,0.069812,0.014138,0.036407,NORMAL
2024-04-25,168.001,0.0,1.027588,0.069748,0.013901,0.03624,NORMAL
2024-04-25,168.001,0.0,1.026523,0.06037,0.013947,0.032516,NORMAL
2024-04-25,168.001,0.0,1.025461,0.059239,0.014343,0.032302,NORMAL
2024-04-25,168.001,0.0,1.024401,0.054682,0.014845,0.03078,NORMAL
2024-04-25,168.001,0.0,1.023343,0.053312,0.014281,0.029893,NORMAL
2024-04-26,168.3479,0.002063,0.910713,0.112614,0.014943,0.054011,NORMAL
2024-04-26,168.1929,-0.000921,0.913881,0.071677,0.014111,0.037137,NORMAL
2024-04-26,168.1929,0.0,0.917071,0.038037,0.013587,0.023367,NORMAL
2024-04-26,168.3479,0.000921,0.920284,0.055719,0.01285,0.029998,NORMAL
2024-04-26,168.193,-0.000921,0.923519,0.076537,0.011481,0.037503,NORMAL
2024-04-26,168.3479,0.000921,0.926776,0.061349,0.011287,0.031312,NORMAL
2024-04-26,168.3479,0.0,0.930057,0.035162,0.011533,0.020985,NORMAL
2024-04-26,168.3479,0.0,0.933362,0.03748,0.012209,0.022317,NORMAL
2024-04-26,168.3479,0.0,0.936689,0.040834,0.01324,0.024278,NORMAL
2024-04-26,168.3479,0.0,0.940041,0.058661,0.015314,0.032653,NORMAL
2024-04-29,171.8064,0.020336,1.403272,0.55935,0.043862,0.250057,NORMAL
2024-04-29,171.8064,0.0,1.378288,0.25103,0.054589,0.133165,NORMAL
2024-04-29,171.8064,0.0,1.354179,0.208199,0.055497,0.116578,NORMAL
2024-04-29,171.8064,0.0,1.330899,0.16964,0.052653,0.099448,NORMAL
2024-04-29,171.8064,0.0,1.308406,0.14445,0.051571,0.088722,NORMAL
2024-04-29,171.8064,0.0,1.28666,0.135123,0.052172,0.085352,NORMAL
2024-04-29,171.8064,0.0,1.265625,0.121623,0.054726,0.081485,NORMAL
2024-04-29,171.6483,-0.000921,1.245267,0.120102,0.058216,0.082971,NORMAL
2024-04-29,171.6483,0.0,1.225554,0.081757,0.060553,0.069035,NORMAL
2024-04-29,171.6483,0.0,1.206455,0.073811,0.059239,0.065068,NORMAL
2024-04-30,171.6087,-0.000231,1.145522,0.077857,0.052363,0.062561,NORMAL
2024-04-30,171.6086,-1e-06,1.124907,0.071164,0.045186,0.055577,NORMAL
2024-04-30,171.6087,1e-06,1.105021,0.056925,0.041885,0.047901,NORMAL
2024-04-30,171.7668,0.000921,1.085826,0.071741,0.044303,0.055278,NORMAL
2024-04-30,171.7668,0.0,1.067286,0.041204,0.050087,0.046534,NORMAL
2024-04-30,171.7668,0.0,1.049369,0.027696,0.056336,0.04488,NORMAL
2024-04-30,171.7668,0.0,1.032043,0.020486,0.060963,0.044772,NORMAL
2024-04-30,171.7668,0.0,1.01528,0.02336,0.062555,0.046877,NORMAL
2024-04-30,171.7668,0.0,0.999053,0.016468,0.060545,0.042914,NORMAL
2024-04-30,171.7668,0.0,0.983337,0.050675,0.058657,0.055464,NORMAL
2024-05-01,168.0506,-0.021873,0.761502,0.490979,0.077236,0.242733,NORMAL
2024-05-01,167.8959,-0.000921,0.771877,0.294728,0.089503,0.171593,NORMAL
2024-05-01,167.8959,0.0,0.782539,0.233259,0.091879,0.148431,NORMAL
2024-05-01,167.8959,0.0,0.793499,0.200212,0.087283,0.132454,NORMAL
2024-05-01,168.0506,0.000921,0.804771,0.180734,0.08128,0.121062,NORMAL
2024-05-01,168.0506,0.0,0.816367,0.137412,0.075603,0.100327,NORMAL
2024-05-01,168.0506,0.0,0.828303,0.129037,0.070005,0.093618,NORMAL
2024-05-01,168.0506,0.0,0.840593,0.12541,0.062362,0.087581,NORMAL
2024-05-01,168.0506,0.0,0.853253,0.112369,0.049789,0.074821,NORMAL
2024-05-01,168.0506,0.0,0.8663,0.101283,0.03578,0.061981,NORMAL
2024-05-02,170.9542,0.017131,1.581505,0.502636,0.098531,0.260173,NORMAL
2024-05-02,170.9542,0.0,1.544837,0.240436,0.107587,0.160726,NORMAL
2024-05-02,170.9542,0.0,1.509831,0.21951,0.088186,0.140716,NORMAL
2024-05-02,170.9542,0.0,1.476376,0.197165,0.070376,0.121092,NORMAL
2024-05-02,170.9542,0.0,1.444372,0.175917,0.062336,0.107768,NORMAL
2024-05-02,170.9542,0.0,1.413726,0.156205,0.062277,0.099848,NORMAL
2024-05-02,170.7968,-0.000921,1.384353,0.178595,0.06775,0.112088,NORMAL
2024-05-02,170.7968,0.0,1.356176,0.148185,0.078682,0.106483,NORMAL
2024-05-02,170.7968,0.0,1.329123,0.140964,0.091987,0.111578,NORMAL
2024-05-02,170.9542,0.000921,1.303129,0.148659,0.099997,0.119462,NORMAL
2024-05-03,184.9666,0.07878,2.094199,0.989849,0.278777,0.563206,MEDIUM
2024-05-03,184.7964,-0.000921,1.952836,0.761559,0.320718,0.497054,LOW
2024-05-03,184.7964,0.0,1.829351,0.699381,0.316878,0.469879,LOW
2024-05-03,184.7964,0.0,1.720554,0.612141,0.310236,0.430998,LOW
2024-05-03,184.9666,0.000921,1.623971,0.604929,0.2983,0.420952,LOW
2024-05-03,184.9666,0.0,1.537655,0.586486,0.289397,0.408233,LOW
2024-05-03,184.9666,0.0,1.460052,0.578849,0.290312,0.405727,LOW
2024-05-03,184.9666,0.0,1.389905,0.573044,0.30263,0.410796,LOW
2024-05-03,184.9666,0.0,1.32619,0.5716,0.328318,0.425631,LOW
2024-05-03,184.9666,0.0,1.26806,0.559153,0.366584,0.443611,LOW
2024-05-06,180.5391,-0.024228,0.614127,0.814144,0.415729,0.575095,MEDIUM
2024-05-06,180.5391,0.0,0.617905,0.625502,0.41547,0.499483,LOW
2024-05-06,180.5391,0.0,0.62173,0.608075,0.417407,0.493674,LOW
2024-05-06,180.7054,0.000921,0.625602,0.596427,0.426198,0.49429,LOW
2024-05-06,180.7054,0.0,0.629524,0.53905,0.431209,0.474345,LOW
2024-05-06,180.7054,0.0,0.633494,0.512657,0.425467,0.460343,LOW
2024-05-06,180.7054,0.0,0.637515,0.449277,0.406627,0.423687,LOW
2024-05-06,180.7054,0.0,0.641587,0.395708,0.376965,0.384462,NORMAL
2024-05-06,180.7055,1e-06,0.645712,0.338789,0.344511,0.342222,NORMAL
2024-05-06,180.7055,0.0,0.64989,0.23525,0.326624,0.290075,NORMAL
2024-05-07,181.6282,0.005093,0.662994,0.348184,0.279109,0.306739,NORMAL
2024-05-07,181.6282,0.0,0.688355,0.205316,0.243216,0.228056,NORMAL
2024-05-07,181.7955,0.000921,0.715734,0.226098,0.214983,0.219429,NORMAL
2024-05-07,181.7955,0.0,0.74538,0.177632,0.192258,0.186407,NORMAL
2024-05-07,181.6282,-0.000921,0.777589,0.169488,0.175627,0.173171,NORMAL
2024-05-07,181.7955,0.000921,0.812707,0.143821,0.164906,0.156472,NORMAL
2024-05-07,181.7955,0.0,0.851146,0.085301,0.157127,0.128397,NORMAL
2024-05-07,181.7955,0.0,0.893403,0.046868,0.146848,0.106856,NORMAL
2024-05-07,181.7955,0.0,0.940075,0.041058,0.141977,0.10161,NORMAL
2024-05-07,181.7955,0.0,0.991892,0.033337,0.194379,0.129962,NORMAL
2024-05-08,181.0341,-0.004197,0.590819,0.233119,0.134382,0.173877,NORMAL
2024-05-08,181.0342,1e-06,0.604092,0.137251,0.112222,0.122234,NORMAL
2024-05-08,181.2009,0.00092,0.617975,0.175066,0.103599,0.132186,NORMAL
2024-05-08,181.2009,0.0,0.632511,0.146214,0.100447,0.118754,NORMAL
2024-05-08,181.0341,-0.000921,0.647748,0.161557,0.09786,0.123339,NORMAL
2024-05-08,181.2009,0.000921,0.663737,0.178328,0.096619,0.129303,NORMAL
2024-05-08,181.2009,0.0,0.680535,0.13222,0.099297,0.112466,NORMAL
2024-05-08,181.2009,0.0,0.698206,0.121198,0.097687,0.107091,NORMAL
2024-05-08,181.2009,0.0,0.716818,0.122895,0.098882,0.108487,NORMAL
2024-05-08,181.2009,0.0,0.73645,0.109357,0.070576,0.086088,NORMAL
2024-05-09,180.747,-0.002508,0.819589,0.129121,0.066672,0.091651,NORMAL
2024-05-09,180.747,0.0,0.839481,0.058317,0.063294,0.061303,NORMAL
2024-05-09,180.747,0.0,0.860362,0.048018,0.060922,0.05576,NORMAL
2024-05-09,180.9135,0.000921,0.882308,0.048283,0.058706,0.054537,NORMAL
2024-05-09,180.9135,0.0,0.905403,0.0281,0.05616,0.044936,NORMAL
2024-05-09,180.9135,0.0,0.92974,0.030678,0.053387,0.044303,NORMAL
2024-05-09,180.9135,0.0,0.955422,0.026305,0.051387,0.041354,NORMAL
2024-05-09,180.9136,1e-06,0.982562,0.035048,0.050644,0.044406,NORMAL
2024-05-09,180.9135,-1e-06,1.011289,0.036902,0.049799,0.04464,NORMAL
2024-05-09,180.9135,0.0,1.041747,0.043925,0.047152,0.045861,NORMAL
2024-05-10,183.3121,0.013171,1.073022,0.326949,0.048783,0.160049,NORMAL
2024-05-10,183.3121,0.0,1.066594,0.073251,0.04651,0.057206,NORMAL
2024-05-10,183.312,-1e-06,1.060242,0.047694,0.041767,0.044138,NORMAL
2024-05-10,183.481,0.000922,1.053965,0.060225,0.036387,0.045922,NORMAL
2024-05-10,183.4809,-1e-06,1.047762,0.023112,0.031998,0.028444,NORMAL
2024-05-10,183.4809,0.0,1.041631,0.02004,0.029672,0.025819,NORMAL
2024-05-10,183.4809,0.0,1.035572,0.021833,0.027967,0.025513,NORMAL
2024-05-10,183.481,1e-06,1.029583,0.025106,0.024931,0.025001,NORMAL
2024-05-10,183.481,0.0,1.023663,0.019857,0.020517,0.020253,NORMAL
2024-05-10,183.4809,-1e-06,1.017811,0.02469,0.020925,0.022431,NORMAL
2024-05-13,183.8474,0.001995,1.411969,0.184775,0.0323,0.09329,NORMAL
2024-05-13,183.8474,0.0,1.380766,0.121441,0.035362,0.069793,NORMAL
2024-05-13,183.8474,0.0,1.350911,0.109289,0.034973,0.064699,NORMAL
2024-05-13,184.0168,0.000921,1.322321,0.137114,0.034788,0.075719,NORMAL
2024-05-13,184.0168,0.0,1.294915,0.106066,0.036931,0.064585,NORMAL
2024-05-13,184.0168,0.0,1.268622,0.076554,0.038964,0.054,NORMAL
2024-05-13,184.0168,0.0,1.243376,0.062064,0.036982,0.047015,NORMAL
2024-05-13,184.0168,0.0,1.219115,0.068527,0.032338,0.046813,NORMAL
2024-05-13,184.0168,0.0,1.195783,0.057252,0.028524,0.040015,NORMAL
2024-05-13,184.0168,0.0,1.173327,0.066691,0.027349,0.043086,NORMAL
2024-05-14,186.0709,0.011101,0.852152,0.341462,0.038573,0.159729,NORMAL
2024-05-14,185.8996,-0.000921,0.851021,0.09658,0.044479,0.06532,NORMAL
2024-05-14,185.8997,1e-06,0.849893,0.052198,0.047106,0.049143,NORMAL
2024-05-14,185.8996,-1e-06,0.848768,0.036454,0.047712,0.043208,NORMAL
2024-05-14,186.0709,0.000921,0.847646,0.051673,0.046322,0.048462,NORMAL
2024-05-14,186.0709,0.0,0.846527,0.033683,0.04348,0.039562,NORMAL
2024-05-14,186.0709,0.0,0.845411,0.027938,0.039835,0.035076,NORMAL
2024-05-14,186.0709,0.0,0.844298,0.024683,0.035863,0.031391,NORMAL
2024-05-14,186.0709,0.0,0.843188,0.023537,0.031414,0.028263,NORMAL
2024-05-14,186.0709,0.0,0.842081,0.025033,0.026103,0.025675,NORMAL
2024-05-15,186.4679,0.002131,1.132981,0.087391,0.035455,0.05623,NORMAL
2024-05-15,186.2962,-0.000921,1.134483,0.036529,0.040959,0.039187,NORMAL
2024-05-15,186.2962,0.0,1.135988,0.01056,0.043449,0.030293,NORMAL
2024-05-15,186.2962,0.0,1.137498,0.014895,0.043163,0.031856,NORMAL
2024-05-15,186.4679,0.000921,1.139011,0.03443,0.041194,0.038488,NORMAL
2024-05-15,186.4679,0.0,1.140529,0.013271,0.039535,0.029029,NORMAL
2024-05-15,186.4679,0.0,1.14205,0.010277,0.040032,0.02813,NORMAL
2024-05-15,186.4679,0.0,1.143576,0.013339,0.04259,0.030889,NORMAL
2024-05-15,186.4679,0.0,1.145106,0.022409,0.042741,0.034608,NORMAL
2024-05-15,186.4679,0.0,1.14664,0.043369,0.04185,0.042458,NORMAL
2024-05-16,188.8342,0.01261,0.860399,0.370833,0.050933,0.178893,NORMAL
2024-05-16,188.8342,0.0,0.860083,0.118191,0.047761,0.075933,NORMAL
2024-05-16,188.8342,0.0,0.859767,0.086937,0.041568,0.059716,NORMAL
2024-05-16,189.0082,0.000921,0.859452,0.090364,0.03691,0.058291,NORMAL
2024-05-16,189.0082,0.0,0.859136,0.059957,0.035177,0.045089,NORMAL
2024-05-16,189.0082,0.0,0.858821,0.054072,0.035511,0.042935,NORMAL
2024-05-16,189.0082,0.0,0.858506,0.049846,0.035891,0.041473,NORMAL
2024-05-16,189.0082,0.0,0.858191,0.050381,0.033706,0.040376,NORMAL
2024-05-16,189.0082,0.0,0.857876,0.054616,0.026798,0.037925,NORMAL
2024-05-16,189.0082,0.0,0.857562,0.057019,0.015466,0.032087,NORMAL
2024-05-17,187.8825,-0.005974,0.686141,0.224813,0.020181,0.102034,NORMAL
2024-05-17,187.8825,0.0,0.703156,0.120708,0.023993,0.062679,NORMAL
2024-05-17,187.8825,0.0,0.721035,0.105309,0.026234,0.057864,NORMAL
2024-05-17,188.0556,0.000921,0.739848,0.129195,0.027039,0.067901,NORMAL
2024-05-17,188.0556,0.0,0.759668,0.097535,0.027801,0.055695,NORMAL
2024-05-17,188.0556,0.0,0.78058,0.095329,0.02879,0.055406,NORMAL
2024-05-17,188.0556,0.0,0.802676,0.073428,0.029906,0.047315,NORMAL
2024-05-17,188.0556,0.0,0.826058,0.06234,0.030445,0.043203,NORMAL
2024-05-17,188.0556,0.0,0.850845,0.051819,0.028979,0.038115,NORMAL
2024-05-17,188.0556,0.0,0.877164,0.045002,0.02534,0.033205,NORMAL
2024-05-20,187.877,-0.00095,0.951146,0.048362,0.023601,0.033505,NORMAL
2024-05-20,187.877,0.0,0.959876,0.025131,0.022881,0.023781,NORMAL
2024-05-20,187.877,0.0,0.968768,0.023309,0.021698,0.022342,NORMAL
2024-05-20,187.877,0.0,0.977826,0.021743,0.020244,0.020843,NORMAL
2024-05-20,187.877,0.0,0.987055,0.021861,0.018512,0.019851,NORMAL
2024-05-20,187.877,0.0,0.99646,0.023201,0.017524,0.019795,NORMAL
2024-05-20,187.877,0.0,1.006046,0.028227,0.01722,0.021623,NORMAL
2024-05-20,187.704,-0.000921,1.015819,0.090741,0.017545,0.046823,NORMAL
2024-05-20,187.704,0.0,1.025783,0.07404,0.016527,0.039532,NORMAL
2024-05-20,187.704,0.0,1.035944,0.086887,0.011789,0.041828,NORMAL
2024-05-21,189.4489,0.009253,0.986844,0.268164,0.018296,0.118244,NORMAL
2024-05-21,189.4489,0.0,0.985664,0.05614,0.021943,0.035621,NORMAL
2024-05-21,189.6234,0.000921,0.984487,0.063351,0.023126,0.039216,NORMAL
2024-05-21,189.6234,0.0,0.983313,0.027765,0.022642,0.024691,NORMAL
2024-05-21,189.4489,-0.000921,0.982141,0.046187,0.02165,0.031465,NORMAL
2024-05-21,189.6234,0.000921,0.980973,0.032721,0.020779,0.025556,NORMAL
2024-05-21,189.6234,0.0,0.979807,0.006983,0.019829,0.014691,NORMAL
2024-05-21,189.6234,0.0,0.978643,0.004339,0.01812,0.012607,NORMAL
2024-05-21,189.6235,1e-06,0.977483,0.00226,0.015198,0.010023,NORMAL
2024-05-21,189.6234,-1e-06,0.976325,0.003585,0.013394,0.00947,NORMAL
2024-05-22,190.6188,0.005236,0.808605,0.170635,0.016935,0.078415,NORMAL
2024-05-22,190.6188,0.0,0.817875,0.052301,0.018454,0.031993,NORMAL
2024-05-22,190.7944,0.000921,0.827359,0.074794,0.018681,0.041126,NORMAL
2024-05-22,190.7944,0.0,0.837066,0.046583,0.01847,0.029715,NORMAL
2024-05-22,190.6188,-0.000921,0.847004,0.063251,0.017613,0.035868,NORMAL
2024-05-22,190.7944,0.000921,0.85718,0.041211,0.016296,0.026262,NORMAL
2024-05-22,190.7944,0.0,0.867603,0.021486,0.014715,0.017423,NORMAL
2024-05-22,190.7944,0.0,0.878284,0.022706,0.013081,0.016931,NORMAL
2024-05-22,190.7944,0.0,0.88923,0.022607,0.011622,0.016016,NORMAL
2024-05-22,190.7944,0.0,0.900453,0.020432,0.010282,0.014342,NORMAL
2024-05-23,189.5143,-0.006732,1.310742,0.211151,0.028045,0.101288,NORMAL
2024-05-23,189.5143,0.0,1.296257,0.080845,0.034246,0.052886,NORMAL
2024-05-23,189.5143,0.0,1.282089,0.077426,0.034318,0.051561,NORMAL
2024-05-23,189.5143,0.0,1.268228,0.066394,0.033563,0.046695,NORMAL
2024-05-23,189.5143,0.0,1.254663,0.060639,0.033488,0.044349,NORMAL
2024-05-23,189.5143,0.0,1.241385,0.061748,0.033736,0.044941,NORMAL
2024-05-23,189.3399,-0.000921,1.228385,0.100413,0.034143,0.060651,NORMAL
2024-05-23,189.3398,-1e-06,1.215655,0.069385,0.03304,0.047578,NORMAL
2024-05-23,189.3399,1e-06,1.203186,0.061684,0.031276,0.043439,NORMAL
2024-05-23,189.5143,0.000921,1.19097,0.082058,0.028132,0.049702,NORMAL
2024-05-24,187.3709,-0.011374,0.846564,0.326505,0.036752,0.152654,NORMAL
2024-05-24,187.1984,-0.000921,0.844911,0.193117,0.040064,0.101285,NORMAL
2024-05-24,187.1984,0.0,0.843265,0.133762,0.038871,0.076827,NORMAL
2024-05-24,187.3709,0.000921,0.841626,0.107545,0.03495,0.063988,NORMAL
2024-05-24,187.1984,-0.000921,0.839992,0.126726,0.031321,0.069483,NORMAL
2024-05-24,187.3709,0.000921,0.838365,0.105061,0.028815,0.059313,NORMAL
2024-05-24,187.3709,0.0,0.836745,0.072893,0.027588,0.04571,NORMAL
2024-05-24,187.3709,0.0,0.83513,0.062606,0.026681,0.041051,NORMAL
2024-05-24,187.3709,0.0,0.833522,0.06002,0.024894,0.038944,NORMAL
2024-05-24,187.3709,0.0,0.83192,0.053771,0.023163,0.035406,NORMAL
2024-05-28,190.0402,0.014146,1.195516,0.29118,0.049084,0.145923,NORMAL
2024-05-28,190.0402,0.0,1.193777,0.052342,0.061428,0.057794,NORMAL
2024-05-28,190.0402,0.0,1.192043,0.056279,0.061279,0.059279,NORMAL
2024-05-28,190.0402,0.0,1.190313,0.056279,0.055911,0.056058,NORMAL
2024-05-28,190.0402,0.0,1.188589,0.060785,0.052975,0.056099,NORMAL
2024-05-28,190.0402,0.0,1.18687,0.064556,0.055689,0.059236,NORMAL
2024-05-28,190.0402,0.0,1.185156,0.063786,0.064092,0.063969,NORMAL
2024-05-28,189.8653,-0.000921,1.183447,0.088594,0.070237,0.07758,NORMAL
2024-05-28,189.8653,0.0,1.181743,0.061545,0.062141,0.061902,NORMAL
2024-05-28,189.8653,0.0,1.180043,0.063052,0.04643,0.053079,NORMAL
2024-05-29,187.9816,-0.009971,1.175616,0.25944,0.056507,0.13768,NORMAL
2024-05-29,187.9816,0.0,1.154213,0.070172,0.058525,0.063184,NORMAL
2024-05-29,187.9816,0.0,1.133576,0.053942,0.052449,0.053046,NORMAL
2024-05-29,188.1548,0.000921,1.113663,0.074813,0.053516,0.062035,NORMAL
2024-05-29,188.1548,0.0,1.094438,0.0393,0.060047,0.051748,NORMAL
2024-05-29,188.1548,0.0,1.075866,0.031986,0.065714,0.052223,NORMAL
2024-05-29,188.1548,0.0,1.057913,0.024392,0.066312,0.049544,NORMAL
2024-05-29,188.1548,0.0,1.04055,0.022822,0.057491,0.043623,NORMAL
2024-05-29,188.1548,0.0,1.023748,0.023958,0.03898,0.032971,NORMAL
2024-05-29,188.1548,0.0,1.007479,0.018107,0.021408,0.020088,NORMAL
2024-05-30,189.296,0.006047,0.949283,0.135996,0.022332,0.067798,NORMAL
2024-05-30,189.1217,-0.000921,0.951447,0.059593,0.022072,0.03708,NORMAL
2024-05-30,189.1218,1e-06,0.953622,0.040199,0.02255,0.02961,NORMAL
2024-05-30,189.1218,0.0,0.955806,0.038746,0.024925,0.030454,NORMAL
2024-05-30,189.296,0.000921,0.958,0.046709,0.028344,0.03569,NORMAL
2024-05-30,189.296,0.0,0.960204,0.028251,0.032504,0.030803,NORMAL
2024-05-30,189.296,0.0,0.962419,0.025361,0.034447,0.030813,NORMAL
2024-05-30,189.296,0.0,0.964644,0.022788,0.030972,0.027698,NORMAL
2024-05-30,189.296,0.0,0.966879,0.025037,0.019882,0.021944,NORMAL
2024-05-30,189.296,0.0,0.969124,0.026492,0.004373,0.013221,NORMAL
2024-05-31,189.7959,0.002637,1.429325,0.182241,0.022476,0.086382,NORMAL
2024-05-31,189.7959,0.0,1.39992,0.102876,0.029246,0.058698,NORMAL
2024-05-31,189.7959,0.0,1.3717,0.085376,0.029482,0.05184,NORMAL
2024-05-31,189.9708,0.000921,1.344595,0.109282,0.029808,0.061598,NORMAL
2024-05-31,189.9708,0.0,1.318541,0.072751,0.033635,0.049281,NORMAL
2024-05-31,189.9708,0.0,1.293477,0.070114,0.037852,0.050757,NORMAL
2024-05-31,189.9708,0.0,1.269348,0.050867,0.037622,0.04292,NORMAL
2024-05-31,189.9708,0.0,1.246103,0.046267,0.033805,0.03879,NORMAL
2024-05-31,189.9708,0.0,1.223694,0.042732,0.027411,0.033539,NORMAL
2024-05-31,189.9708,0.0,1.202077,0.038666,0.020063,0.027504,NORMAL
2024-06-03,191.2433,0.006676,0.800862,0.256188,0.028827,0.119772,NORMAL
2024-06-03,191.2434,1e-06,0.800739,0.116779,0.030864,0.06523,NORMAL
2024-06-03,191.2434,0.0,0.800617,0.10036,0.030219,0.058275,NORMAL
2024-06-03,191.4196,0.000921,0.800494,0.116987,0.029664,0.064593,NORMAL
2024-06-03,191.4195,-1e-06,0.800372,0.09052,0.029972,0.054191,NORMAL
2024-06-03,191.4195,0.0,0.800249,0.088258,0.030778,0.05377,NORMAL
2024-06-03,191.4196,1e-06,0.800127,0.092988,0.031184,0.055906,NORMAL
2024-06-03,191.4195,-1e-06,0.800005,0.088373,0.030378,0.053576,NORMAL
2024-06-03,191.4195,0.0,0.799882,0.087972,0.027915,0.051938,NORMAL
2024-06-03,191.4195,0.0,0.79976,0.085045,0.024298,0.048597,NORMAL
2024-06-04,193.1462,0.00898,0.775232,0.329588,0.024417,0.146485,NORMAL
2024-06-04,193.1462,0.0,0.793164,0.128726,0.023532,0.06561,NORMAL
2024-06-04,193.1462,0.0,0.811944,0.110337,0.022209,0.05746,NORMAL
2024-06-04,193.1462,0.0,0.831635,0.094931,0.021171,0.050675,NORMAL
2024-06-04,193.1462,0.0,0.852305,0.081865,0.021024,0.045361,NORMAL
2024-06-04,193.1462,0.0,0.874029,0.074688,0.02209,0.043129,NORMAL
2024-06-04,193.1462,0.0,0.896889,0.063718,0.023869,0.039809,NORMAL
2024-06-04,192.9684,-0.000921,0.920976,0.055091,0.024724,0.036871,NORMAL
2024-06-04,192.9684,0.0,0.946394,0.020441,0.021448,0.021045,NORMAL
2024-06-04,192.9684,0.0,0.973254,0.02442,0.019188,0.021281,NORMAL
2024-06-05,193.7219,0.003897,1.105697,0.088833,0.018337,0.046535,NORMAL
2024-06-05,193.7219,0.0,1.101115,0.013262,0.017609,0.01587,NORMAL
2024-06-05,193.9004,0.000921,1.096571,0.034281,0.01763,0.02429,NORMAL
2024-06-05,193.9004,0.0,1.092065,0.017472,0.018144,0.017875,NORMAL
2024-06-05,193.7219,-0.000921,1.087595,0.056619,0.020328,0.034844,NORMAL
2024-06-05,193.9004,0.000921,1.083161,0.040264,0.024323,0.030699,NORMAL
2024-06-05,193.9004,0.0,1.078764,0.016362,0.028388,0.023578,NORMAL
2024-06-05,193.9004,0.0,1.074402,0.017809,0.02804,0.023948,NORMAL
2024-06-05,193.9004,0.0,1.070075,0.014944,0.020287,0.018149,NORMAL
2024-06-05,193.9004,0.0,1.065783,0.023201,0.010734,0.015721,NORMAL
2024-06-06,194.0094,0.000562,0.815487,0.075299,0.014607,0.038884,NORMAL
2024-06-06,194.0094,0.0,0.820597,0.060796,0.016333,0.034118,NORMAL
2024-06-06,194.1882,0.000921,0.825772,0.084397,0.016905,0.043902,NORMAL
2024-06-06,194.1881,-1e-06,0.831012,0.058436,0.016783,0.033444,NORMAL
2024-06-06,194.0094,-0.000921,0.83632,0.084519,0.016484,0.043698,NORMAL
2024-06-06,194.1881,0.000921,0.841695,0.081522,0.015737,0.042051,NORMAL
2024-06-06,194.1881,0.0,0.84714,0.063059,0.014896,0.034161,NORMAL
2024-06-06,194.1881,0.0,0.852656,0.063536,0.013708,0.033639,NORMAL
2024-06-06,194.1881,0.0,0.858244,0.061268,0.011642,0.031493,NORMAL
2024-06-06,194.1882,1e-06,0.863906,0.069805,0.00912,0.033394,NORMAL
2024-06-07,192.9783,-0.00625,1.115238,0.242025,0.017226,0.107145,NORMAL
2024-06-07,193.1561,0.000921,1.116472,0.103391,0.020279,0.053524,NORMAL
2024-06-07,193.1561,0.0,1.117709,0.06544,0.021638,0.039159,NORMAL
2024-06-07,193.1562,1e-06,1.118949,0.057329,0.022984,0.036722,NORMAL
2024-06-07,193.1561,-1e-06,1.120192,0.048276,0.025217,0.034441,NORMAL
2024-06-07,193.1561,0.0,1.121437,0.040875,0.028016,0.03316,NORMAL
2024-06-07,193.1561,0.0,1.122685,0.040229,0.029543,0.033817,NORMAL
2024-06-07,193.1561,0.0,1.123936,0.03988,0.029904,0.033894,NORMAL
2024-06-07,192.9783,-0.000921,1.12519,0.091937,0.027811,0.053462,NORMAL
2024-06-07,192.9783,0.0,1.126447,0.062681,0.025271,0.040235,NORMAL
2024-06-10,195.3888,0.012414,1.942758,0.564895,0.100356,0.286172,NORMAL
2024-06-10,195.3888,0.0,1.839904,0.281076,0.146806,0.200514,NORMAL
2024-06-10,195.209,-0.000921,1.747393,0.30408,0.161585,0.218583,NORMAL
2024-06-10,195.209,0.0,1.663739,0.240197,0.157243,0.190425,NORMAL
2024-06-10,195.209,0.0,1.58773,0.196856,0.149985,0.168734,NORMAL
2024-06-10,195.3889,0.000921,1.518362,0.176614,0.140752,0.155097,NORMAL
2024-06-10,195.3889,0.0,1.454801,0.123287,0.129945,0.127282,NORMAL
2024-06-10,195.3889,0.0,1.396348,0.108927,0.117848,0.114279,NORMAL
2024-06-10,195.3889,0.0,1.342411,0.088755,0.106046,0.099129,NORMAL
2024-06-10,195.3889,0.0,1.292486,0.071292,0.09711,0.086783,NORMAL
2024-06-11,191.9869,-0.017565,2.127526,0.595351,0.165324,0.337335,NORMAL
2024-06-11,191.9869,0.0,1.981667,0.392495,0.182434,0.266458,NORMAL
2024-06-11,192.1638,0.000921,1.854524,0.368114,0.186489,0.259139,NORMAL
2024-06-11,192.1638,0.0,1.742712,0.315564,0.179565,0.233965,NORMAL
2024-06-11,191.9869,-0.000921,1.643617,0.322848,0.17259,0.232693,NORMAL
2024-06-11,192.1638,0.000921,1.555184,0.260015,0.182387,0.213438,NORMAL
2024-06-11,192.1638,0.0,1.475782,0.208879,0.197572,0.202095,NORMAL
2024-06-11,192.1638,0.0,1.404094,0.183037,0.204,0.195615,NORMAL
2024-06-11,192.1638,0.0,1.339048,0.164167,0.205174,0.188771,NORMAL
2024-06-11,192.1638,0.0,1.279761,0.134048,0.207305,0.178002,NORMAL
2024-06-12,205.5891,0.067531,1.417797,0.802028,0.304155,0.503304,LOW
2024-06-12,205.7785,0.000921,1.368291,0.556253,0.342612,0.428069,LOW
2024-06-12,205.7785,0.0,1.322126,0.49483,0.338301,0.400913,LOW
2024-06-12,205.7785,0.0,1.278974,0.429226,0.313642,0.359875,NORMAL
2024-06-12,205.7785,0.0,1.23855,0.42468,0.284751,0.340722,NORMAL
2024-06-12,205.7785,0.0,1.200603,0.452277,0.263213,0.338839,NORMAL
2024-06-12,205.7785,0.0,1.164912,0.472689,0.25381,0.341362,NORMAL
2024-06-12,205.5891,-0.000921,1.131282,0.546756,0.259588,0.374455,NORMAL
2024-06-12,205.5891,0.0,1.099539,0.509383,0.283027,0.373569,NORMAL
2024-06-12,205.7785,0.000921,1.069529,0.535834,0.33972,0.418166,LOW
2024-06-13,212.8958,0.034002,0.539104,0.809966,0.335981,0.525575,LOW
2024-06-13,213.0919,0.000921,0.5504,0.609705,0.326888,0.440015,LOW
2024-06-13,212.8958,-0.000921,0.56218,0.640557,0.316955,0.446396,LOW
2024-06-13,212.8958,0.0,0.574475,0.61869,0.303924,0.429831,LOW
2024-06-13,213.0919,0.000921,0.587319,0.64775,0.284904,0.430042,LOW
2024-06-13,213.092,0.0,0.600751,0.6046,0.25905,0.39727,NORMAL
2024-06-13,213.092,0.0,0.614812,0.587142,0.230635,0.373238,NORMAL
2024-06-13,213.0919,-0.0,0.629546,0.53662,0.203102,0.336509,NORMAL
2024-06-13,213.0919,0.0,0.645005,0.445846,0.178607,0.285503,NORMAL
2024-06-13,213.0919,0.0,0.661241,0.294173,0.182222,0.227003,NORMAL
2024-06-14,212.0135,-0.005074,0.495224,0.437615,0.155636,0.268428,NORMAL
2024-06-14,212.0134,-0.0,0.518669,0.336337,0.146073,0.222178,NORMAL
2024-06-14,212.0134,0.0,0.544445,0.311525,0.152072,0.215853,NORMAL
2024-06-14,212.2088,0.000921,0.572916,0.327784,0.163814,0.229402,NORMAL
2024-06-14,212.2088,0.0,0.604529,0.294925,0.169309,0.219556,NORMAL
2024-06-14,212.2088,0.0,0.639835,0.277273,0.167487,0.211402,NORMAL
2024-06-14,212.2088,0.0,0.67952,0.225673,0.168603,0.191431,NORMAL
2024-06-14,212.2088,0.0,0.724454,0.189986,0.164226,0.17453,NORMAL
2024-06-14,212.2088,0.0,0.775751,0.130449,0.14592,0.139731,NORMAL
2024-06-14,212.2088,0.0,0.834867,0.080319,0.144763,0.118985,NORMAL
2024-06-17,211.7324,-0.002247,1.118663,0.137163,0.14175,0.139915,NORMAL
2024-06-17,211.5376,-0.00092,1.12143,0.109736,0.142137,0.129176,NORMAL
2024-06-17,211.5376,0.0,1.124211,0.082422,0.137336,0.11537,NORMAL
2024-06-17,211.7324,0.00092,1.127005,0.102897,0.132247,0.120507,NORMAL
2024-06-17,211.5375,-0.000921,1.129813,0.098749,0.133261,0.119456,NORMAL
2024-06-17,211.7324,0.000921,1.132636,0.103101,0.136277,0.123006,NORMAL
2024-06-17,211.7324,0.0,1.135472,0.08027,0.130815,0.110597,NORMAL
2024-06-17,211.7325,0.0,1.138323,0.089138,0.118846,0.106963,NORMAL
2024-06-17,211.7325,0.0,1.141188,0.086268,0.111064,0.101145,NORMAL
2024-06-17,211.7324,-0.0,1.144067,0.096233,0.120095,0.11055,NORMAL
2024-06-18,215.7213,0.018664,0.969991,0.438751,0.1151,0.24456,NORMAL
2024-06-18,215.7213,0.0,0.964246,0.126106,0.107813,0.11513,NORMAL
2024-06-18,215.7213,0.0,0.958569,0.092159,0.095044,0.09389,NORMAL
2024-06-18,215.9201,0.000921,0.952958,0.084822,0.081502,0.08283,NORMAL
2024-06-18,215.9201,0.0,0.947413,0.049765,0.070476,0.062192,NORMAL
2024-06-18,215.9201,0.0,0.941931,0.048873,0.060335,0.05575,NORMAL
2024-06-18,215.9201,0.0,0.936513,0.049778,0.049135,0.049392,NORMAL
2024-06-18,215.9201,0.0,0.931157,0.051971,0.038594,0.043945,NORMAL
2024-06-18,215.9201,0.0,0.925862,0.056449,0.032859,0.042295,NORMAL
2024-06-18,215.9201,0.0,0.920626,0.059844,0.035413,0.045185,NORMAL
2024-06-20,212.0927,-0.017885,0.996698,0.365751,0.06193,0.183459,NORMAL
2024-06-20,212.0928,0.0,1.001072,0.116702,0.082486,0.096173,NORMAL
2024-06-20,212.2882,0.000921,1.005485,0.150591,0.09151,0.115142,NORMAL
2024-06-20,212.2882,0.0,1.009937,0.114799,0.091509,0.100825,NORMAL
2024-06-20,212.0928,-0.000921,1.014428,0.148506,0.086837,0.111505,NORMAL
2024-06-20,212.2882,0.000921,1.01896,0.15021,0.077355,0.106497,NORMAL
2024-06-20,212.2881,-0.0,1.023532,0.115006,0.062006,0.083206,NORMAL
2024-06-20,212.2882,0.0,1.028146,0.115149,0.045775,0.073524,NORMAL
2024-06-20,212.2882,0.0,1.032801,0.102757,0.033091,0.060957,NORMAL
2024-06-20,212.2882,0.0,1.037499,0.104322,0.024114,0.056197,NORMAL
2024-06-21,208.5832,-0.017607,2.652797,0.740485,0.205491,0.419488,LOW
2024-06-21,208.5832,0.0,2.436469,0.524547,0.128273,0.286782,NORMAL
2024-06-21,208.7753,0.000921,2.252762,0.514141,0.100071,0.265699,NORMAL
2024-06-21,208.7754,0.0,2.094816,0.467128,0.096688,0.244864,NORMAL
2024-06-21,208.5832,-0.000921,1.957566,0.503517,0.106016,0.265016,NORMAL
2024-06-21,208.7753,0.000921,1.837195,0.473258,0.124074,0.263748,NORMAL
2024-06-21,208.7753,0.0,1.73077,0.399205,0.144751,0.246532,NORMAL
2024-06-21,208.7753,0.0,1.636,0.360869,0.150771,0.23481,NORMAL
2024-06-21,208.7753,0.0,1.55107,0.291764,0.144088,0.203159,NORMAL
2024-06-21,208.7753,0.0,1.474522,0.244835,0.148111,0.186801,NORMAL
2024-06-24,205.9361,-0.013693,0.49309,0.549231,0.187815,0.332381,NORMAL
2024-06-24,205.9361,0.0,0.493912,0.376749,0.203049,0.272529,NORMAL
2024-06-24,205.9361,0.0,0.494736,0.362046,0.213864,0.273137,NORMAL
2024-06-24,206.1258,0.000921,0.495563,0.350893,0.217786,0.271029,NORMAL
2024-06-24,206.1258,0.0,0.496392,0.314015,0.210235,0.251747,NORMAL
2024-06-24,206.1258,0.0,0.497225,0.303118,0.193953,0.237619,NORMAL
2024-06-24,206.1258,0.0,0.49806,0.305275,0.173629,0.226287,NORMAL
2024-06-24,206.1258,0.0,0.498898,0.279363,0.154702,0.204566,NORMAL
2024-06-24,206.1258,0.0,0.499739,0.272683,0.141631,0.194052,NORMAL
2024-06-24,206.1258,0.0,0.500583,0.256201,0.137172,0.184783,NORMAL
2024-06-25,207.3538,0.00594,0.365571,0.380662,0.142467,0.237745,NORMAL
2024-06-25,207.3538,0.0,0.389438,0.276308,0.144052,0.196955,NORMAL
2024-06-25,207.3538,0.0,0.41664,0.278201,0.142356,0.196694,NORMAL
2024-06-25,207.5448,0.000921,0.447927,0.27218,0.140137,0.192954,NORMAL
2024-06-25,207.5448,0.0,0.484295,0.222139,0.140482,0.173145,NORMAL
2024-06-25,207.5449,0.0,0.52709,0.208085,0.14631,0.17102,NORMAL
2024-06-25,207.5448,-0.0,0.578181,0.186672,0.153889,0.167002,NORMAL
2024-06-25,207.5449,0.0,0.64024,0.180263,0.154662,0.164902,NORMAL
2024-06-25,207.5448,-0.0,0.717223,0.125399,0.135293,0.131335,NORMAL
2024-06-25,207.5448,0.0,0.815249,0.101038,0.16129,0.137189,NORMAL
2024-06-26,209.6836,0.010253,0.982207,0.291595,0.126019,0.192249,NORMAL
2024-06-26,209.6836,0.0,0.992896,0.082184,0.106453,0.096746,NORMAL
2024-06-26,209.6837,0.0,1.003819,0.061997,0.094473,0.081483,NORMAL
2024-06-26,209.8768,0.00092,1.014986,0.074528,0.088747,0.08306,NORMAL
2024-06-26,209.8768,0.0,1.026404,0.051714,0.087851,0.073396,NORMAL
2024-06-26,209.8768,0.0,1.038081,0.045873,0.086549,0.070278,NORMAL
2024-06-26,209.8768,0.0,1.050028,0.046789,0.086423,0.07057,NORMAL
2024-06-26,209.8768,0.0,1.062252,0.044065,0.096431,0.075484,NORMAL
2024-06-26,209.8768,0.0,1.074765,0.043982,0.077349,0.064002,NORMAL
2024-06-26,209.8768,0.0,1.087576,0.043706,0.053213,0.04941,NORMAL
2024-06-27,212.8462,0.014049,0.821432,0.406756,0.054887,0.195635,NORMAL
2024-06-27,212.8462,0.0,0.825367,0.158161,0.056255,0.097018,NORMAL
2024-06-27,212.8463,0.0,0.829339,0.123315,0.056115,0.082995,NORMAL
2024-06-27,213.0423,0.00092,0.83335,0.136124,0.055585,0.0878,NORMAL
2024-06-27,213.0423,0.0,0.8374,0.110056,0.053033,0.075842,NORMAL
2024-06-27,213.0423,0.0,0.841489,0.105647,0.04886,0.071575,NORMAL
2024-06-27,213.0423,0.0,0.845619,0.101116,0.043949,0.066816,NORMAL
2024-06-27,213.0423,0.0,0.849789,0.100923,0.038965,0.063748,NORMAL
2024-06-27,213.0423,0.0,0.854001,0.091938,0.034368,0.057396,NORMAL
2024-06-27,213.0423,0.0,0.858254,0.086342,0.033199,0.054456,NORMAL
2024-06-28,213.917,0.004097,1.403562,0.275381,0.053834,0.142452,NORMAL
2024-06-28,213.917,0.0,1.384343,0.179399,0.064219,0.110291,NORMAL
2024-06-28,213.9169,-0.0,1.365643,0.171325,0.068241,0.109474,NORMAL
2024-06-28,214.1141,0.000921,1.347441,0.186854,0.070385,0.116972,NORMAL
2024-06-28,214.1141,0.0,1.329718,0.168318,0.075798,0.112806,NORMAL
2024-06-28,214.114,-0.0,1.312456,0.160845,0.08415,0.114828,NORMAL
2024-06-28,214.114,0.0,1.295635,0.147106,0.086292,0.110618,NORMAL
2024-06-28,214.114,0.0,1.279241,0.129729,0.077621,0.098464,NORMAL
2024-06-28,214.114,0.0,1.263256,0.121687,0.065262,0.087832,NORMAL
2024-06-28,214.114,0.0,1.247666,0.134238,0.059903,0.089637,NORMAL
2024-07-01,210.2686,-0.018123,0.905737,0.421095,0.07375,0.212688,NORMAL
2024-07-01,210.2686,0.0,0.898576,0.174432,0.074316,0.114362,NORMAL
2024-07-01,210.4623,0.000921,0.891526,0.159197,0.072066,0.106918,NORMAL
2024-07-01,210.4623,0.0,0.884587,0.112819,0.066288,0.0849,NORMAL
2024-07-01,210.2686,-0.000921,0.877755,0.151079,0.061009,0.097037,NORMAL
2024-07-01,210.4623,0.000921,0.871027,0.136221,0.059621,0.090261,NORMAL
2024-07-01,210.4623,0.0,0.864402,0.108632,0.060597,0.079811,NORMAL
2024-07-01,210.4623,0.0,0.857877,0.114191,0.060245,0.081824,NORMAL
2024-07-01,210.4623,0.0,0.851449,0.118715,0.054138,0.079969,NORMAL
2024-07-01,210.4623,0.0,0.845117,0.128981,0.043175,0.077497,NORMAL
2024-07-02,214.2937,0.018041,0.826304,0.348711,0.050479,0.169772,NORMAL
2024-07-02,214.2937,0.0,0.840967,0.08031,0.053552,0.064255,NORMAL
2024-07-02,214.2937,0.0,0.85616,0.069553,0.052789,0.059495,NORMAL
2024-07-02,214.4911,0.000921,0.871911,0.093563,0.050576,0.067771,NORMAL
2024-07-02,214.4911,0.0,0.888254,0.07063,0.04768,0.05686,NORMAL
2024-07-02,214.4911,0.0,0.90522,0.066721,0.046506,0.054592,NORMAL
2024-07-02,214.4911,0.0,0.922847,0.06844,0.048332,0.056375,NORMAL
2024-07-02,214.4911,0.0,0.941175,0.065692,0.049815,0.056166,NORMAL
2024-07-02,214.4911,0.0,0.960245,0.069825,0.044882,0.054859,NORMAL
2024-07-02,214.4911,0.0,0.980104,0.069887,0.038685,0.051166,NORMAL
2024-07-03,218.1106,0.016734,0.643498,0.51977,0.050749,0.238358,NORMAL
2024-07-03,218.1106,0.0,0.656518,0.227511,0.057167,0.125304,NORMAL
2024-07-03,218.3116,0.000921,0.670075,0.242117,0.059099,0.132306,NORMAL
2024-07-03,218.3115,-0.0,0.684204,0.195784,0.057408,0.112759,NORMAL
2024-07-03,218.1106,-0.000921,0.698942,0.184215,0.054557,0.10642,NORMAL
2024-07-03,218.3116,0.000921,0.714328,0.168758,0.054171,0.100006,NORMAL
2024-07-03,218.3116,0.0,0.730407,0.129396,0.057903,0.0865,NORMAL
2024-07-03,218.3116,0.0,0.747227,0.129831,0.063086,0.089784,NORMAL
2024-07-03,218.3116,0.0,0.76484,0.107958,0.061309,0.079969,NORMAL
2024-07-03,218.3116,0.0,0.783303,0.087373,0.047335,0.06335,NORMAL
2024-07-05,219.7464,0.006551,1.263162,0.264608,0.070442,0.148109,NORMAL
2024-07-05,219.7465,0.0,1.260045,0.117202,0.080339,0.095084,NORMAL
2024-07-05,219.9489,0.000921,1.256944,0.137773,0.080662,0.103507,NORMAL
2024-07-05,219.9489,0.0,1.253857,0.111557,0.076718,0.090654,NORMAL
2024-07-05,219.7464,-0.000921,1.250786,0.133574,0.07311,0.097296,NORMAL
2024-07-05,219.9489,0.000921,1.24773,0.114571,0.071932,0.088988,NORMAL
2024-07-05,219.9489,0.0,1.244688,0.089063,0.073061,0.079462,NORMAL
2024-07-05,219.9489,0.0,1.241662,0.08026,0.074227,0.07664,NORMAL
2024-07-05,219.9489,0.0,1.23865,0.071417,0.072728,0.072203,NORMAL
2024-07-05,219.9489,0.0,1.235652,0.069534,0.069343,0.069419,NORMAL
2024-07-08,225.1398,0.023326,1.182264,0.563949,0.075218,0.27071,NORMAL
2024-07-08,225.1397,-0.0,1.157124,0.224318,0.077289,0.1361,NORMAL
2024-07-08,225.1397,0.0,1.133031,0.178828,0.078399,0.118571,NORMAL
2024-07-08,225.3472,0.000921,1.109921,0.173573,0.077921,0.116182,NORMAL
2024-07-08,225.3472,0.0,1.087735,0.142318,0.076139,0.10261,NORMAL
2024-07-08,225.3471,-0.0,1.066418,0.14577,0.073645,0.102495,NORMAL
2024-07-08,225.3472,0.0,1.045921,0.13186,0.070254,0.094896,NORMAL
2024-07-08,225.3472,0.0,1.026197,0.14272,0.064674,0.095893,NORMAL
2024-07-08,225.3472,0.0,1.007203,0.135734,0.055398,0.087533,NORMAL
2024-07-08,225.3472,0.0,0.988899,0.141027,0.045344,0.083617,NORMAL
2024-07-09,226.1807,0.003692,0.813026,0.241785,0.046581,0.124663,NORMAL
2024-07-09,225.9725,-0.000921,0.821596,0.154163,0.047555,0.090198,NORMAL
2024-07-09,225.9725,0.0,0.830348,0.118397,0.049139,0.076842,NORMAL
2024-07-09,226.1807,0.000921,0.83929,0.139835,0.050786,0.086406,NORMAL
2024-07-09,225.9725,-0.000921,0.848426,0.142431,0.052054,0.088204,NORMAL
2024-07-09,226.1807,0.000921,0.857763,0.123133,0.051752,0.080304,NORMAL
2024-07-09,226.1807,0.0,0.867307,0.088591,0.049671,0.065239,NORMAL
2024-07-09,226.1807,0.0,0.877067,0.078055,0.045605,0.058585,NORMAL
2024-07-09,226.1807,0.0,0.887049,0.068751,0.039242,0.051046,NORMAL
2024-07-09,226.1807,0.0,0.89726,0.074166,0.037316,0.052056,NORMAL
2024-07-10,227.5402,0.005993,1.164991,0.234534,0.045265,0.120972,NORMAL
2024-07-10,227.5402,0.0,1.161166,0.108644,0.045401,0.070698,NORMAL
2024-07-10,227.5402,0.0,1.157366,0.092067,0.04051,0.061132,NORMAL
2024-07-10,227.5402,0.0,1.153591,0.07943,0.034252,0.052323,NORMAL
2024-07-10,227.5402,0.0,1.14984,0.077931,0.02992,0.049124,NORMAL
2024-07-10,227.5402,0.0,1.146114,0.072139,0.026196,0.044573,NORMAL
2024-07-10,227.5402,0.0,1.142411,0.068707,0.024015,0.041891,NORMAL
2024-07-10,227.3308,-0.000921,1.138733,0.109008,0.023102,0.057465,NORMAL
2024-07-10,227.3308,0.0,1.135078,0.074465,0.022862,0.043503,NORMAL
2024-07-10,227.3307,-0.0,1.131446,0.075361,0.020383,0.042374,NORMAL
2024-07-11,229.4028,0.009074,1.15177,0.316942,0.020752,0.139228,NORMAL
2024-07-11,229.4028,0.0,1.134968,0.110706,0.021083,0.056932,NORMAL
2024-07-11,229.6142,0.000921,1.118649,0.126422,0.021711,0.063595,NORMAL
2024-07-11,229.6142,0.0,1.102794,0.086903,0.022212,0.048088,NORMAL
2024-07-11,229.4028,-0.000921,1.087381,0.101279,0.022611,0.054078,NORMAL
2024-07-11,229.6142,0.000921,1.072393,0.092583,0.022982,0.050823,NORMAL
2024-07-11,229.6142,0.0,1.057813,0.057785,0.022812,0.036801,NORMAL
2024-07-11,229.6142,0.0,1.043623,0.05861,0.021343,0.03625,NORMAL
2024-07-11,229.6142,0.0,1.02981,0.066942,0.017806,0.037461,NORMAL
2024-07-11,229.6142,0.0,1.016357,0.065741,0.01369,0.034511,NORMAL
2024-07-12,226.954,-0.011653,0.839475,0.28849,0.028922,0.132749,NORMAL
2024-07-12,226.954,0.0,0.845888,0.093704,0.038076,0.060327,NORMAL
2024-07-12,227.1631,0.000921,0.852399,0.107268,0.040336,0.067109,NORMAL
2024-07-12,227.1631,0.0,0.859012,0.085105,0.038302,0.057023,NORMAL
2024-07-12,226.954,-0.000921,0.865728,0.113764,0.03402,0.065917,NORMAL
2024-07-12,227.1631,0.000921,0.87255,0.103932,0.028318,0.058564,NORMAL
2024-07-12,227.1631,0.0,0.87948,0.077634,0.022963,0.044831,NORMAL
2024-07-12,227.1631,0.0,0.886522,0.078361,0.018773,0.042608,NORMAL
2024-07-12,227.1631,0.0,0.893676,0.075314,0.016073,0.03977,NORMAL
2024-07-12,227.1631,0.0,0.900948,0.074244,0.013379,0.037725,NORMAL
2024-07-15,234.6651,0.032491,1.065619,0.591236,0.048084,0.265345,NORMAL
2024-07-15,234.6651,0.0,1.067507,0.215388,0.068023,0.126969,NORMAL
2024-07-15,234.6651,0.0,1.069402,0.180491,0.072507,0.1157,NORMAL
2024-07-15,234.6651,0.0,1.071304,0.171194,0.066084,0.108128,NORMAL
2024-07-15,234.6651,0.0,1.073212,0.170777,0.0575,0.102811,NORMAL
2024-07-15,234.6651,0.0,1.075128,0.174728,0.051618,0.100862,NORMAL
2024-07-15,234.4491,-0.000921,1.07705,0.242947,0.048558,0.126314,NORMAL
2024-07-15,234.4491,0.0,1.078979,0.211526,0.047613,0.113178,NORMAL
2024-07-15,234.4491,0.0,1.080915,0.220781,0.047984,0.117103,NORMAL
2024-07-15,234.6651,0.000921,1.082858,0.27259,0.051308,0.139821,NORMAL
2024-07-16,233.1964,-0.006278,0.75389,0.399648,0.066628,0.199836,NORMAL
2024-07-16,232.9818,-0.000921,0.760395,0.299049,0.074251,0.16417,NORMAL
2024-07-16,232.9818,0.0,0.767013,0.269415,0.06855,0.148896,NORMAL
2024-07-16,233.1965,0.000921,0.773748,0.294579,0.057929,0.152589,NORMAL
2024-07-16,232.9818,-0.000921,0.780602,0.284043,0.054269,0.146178,NORMAL
2024-07-16,233.1964,0.000921,0.787578,0.254272,0.056392,0.135544,NORMAL
2024-07-16,233.1964,0.0,0.794681,0.212311,0.058195,0.119841,NORMAL
2024-07-16,233.1964,0.0,0.801912,0.186896,0.053091,0.106613,NORMAL
2024-07-16,233.1964,0.0,0.809276,0.157904,0.043378,0.089188,NORMAL
2024-07-16,233.1965,0.0,0.816777,0.132643,0.040206,0.077181,NORMAL
2024-07-17,227.4795,-0.024821,1.088808,0.550132,0.069297,0.261631,NORMAL
2024-07-17,227.4795,0.0,1.094298,0.302954,0.083025,0.170997,NORMAL
2024-07-17,227.4795,0.0,1.099845,0.258399,0.086205,0.155082,NORMAL
2024-07-17,227.6891,0.000921,1.105448,0.238866,0.084639,0.14633,NORMAL
2024-07-17,227.689,-0.0,1.111108,0.197793,0.084489,0.129811,NORMAL
2024-07-17,227.6891,0.0,1.116827,0.185861,0.087131,0.126623,NORMAL
2024-07-17,227.6891,0.0,1.122604,0.186361,0.09154,0.129469,NORMAL
2024-07-17,227.689,-0.0,1.128442,0.196347,0.095178,0.135645,NORMAL
2024-07-17,227.689,0.0,1.134341,0.184583,0.092743,0.129479,NORMAL
2024-07-17,227.689,0.0,1.140302,0.183738,0.08281,0.123181,NORMAL
2024-07-18,228.3023,0.00269,1.283968,0.310496,0.081976,0.173384,NORMAL
2024-07-18,228.3023,0.0,1.256124,0.205837,0.07954,0.130059,NORMAL
2024-07-18,228.5127,0.000921,1.229462,0.244272,0.075851,0.143219,NORMAL
2024-07-18,228.5127,0.0,1.203909,0.198494,0.071664,0.122396,NORMAL
2024-07-18,228.3024,-0.000921,1.179396,0.209233,0.068988,0.125086,NORMAL
2024-07-18,228.5127,0.000921,1.155862,0.201765,0.067383,0.121136,NORMAL
2024-07-18,228.5127,0.0,1.133248,0.146493,0.065788,0.09807,NORMAL
2024-07-18,228.5127,0.0,1.111502,0.127758,0.061869,0.088225,NORMAL
2024-07-18,228.5127,0.0,1.090575,0.115098,0.05446,0.078715,NORMAL
2024-07-18,228.5127,0.0,1.070422,0.114039,0.046076,0.073261,NORMAL
2024-07-19,222.8892,-0.024917,0.802074,0.54429,0.080528,0.266033,NORMAL
2024-07-19,222.8893,0.0,0.807472,0.302447,0.094289,0.177552,NORMAL
2024-07-19,223.0946,0.000921,0.812944,0.270175,0.090262,0.162227,NORMAL
2024-07-19,223.0946,0.0,0.818491,0.19077,0.079772,0.124171,NORMAL
2024-07-19,222.8892,-0.000921,0.824114,0.225849,0.06874,0.131584,NORMAL
2024-07-19,223.0946,0.000921,0.829814,0.187091,0.063565,0.112975,NORMAL
2024-07-19,223.0946,0.0,0.835594,0.162545,0.060929,0.101576,NORMAL
2024-07-19,223.0946,0.0,0.841455,0.159669,0.05626,0.097624,NORMAL
2024-07-19,223.0946,0.0,0.847399,0.15594,0.047659,0.090971,NORMAL
2024-07-19,223.0946,0.0,0.853428,0.159397,0.033315,0.083748,NORMAL
2024-07-22,225.0604,0.008773,0.850099,0.361064,0.034792,0.165301,NORMAL
2024-07-22,225.0604,0.0,0.86368,0.179791,0.034984,0.092907,NORMAL
2024-07-22,225.0604,0.0,0.877703,0.171266,0.032587,0.088059,NORMAL
2024-07-22,225.2678,0.000921,0.892188,0.174399,0.029545,0.087487,NORMAL
2024-07-22,225.2678,0.0,0.90716,0.152692,0.026709,0.077102,NORMAL
2024-07-22,225.2678,0.0,0.922642,0.129002,0.024741,0.066445,NORMAL
2024-07-22,225.2678,0.0,0.938663,0.111351,0.025167,0.059641,NORMAL
2024-07-22,225.2678,0.0,0.955249,0.089381,0.028691,0.052967,NORMAL
2024-07-22,225.2678,0.0,0.972432,0.08306,0.033294,0.0532,NORMAL
2024-07-22,225.2678,0.0,0.990245,0.084462,0.037434,0.056245,NORMAL
2024-07-23,222.648,-0.011698,0.828758,0.27528,0.058561,0.145249,NORMAL
2024-07-23,222.4431,-0.000921,0.836733,0.112159,0.068129,0.085741,NORMAL
2024-07-23,222.4431,0.0,0.844863,0.080927,0.063678,0.070578,NORMAL
2024-07-23,222.648,0.000921,0.853152,0.092602,0.051382,0.06787,NORMAL
2024-07-23,222.4431,-0.000921,0.861606,0.092548,0.037153,0.059311,NORMAL
2024-07-23,222.6481,0.000921,0.870229,0.091217,0.029112,0.053954,NORMAL
2024-07-23,222.648,-0.0,0.879026,0.065392,0.028602,0.043318,NORMAL
2024-07-23,222.648,0.0,0.888003,0.067255,0.030835,0.045403,NORMAL
2024-07-23,222.648,0.0,0.897166,0.065787,0.027528,0.042832,NORMAL
2024-07-23,222.648,0.0,0.906519,0.065578,0.016781,0.0363,NORMAL
2024-07-24,222.0763,-0.002571,1.380202,0.207278,0.033508,0.103016,NORMAL
2024-07-24,222.0763,0.0,1.359583,0.14709,0.038705,0.082059,NORMAL
2024-07-24,222.0763,0.0,1.339572,0.144048,0.036519,0.07953,NORMAL
2024-07-24,222.2809,0.000921,1.320141,0.159407,0.032875,0.083488,NORMAL
2024-07-24,222.2809,0.0,1.301266,0.115013,0.030409,0.06425,NORMAL
2024-07-24,222.2809,0.0,1.282923,0.102264,0.030346,0.059113,NORMAL
2024-07-24,222.2809,0.0,1.26509,0.087496,0.033381,0.055027,NORMAL
2024-07-24,222.2809,0.0,1.247746,0.091019,0.038193,0.059324,NORMAL
2024-07-24,222.2809,0.0,1.230871,0.093361,0.040995,0.061942,NORMAL
2024-07-24,222.2809,0.0,1.214446,0.105548,0.039765,0.066078,NORMAL
2024-07-25,217.2498,-0.022894,0.999042,0.551279,0.062691,0.258126,NORMAL
2024-07-25,217.0498,-0.000921,0.988064,0.375519,0.065827,0.189704,NORMAL
2024-07-25,217.0498,0.0,0.977324,0.293635,0.053968,0.149835,NORMAL
2024-07-25,217.0498,0.0,0.966815,0.237449,0.041156,0.119673,NORMAL
2024-07-25,217.2498,0.000921,0.95653,0.200654,0.034968,0.101242,NORMAL
2024-07-25,217.2498,0.0,0.946462,0.167935,0.035968,0.088755,NORMAL
2024-07-25,217.2498,0.0,0.936603,0.164933,0.040296,0.090151,NORMAL
2024-07-25,217.2498,0.0,0.926948,0.170943,0.042483,0.093867,NORMAL
2024-07-25,217.2498,0.0,0.917489,0.169703,0.038992,0.091276,NORMAL
2024-07-25,217.2498,0.0,0.908222,0.163415,0.032713,0.084994,NORMAL
2024-07-26,217.0215,-0.001051,0.748554,0.244497,0.032473,0.117282,NORMAL
2024-07-26,216.8218,-0.000921,0.762393,0.249708,0.033051,0.119714,NORMAL
2024-07-26,216.8218,0.0,0.776753,0.228159,0.034079,0.111711,NORMAL
2024-07-26,216.8218,0.0,0.791665,0.230486,0.036237,0.113936,NORMAL
2024-07-26,217.0216,0.000921,0.80716,0.174059,0.0383,0.092604,NORMAL
2024-07-26,217.0216,0.0,0.823274,0.141938,0.041064,0.081414,NORMAL
2024-07-26,217.0215,-0.0,0.840045,0.108745,0.043466,0.069578,NORMAL
2024-07-26,217.0216,0.0,0.857513,0.082494,0.043512,0.059104,NORMAL
2024-07-26,217.0215,-0.0,0.875723,0.073021,0.038828,0.052505,NORMAL
2024-07-26,217.0215,0.0,0.894724,0.094731,0.035119,0.058964,NORMAL
2024-07-29,215.0967,-0.008909,0.793835,0.382027,0.037366,0.17523,NORMAL
2024-07-29,215.0967,0.0,0.807139,0.235283,0.035869,0.115635,NORMAL
2024-07-29,215.0967,0.0,0.820896,0.20133,0.032074,0.099776,NORMAL
2024-07-29,215.2949,0.000921,0.835131,0.122851,0.027781,0.065809,NORMAL
2024-07-29,215.2949,0.0,0.849868,0.094151,0.024096,0.052118,NORMAL
2024-07-29,215.2949,0.0,0.865135,0.081622,0.023086,0.0465,NORMAL
2024-07-29,215.2949,0.0,0.88096,0.075262,0.025216,0.045234,NORMAL
2024-07-29,215.2949,0.0,0.897374,0.070642,0.027924,0.045011,NORMAL
2024-07-29,215.2949,0.0,0.914413,0.068932,0.025471,0.042855,NORMAL
2024-07-29,215.2949,0.0,0.93211,0.072351,0.014526,0.037656,NORMAL
2024-07-30,217.3076,0.009305,1.068922,0.224269,0.02152,0.10262,NORMAL
2024-07-30,217.3076,0.0,1.068864,0.035492,0.026112,0.029864,NORMAL
2024-07-30,217.3076,0.0,1.068806,0.035492,0.027863,0.030914,NORMAL
2024-07-30,217.5078,0.000921,1.068748,0.056942,0.028259,0.039732,NORMAL
2024-07-30,217.5078,0.0,1.068689,0.031909,0.027899,0.029503,NORMAL
2024-07-30,217.5078,0.0,1.068631,0.031909,0.028352,0.029775,NORMAL
2024-07-30,217.5078,0.0,1.068573,0.033388,0.030251,0.031506,NORMAL
2024-07-30,217.5078,0.0,1.068514,0.033852,0.033257,0.033495,NORMAL
2024-07-30,217.5078,0.0,1.068456,0.033852,0.036899,0.03568,NORMAL
2024-07-30,217.5078,0.0,1.068398,0.033963,0.043443,0.039651,NORMAL
2024-07-31,219.7405,0.010213,1.261503,0.338691,0.047249,0.163826,NORMAL
2024-07-31,219.7405,0.0,1.240049,0.114313,0.047942,0.074491,NORMAL
2024-07-31,219.7405,0.0,1.219313,0.092123,0.045689,0.064263,NORMAL
2024-07-31,219.7405,0.0,1.199258,0.086094,0.040815,0.058927,NORMAL
2024-07-31,219.7405,0.0,1.179853,0.08243,0.036106,0.054636,NORMAL
2024-07-31,219.7405,0.0,1.161066,0.078432,0.030831,0.049872,NORMAL
2024-07-31,219.7405,0.0,1.142867,0.074193,0.026029,0.045295,NORMAL
2024-07-31,219.5383,-0.000921,1.125231,0.096447,0.022433,0.052039,NORMAL
2024-07-31,219.5383,0.0,1.10813,0.044331,0.021052,0.030364,NORMAL
2024-07-31,219.5383,0.0,1.091541,0.045177,0.020282,0.03024,NORMAL
2024-08-01,222.4431,0.013145,1.33313,0.432427,0.027401,0.189411,NORMAL
2024-08-01,222.4431,0.0,1.304121,0.157471,0.030471,0.081271,NORMAL
2024-08-01,222.648,0.000921,1.276348,0.152814,0.031112,0.079793,NORMAL
2024-08-01,222.648,0.0,1.249733,0.116573,0.030928,0.065186,NORMAL
2024-08-01,222.4431,-0.000921,1.224205,0.118576,0.030041,0.065455,NORMAL
2024-08-01,222.648,0.000921,1.1997,0.107261,0.029051,0.060335,NORMAL
2024-08-01,222.648,0.0,1.176156,0.072151,0.027913,0.045608,NORMAL
2024-08-01,222.648,0.0,1.153518,0.067237,0.026255,0.042648,NORMAL
2024-08-01,222.648,0.0,1.131736,0.06053,0.023946,0.03858,NORMAL
2024-08-01,222.648,0.0,1.110761,0.052225,0.022,0.03409,NORMAL
2024-08-02,217.2679,-0.024461,1.787927,0.658231,0.074987,0.308285,NORMAL
2024-08-02,217.2679,0.0,1.707625,0.394382,0.068205,0.198676,NORMAL
2024-08-02,217.4681,0.000921,1.634227,0.368229,0.057003,0.181493,NORMAL
2024-08-02,217.4681,0.0,1.566878,0.306172,0.056791,0.156543,NORMAL
2024-08-02,217.2679,-0.000921,1.504861,0.325902,0.055127,0.163437,NORMAL
2024-08-02,217.4681,0.000921,1.447566,0.296862,0.055229,0.151882,NORMAL
2024-08-02,217.4681,0.0,1.394474,0.256392,0.063247,0.140505,NORMAL
2024-08-02,217.4681,0.0,1.345139,0.23063,0.075804,0.137734,NORMAL
2024-08-02,217.4681,0.0,1.299175,0.204622,0.088444,0.134915,NORMAL
2024-08-02,217.4681,0.0,1.256249,0.19961,0.101334,0.140644,NORMAL
2024-08-05,197.5621,-0.095999,1.375906,0.928122,0.467026,0.651464,MEDIUM
2024-08-05,197.562,-1e-06,1.332173,0.74178,0.433292,0.556687,MEDIUM
2024-08-05,197.562,0.0,1.291134,0.702833,0.245143,0.428219,LOW
2024-08-05,197.5621,1e-06,1.252548,0.598249,0.196537,0.357222,NORMAL
2024-08-05,197.5621,0.0,1.216202,0.635032,0.184262,0.36457,NORMAL
2024-08-05,197.5621,0.0,1.181905,0.652748,0.176316,0.366889,NORMAL
2024-08-05,197.3802,-0.000921,1.14949,0.710151,0.160744,0.380507,NORMAL
2024-08-05,197.3802,0.0,1.118805,0.686118,0.149374,0.364072,NORMAL
2024-08-05,197.3802,0.0,1.089716,0.675178,0.151151,0.360762,NORMAL
2024-08-05,197.562,0.000921,1.062101,0.695486,0.168638,0.379377,NORMAL
2024-08-06,203.7244,0.030716,0.628914,0.941793,0.180296,0.484895,LOW
2024-08-06,203.5369,-0.000921,0.639276,0.750134,0.193665,0.416252,LOW
2024-08-06,203.5369,0.0,0.649986,0.701695,0.210097,0.406736,LOW
2024-08-06,203.7244,0.000921,0.66106,0.694199,0.225763,0.413137,LOW
2024-08-06,203.5369,-0.000921,0.672518,0.676717,0.232571,0.410229,LOW
2024-08-06,203.7244,0.000921,0.684381,0.632868,0.227041,0.389372,NORMAL
2024-08-06,203.7244,0.0,0.696669,0.538008,0.210481,0.341492,NORMAL
2024-08-06,203.7244,0.0,0.709407,0.468799,0.190368,0.301741,NORMAL
2024-08-06,203.7244,0.0,0.72262,0.387347,0.171784,0.258009,NORMAL
2024-08-06,203.7244,0.0,0.736334,0.215099,0.174085,0.19049,NORMAL
2024-08-07,205.3121,0.007763,0.691878,0.376653,0.167489,0.251154,NORMAL
2024-08-07,205.3121,0.0,0.713657,0.222027,0.161229,0.185548,NORMAL
2024-08-07,205.3121,0.0,0.736852,0.217564,0.160701,0.183446,NORMAL
2024-08-07,205.3121,0.0,0.761605,0.203216,0.164994,0.180283,NORMAL
2024-08-07,205.3121,0.0,0.788079,0.196587,0.175473,0.183919,NORMAL
2024-08-07,205.3121,0.0,0.81646,0.175027,0.203172,0.191914,NORMAL
2024-08-07,205.3121,0.0,0.846961,0.140733,0.24661,0.20426,NORMAL
2024-08-07,205.1231,-0.000921,0.87983,0.15562,0.280895,0.230785,NORMAL
2024-08-07,205.1231,0.0,0.915353,0.094545,0.313759,0.226073,NORMAL
2024-08-07,205.1231,0.0,0.953865,0.059385,0.265226,0.18289,NORMAL
2024-08-08,211.2798,0.029573,0.720418,0.589868,0.170607,0.338311,NORMAL
2024-08-08,211.2798,0.0,0.733015,0.257881,0.131139,0.181836,NORMAL
2024-08-08,211.2798,0.0,0.74606,0.228626,0.115606,0.160814,NORMAL
2024-08-08,211.4745,0.000921,0.759578,0.22987,0.111219,0.158679,NORMAL
2024-08-08,211.4745,0.0,0.773594,0.182826,0.11296,0.140906,NORMAL
2024-08-08,211.4745,0.0,0.788138,0.17665,0.11838,0.141688,NORMAL
2024-08-08,211.4745,0.0,0.803239,0.157213,0.121575,0.13583,NORMAL
2024-08-08,211.4745,0.0,0.81893,0.157052,0.128434,0.139881,NORMAL
2024-08-08,211.4745,0.0,0.835246,0.154376,0.115535,0.131071,NORMAL
2024-08-08,211.4745,0.0,0.852226,0.136884,0.09051,0.10906,NORMAL
2024-08-09,210.4722,-0.004751,0.77758,0.30764,0.09618,0.180764,NORMAL
2024-08-09,210.2785,-0.000921,0.793155,0.251654,0.10748,0.16515,NORMAL
2024-08-09,210.2785,0.0,0.809366,0.21543,0.120582,0.158521,NORMAL
2024-08-09,210.2785,0.0,0.826254,0.193529,0.128048,0.154241,NORMAL
2024-08-09,210.4722,0.000921,0.843862,0.207027,0.123767,0.157071,NORMAL
2024-08-09,210.4722,0.0,0.862237,0.169254,0.109669,0.133503,NORMAL
2024-08-09,210.4722,0.0,0.88143,0.161507,0.090044,0.118629,NORMAL
2024-08-09,210.4722,0.0,0.901496,0.121461,0.073321,0.092577,NORMAL
2024-08-09,210.4722,0.0,0.922498,0.090172,0.068623,0.077243,NORMAL
2024-08-09,210.4722,0.0,0.944501,0.071649,0.074502,0.073361,NORMAL
2024-08-12,214.4623,0.01878,0.859884,0.435676,0.088172,0.227174,NORMAL
2024-08-12,214.4623,0.0,0.868855,0.127286,0.091492,0.105809,NORMAL
2024-08-12,214.4623,0.0,0.878016,0.093704,0.08321,0.087407,NORMAL
2024-08-12,214.6599,0.000921,0.887372,0.101815,0.069362,0.082343,NORMAL
2024-08-12,214.6599,0.0,0.896929,0.067071,0.05573,0.060267,NORMAL
2024-08-12,214.6599,0.0,0.906695,0.062837,0.044568,0.051875,NORMAL
2024-08-12,214.6599,0.0,0.916676,0.063704,0.036476,0.047367,NORMAL
2024-08-12,214.6599,0.0,0.926878,0.064963,0.031862,0.045102,NORMAL
2024-08-12,214.6599,0.0,0.937311,0.065183,0.030467,0.044354,NORMAL
2024-08-12,214.6599,0.0,0.947981,0.069442,0.024649,0.042566,NORMAL
2024-08-13,217.5807,0.013515,1.098048,0.383569,0.025891,0.168962,NORMAL
2024-08-13,217.3804,-0.000921,1.095387,0.131323,0.026033,0.068149,NORMAL
2024-08-13,217.3804,0.0,1.092739,0.093291,0.02559,0.05267,NORMAL
2024-08-13,217.3804,0.0,1.090104,0.081571,0.024671,0.047431,NORMAL
2024-08-13,217.5807,0.000921,1.087481,0.110061,0.024121,0.058497,NORMAL
2024-08-13,217.5807,0.0,1.084871,0.082853,0.023969,0.047523,NORMAL
2024-08-13,217.5807,0.0,1.082274,0.087849,0.024559,0.049875,NORMAL
2024-08-13,217.5807,0.0,1.079689,0.067377,0.026123,0.042625,NORMAL
2024-08-13,217.5807,0.0,1.077116,0.061903,0.028651,0.041952,NORMAL
2024-08-13,217.5807,0.0,1.074555,0.055367,0.029756,0.04,NORMAL
2024-08-14,218.9288,0.006177,1.016282,0.191584,0.032127,0.09591,NORMAL
2024-08-14,218.9289,0.0,1.011466,0.065885,0.031896,0.045492,NORMAL
2024-08-14,218.9289,0.0,1.006694,0.060424,0.029685,0.04198,NORMAL
2024-08-14,219.1306,0.000921,1.001968,0.090115,0.027412,0.052493,NORMAL
2024-08-14,219.1306,0.0,0.997285,0.066331,0.025513,0.04184,NORMAL
2024-08-14,219.1306,0.0,0.992646,0.071796,0.024288,0.043291,NORMAL
2024-08-14,219.1306,0.0,0.98805,0.07328,0.022557,0.042846,NORMAL
2024-08-14,219.1306,0.0,0.983497,0.0633,0.020276,0.037485,NORMAL
2024-08-14,219.1306,0.0,0.978985,0.062596,0.018087,0.03589,NORMAL
2024-08-14,219.1306,0.0,0.974515,0.069537,0.01438,0.036442,NORMAL
2024-08-15,222.9289,0.017185,1.075123,0.494218,0.018478,0.208774,NORMAL
2024-08-15,222.9289,0.0,1.072318,0.185134,0.019404,0.085696,NORMAL
2024-08-15,223.1343,0.000921,1.069527,0.180568,0.019225,0.083762,NORMAL
2024-08-15,223.1343,0.0,1.066751,0.128413,0.018254,0.062318,NORMAL
2024-08-15,222.9289,-0.000921,1.063989,0.101513,0.01745,0.051075,NORMAL
2024-08-15,223.1343,0.000921,1.061242,0.097173,0.017479,0.049357,NORMAL
2024-08-15,223.1343,0.0,1.058508,0.065827,0.018095,0.037188,NORMAL
2024-08-15,223.1343,0.0,1.055789,0.060908,0.018543,0.035489,NORMAL
2024-08-15,223.1343,0.0,1.053084,0.056787,0.017686,0.033326,NORMAL
2024-08-15,223.1342,-0.0,1.050392,0.053731,0.017367,0.031912,NORMAL
2024-08-16,222.2539,-0.003953,1.000766,0.195002,0.019083,0.089451,NORMAL
2024-08-16,222.2539,0.0,0.998085,0.109054,0.019715,0.05545,NORMAL
2024-08-16,222.4587,0.000921,0.995419,0.12245,0.019193,0.060496,NORMAL
2024-08-16,222.4587,0.0,0.992768,0.095,0.018942,0.049365,NORMAL
2024-08-16,222.2539,-0.000921,0.99013,0.106487,0.019149,0.054084,NORMAL
2024-08-16,222.4587,0.000921,0.987506,0.10688,0.020554,0.055084,NORMAL
2024-08-16,222.4587,0.0,0.984897,0.085591,0.022693,0.047852,NORMAL
2024-08-16,222.4587,0.0,0.982301,0.080491,0.024958,0.047171,NORMAL
2024-08-16,222.4587,0.0,0.979718,0.065338,0.026675,0.04214,NORMAL
2024-08-16,222.4587,0.0,0.977149,0.07436,0.027757,0.046398,NORMAL
2024-08-19,224.0405,0.007085,0.902353,0.237572,0.030282,0.113198,NORMAL
2024-08-19,224.0405,0.0,0.908119,0.065687,0.030104,0.044337,NORMAL
2024-08-19,224.0405,0.0,0.913959,0.06615,0.027754,0.043113,NORMAL
2024-08-19,224.2469,0.000921,0.919875,0.084114,0.024095,0.048103,NORMAL
2024-08-19,224.2469,0.0,0.925868,0.051409,0.020609,0.032929,NORMAL
2024-08-19,224.2469,0.0,0.93194,0.046865,0.017761,0.029402,NORMAL
2024-08-19,224.2469,0.0,0.938092,0.04159,0.015647,0.026024,NORMAL
2024-08-19,224.247,0.0,0.944326,0.037264,0.01401,0.023312,NORMAL
2024-08-19,224.2469,-0.0,0.950643,0.039927,0.012,0.02317,NORMAL
2024-08-19,224.2469,0.0,0.957045,0.040709,0.008171,0.021186,NORMAL
2024-08-20,224.2966,0.000222,0.724649,0.09522,0.011406,0.044931,NORMAL
2024-08-20,224.0902,-0.000921,0.737025,0.133746,0.014243,0.062044,NORMAL
2024-08-20,224.0902,0.0,0.74983,0.11593,0.016446,0.05624,NORMAL
2024-08-20,224.0902,0.0,0.763088,0.107265,0.017843,0.053612,NORMAL
2024-08-20,224.2966,0.000921,0.776824,0.11703,0.018794,0.058088,NORMAL
2024-08-20,224.2966,0.0,0.791063,0.101172,0.019465,0.052148,NORMAL
2024-08-20,224.2966,0.0,0.805833,0.083942,0.019753,0.045428,NORMAL
2024-08-20,224.2966,0.0,0.821166,0.083801,0.019531,0.045239,NORMAL
2024-08-20,224.2966,0.0,0.837094,0.082113,0.018243,0.043791,NORMAL
2024-08-20,224.2966,0.0,0.853652,0.097854,0.01464,0.047926,NORMAL
2024-08-21,225.0417,0.003316,0.987732,0.165728,0.014115,0.07476,NORMAL
2024-08-21,225.0417,0.0,0.996113,0.082509,0.013312,0.040991,NORMAL
2024-08-21,225.0417,0.0,1.004636,0.06962,0.01176,0.034904,NORMAL
2024-08-21,225.0417,0.0,1.013307,0.07097,0.010235,0.034529,NORMAL
2024-08-21,225.0417,0.0,1.022129,0.071238,0.009973,0.034479,NORMAL
2024-08-21,225.0417,0.0,1.031106,0.059119,0.010157,0.029742,NORMAL
2024-08-21,225.0417,0.0,1.040242,0.053159,0.010378,0.02749,NORMAL
2024-08-21,224.8346,-0.000921,1.049541,0.079636,0.01167,0.038857,NORMAL
2024-08-21,224.8346,0.0,1.059008,0.06091,0.012737,0.032006,NORMAL
2024-08-21,224.8346,0.0,1.068647,0.062325,0.013078,0.032777,NORMAL
2024-08-22,226.0951,0.005591,1.316042,0.245897,0.016548,0.108288,NORMAL
2024-08-22,226.0951,0.0,1.290017,0.10626,0.017698,0.053123,NORMAL
2024-08-22,226.0951,0.0,1.265002,0.08359,0.01849,0.04453,NORMAL
2024-08-22,226.3034,0.000921,1.240938,0.109955,0.01977,0.055844,NORMAL
2024-08-22,226.3034,0.0,1.217773,0.067808,0.021159,0.039819,NORMAL
2024-08-22,226.3034,0.0,1.195457,0.06047,0.022116,0.037458,NORMAL
2024-08-22,226.3034,0.0,1.173944,0.056914,0.021818,0.035857,NORMAL
2024-08-22,226.3034,0.0,1.153191,0.055717,0.019564,0.034025,NORMAL
2024-08-22,226.3034,0.0,1.13316,0.050564,0.015855,0.029738,NORMAL
2024-08-22,226.3034,0.0,1.113812,0.050681,0.014987,0.029265,NORMAL
2024-08-23,224.1873,-0.009395,0.98101,0.250207,0.025452,0.115354,NORMAL
2024-08-23,223.981,-0.000921,0.976168,0.118396,0.029007,0.064763,NORMAL
2024-08-23,223.981,0.0,0.971372,0.085721,0.026644,0.050275,NORMAL
2024-08-23,223.981,0.0,0.966624,0.073752,0.023889,0.043834,NORMAL
2024-08-23,224.1874,0.000921,0.961922,0.079928,0.022395,0.045408,NORMAL
2024-08-23,224.1873,-0.0,0.957266,0.053438,0.021806,0.034458,NORMAL
2024-08-23,224.1873,0.0,0.952654,0.051262,0.021763,0.033563,NORMAL
2024-08-23,224.1873,0.0,0.948086,0.055709,0.021915,0.035433,NORMAL
2024-08-23,224.1873,0.0,0.943563,0.057968,0.021742,0.036233,NORMAL
2024-08-23,224.1873,0.0,0.939082,0.057408,0.019514,0.034671,NORMAL
2024-08-26,225.0728,0.003942,0.75502,0.203396,0.022872,0.095082,NORMAL
2024-08-26,225.0728,0.0,0.767415,0.107173,0.023551,0.057,NORMAL
2024-08-26,225.0728,0.0,0.780224,0.108557,0.022623,0.056997,NORMAL
2024-08-26,225.2802,0.000921,0.793467,0.12061,0.021077,0.06089,NORMAL
2024-08-26,225.2801,-0.0,0.807169,0.089747,0.019409,0.047544,NORMAL
2024-08-26,225.2802,0.0,0.821351,0.085559,0.017776,0.04489,NORMAL
2024-08-26,225.2801,-0.0,0.836041,0.075783,0.015942,0.039879,NORMAL
2024-08-26,225.2801,0.0,0.851266,0.070507,0.014184,0.036713,NORMAL
2024-08-26,225.2801,0.0,0.867055,0.060234,0.011324,0.030888,NORMAL
2024-08-26,225.2801,0.0,0.883442,0.06023,0.010651,0.030483,NORMAL
2024-08-27,224.5251,-0.003357,1.041504,0.126476,0.015681,0.059999,NORMAL
2024-08-27,224.3184,-0.000921,1.04566,0.083509,0.01855,0.044533,NORMAL
2024-08-27,224.3184,0.0,1.049849,0.05742,0.019207,0.034492,NORMAL
2024-08-27,224.3184,0.0,1.054072,0.055813,0.019332,0.033924,NORMAL
2024-08-27,224.5251,0.000921,1.05833,0.085592,0.020704,0.046659,NORMAL
2024-08-27,224.5251,0.0,1.062621,0.06017,0.023959,0.038444,NORMAL
2024-08-27,224.5251,0.0,1.066948,0.060542,0.027137,0.040499,NORMAL
2024-08-27,224.5251,0.0,1.07131,0.067679,0.02693,0.043229,NORMAL
2024-08-27,224.5251,0.0,1.075708,0.069357,0.020866,0.040263,NORMAL
2024-08-27,224.5251,0.0,1.080142,0.069196,0.012926,0.035434,NORMAL
2024-08-28,226.4326,0.00846,1.131129,0.26467,0.017815,0.116557,NORMAL
2024-08-28,226.4326,0.0,1.118741,0.07127,0.020362,0.040725,NORMAL
2024-08-28,226.4326,0.0,1.106622,0.06097,0.021087,0.03704,NORMAL
2024-08-28,226.4326,0.0,1.094763,0.053887,0.020558,0.033889,NORMAL
2024-08-28,226.4326,0.0,1.083155,0.053102,0.02005,0.033271,NORMAL
2024-08-28,226.4326,0.0,1.07179,0.046794,0.019594,0.030474,NORMAL
2024-08-28,226.2241,-0.000921,1.060662,0.076814,0.019203,0.042247,NORMAL
2024-08-28,226.2242,0.0,1.049762,0.050436,0.017848,0.030883,NORMAL
2024-08-28,226.2241,-0.0,1.039084,0.050464,0.015244,0.029332,NORMAL
2024-08-28,226.4326,0.000921,1.028621,0.076378,0.012728,0.038188,NORMAL
2024-08-29,228.5984,0.009519,1.373474,0.3877,0.020121,0.167152,NORMAL
2024-08-29,228.388,-0.000921,1.345051,0.189544,0.022265,0.089177,NORMAL
2024-08-29,228.388,0.0,1.317782,0.122443,0.022367,0.062397,NORMAL
2024-08-29,228.5984,0.000921,1.291595,0.130681,0.023003,0.066074,NORMAL
2024-08-29,228.388,-0.000921,1.26643,0.140708,0.025381,0.071512,NORMAL
2024-08-29,228.5984,0.000921,1.242226,0.114786,0.028893,0.06325,NORMAL
2024-08-29,228.5984,0.0,1.21893,0.085439,0.031119,0.052847,NORMAL
2024-08-29,228.5984,0.0,1.196492,0.075625,0.029665,0.048049,NORMAL
2024-08-29,228.5984,0.0,1.174865,0.06541,0.024947,0.041132,NORMAL
2024-08-29,228.5984,0.0,1.154005,0.064793,0.019666,0.037717,NORMAL
2024-08-30,228.4773,-0.00053,1.158872,0.106552,0.020511,0.054927,NORMAL
2024-08-30,228.4773,0.0,1.140246,0.077608,0.021327,0.043839,NORMAL
2024-08-30,228.4773,0.0,1.12221,0.073589,0.021917,0.042586,NORMAL
2024-08-30,228.6878,0.000921,1.104735,0.08251,0.022111,0.04627,NORMAL
2024-08-30,228.6878,0.0,1.087796,0.061948,0.022864,0.038497,NORMAL
2024-08-30,228.6878,0.0,1.071369,0.061459,0.02329,0.038557,NORMAL
2024-08-30,228.6878,0.0,1.05543,0.055907,0.023363,0.03638,NORMAL
2024-08-30,228.6878,0.0,1.039959,0.054772,0.023228,0.035846,NORMAL
2024-08-30,228.6878,0.0,1.024935,0.068988,0.023252,0.041546,NORMAL
2024-08-30,228.6878,0.0,1.010339,0.102524,0.02456,0.055746,NORMAL
2024-09-03,227.0585,-0.00715,0.958517,0.267841,0.027082,0.123386,NORMAL
2024-09-03,226.8495,-0.000921,0.96009,0.167832,0.027373,0.083557,NORMAL
2024-09-03,226.8495,0.0,0.961668,0.112254,0.026509,0.060807,NORMAL
2024-09-03,227.0585,0.000921,0.963251,0.100165,0.024694,0.054882,NORMAL
2024-09-03,226.8495,-0.000921,0.96484,0.096551,0.022913,0.052368,NORMAL
2024-09-03,227.0585,0.000921,0.966433,0.0858,0.020925,0.046875,NORMAL
2024-09-03,227.0585,0.0,0.968032,0.054088,0.019061,0.033072,NORMAL
2024-09-03,227.0585,0.0,0.969637,0.053396,0.01621,0.031085,NORMAL
2024-09-03,227.0585,0.0,0.971246,0.051258,0.012103,0.027765,NORMAL
2024-09-03,227.0585,0.0,0.972861,0.052449,0.012893,0.028715,NORMAL
2024-09-04,220.0108,-0.031531,0.857373,0.651679,0.046447,0.28854,NORMAL
2024-09-04,220.0107,-0.0,0.865114,0.408211,0.060136,0.199366,NORMAL
2024-09-04,220.0107,0.0,0.872996,0.356893,0.053111,0.174624,NORMAL
2024-09-04,220.2134,0.000921,0.881023,0.297606,0.042618,0.144613,NORMAL
2024-09-04,220.2134,0.0,0.889199,0.246938,0.038254,0.121727,NORMAL
2024-09-04,220.2134,0.0,0.897528,0.245238,0.035839,0.119598,NORMAL
2024-09-04,220.2134,0.0,0.906014,0.239533,0.033094,0.11567,NORMAL
2024-09-04,220.2134,0.0,0.914663,0.23175,0.03057,0.111042,NORMAL
2024-09-04,220.2134,0.0,0.923478,0.233426,0.029508,0.111075,NORMAL
2024-09-04,220.2134,0.0,0.932465,0.221357,0.030142,0.106628,NORMAL
2024-09-05,219.981,-0.001056,0.790204,0.307154,0.030458,0.141137,NORMAL
2024-09-05,219.981,0.0,0.801951,0.269312,0.03092,0.126277,NORMAL
2024-09-05,219.981,0.0,0.814053,0.268512,0.031526,0.12632,NORMAL
2024-09-05,220.1836,0.000921,0.826526,0.24805,0.032345,0.118627,NORMAL
2024-09-05,220.1836,0.0,0.839387,0.199429,0.03306,0.099608,NORMAL
2024-09-05,220.1836,0.0,0.852654,0.18276,0.033681,0.093313,NORMAL
2024-09-05,220.1836,0.0,0.866348,0.146471,0.034062,0.079026,NORMAL
2024-09-05,220.1836,0.0,0.880489,0.113482,0.034128,0.06587,NORMAL
2024-09-05,220.1836,0.0,0.895098,0.070676,0.033661,0.048467,NORMAL
2024-09-05,220.1836,0.0,0.910201,0.106041,0.034181,0.062925,NORMAL
2024-09-06,222.4885,0.010414,1.196902,0.320459,0.045188,0.155297,NORMAL
2024-09-06,222.2837,-0.000921,1.190161,0.144648,0.047514,0.086368,NORMAL
2024-09-06,222.2837,0.0,1.183496,0.087754,0.046248,0.06285,NORMAL
2024-09-06,222.2837,0.0,1.176905,0.072448,0.045496,0.056277,NORMAL
2024-09-06,222.4885,0.000921,1.170387,0.085101,0.043615,0.060209,NORMAL
2024-09-06,222.4885,0.0,1.163941,0.062168,0.043681,0.051076,NORMAL
2024-09-06,222.4885,0.0,1.157565,0.05975,0.044425,0.050555,NORMAL
2024-09-06,222.4885,0.0,1.151259,0.054927,0.044888,0.048904,NORMAL
2024-09-06,222.4885,0.0,1.145021,0.0536,0.04156,0.046376,NORMAL
2024-09-06,222.4885,0.0,1.13885,0.049761,0.033512,0.040011,NORMAL
2024-09-09,219.177,-0.014996,1.525174,0.460283,0.050726,0.214549,NORMAL
2024-09-09,219.177,0.0,1.474032,0.221726,0.052926,0.120446,NORMAL
2024-09-09,219.177,0.0,1.426209,0.202645,0.048519,0.110169,NORMAL
2024-09-09,219.3789,0.000921,1.381392,0.196304,0.049119,0.107993,NORMAL
2024-09-09,219.3789,0.0,1.339305,0.150248,0.053181,0.092008,NORMAL
2024-09-09,219.3789,0.0,1.299707,0.128349,0.056779,0.085407,NORMAL
2024-09-09,219.3789,0.0,1.262383,0.112781,0.058218,0.080043,NORMAL
2024-09-09,219.3789,0.0,1.227143,0.113044,0.056826,0.079313,NORMAL
2024-09-09,219.3789,0.0,1.193817,0.105833,0.052964,0.074112,NORMAL
2024-09-09,219.3789,0.0,1.162254,0.103444,0.05163,0.072356,NORMAL
2024-09-10,217.2911,-0.009562,0.890115,0.32153,0.060945,0.165179,NORMAL
2024-09-10,217.2911,0.0,0.887689,0.163656,0.070914,0.108011,NORMAL
2024-09-10,217.4913,0.000921,0.885277,0.142931,0.078943,0.104538,NORMAL
2024-09-10,217.4913,0.0,0.882877,0.105401,0.086604,0.094123,NORMAL
2024-09-10,217.2911,-0.000921,0.88049,0.134525,0.090618,0.108181,NORMAL
2024-09-10,217.4913,0.000921,0.878116,0.128311,0.08592,0.102877,NORMAL
2024-09-10,217.4913,0.0,0.875755,0.097678,0.072247,0.082419,NORMAL
2024-09-10,217.4913,0.0,0.873407,0.082588,0.05402,0.065447,NORMAL
2024-09-10,217.4913,0.0,0.871071,0.072946,0.03877,0.05244,NORMAL
2024-09-10,217.4913,0.0,0.868747,0.065532,0.028114,0.043081,NORMAL
2024-09-11,220.0147,0.011536,0.765367,0.306149,0.036048,0.144088,NORMAL
2024-09-11,220.0147,0.0,0.780502,0.091051,0.041914,0.061569,NORMAL
2024-09-11,220.0148,0.0,0.796247,0.08317,0.045538,0.06059,NORMAL
2024-09-11,220.0147,-0.0,0.812641,0.070827,0.047527,0.056847,NORMAL
2024-09-11,220.0147,0.0,0.829724,0.060854,0.04902,0.053754,NORMAL
2024-09-11,220.0147,0.0,0.847541,0.055162,0.049836,0.051967,NORMAL
2024-09-11,220.0147,0.0,0.866139,0.050624,0.049191,0.049764,NORMAL
2024-09-11,219.8122,-0.000921,0.885572,0.096044,0.045818,0.065908,NORMAL
2024-09-11,219.8122,0.0,0.905898,0.071409,0.03699,0.050758,NORMAL
2024-09-11,219.8122,0.0,0.927178,0.070175,0.029758,0.045924,NORMAL
2024-09-12,220.8445,0.004685,0.790498,0.188183,0.02915,0.092763,NORMAL
2024-09-12,220.8445,0.0,0.802468,0.072772,0.027663,0.045707,NORMAL
2024-09-12,221.048,0.000921,0.814806,0.08159,0.024636,0.047417,NORMAL
2024-09-12,221.048,0.0,0.827529,0.053196,0.021458,0.034153,NORMAL
2024-09-12,220.8445,-0.000921,0.840656,0.098293,0.018792,0.050592,NORMAL
2024-09-12,221.048,0.000921,0.854206,0.08274,0.017604,0.043658,NORMAL
2024-09-12,221.048,0.0,0.8682,0.056409,0.017762,0.033221,NORMAL
2024-09-12,221.0479,-0.0,0.88266,0.055402,0.01733,0.032559,NORMAL
2024-09-12,221.048,0.0,0.897611,0.051271,0.013863,0.028826,NORMAL
2024-09-12,221.048,0.0,0.913076,0.056766,0.011083,0.029356,NORMAL
2024-09-13,221.9164,0.003921,0.904905,0.15197,0.011294,0.067564,NORMAL
2024-09-13,221.9164,0.0,0.913699,0.063269,0.011046,0.031935,NORMAL
2024-09-13,222.1209,0.000921,0.922665,0.081119,0.010935,0.039009,NORMAL
2024-09-13,222.1209,0.0,0.931808,0.049938,0.010974,0.02656,NORMAL
2024-09-13,221.9164,-0.000921,0.941135,0.075171,0.011367,0.036889,NORMAL
2024-09-13,222.1209,0.000921,0.950651,0.064377,0.0122,0.033071,NORMAL
2024-09-13,222.1209,0.0,0.96036,0.042267,0.0125,0.024407,NORMAL
2024-09-13,222.1209,0.0,0.97027,0.045049,0.011329,0.024817,NORMAL
2024-09-13,222.1209,0.0,0.980387,0.043857,0.00873,0.02278,NORMAL
2024-09-13,222.1209,0.0,0.990717,0.04305,0.006304,0.021002,NORMAL
2024-09-16,214.9288,-0.032915,1.553607,0.710837,0.064672,0.323138,NORMAL
2024-09-16,215.1268,0.000921,1.510317,0.480834,0.064766,0.231193,NORMAL
2024-09-16,215.1268,0.0,1.469375,0.395214,0.044523,0.184799,NORMAL
2024-09-16,215.1268,0.0,1.430593,0.336179,0.040955,0.159044,NORMAL
2024-09-16,215.1268,0.0,1.393806,0.30866,0.037339,0.145867,NORMAL
2024-09-16,215.1269,0.0,1.358864,0.286302,0.032685,0.134131,NORMAL
2024-09-16,215.1269,0.0,1.325631,0.277753,0.032423,0.130555,NORMAL
2024-09-16,215.1269,0.0,1.293984,0.279065,0.034372,0.132249,NORMAL
2024-09-16,214.9288,-0.000921,1.263813,0.29649,0.035266,0.139755,NORMAL
2024-09-16,214.9288,0.0,1.235017,0.261925,0.037145,0.127057,NORMAL
2024-09-17,214.1447,-0.003655,0.938549,0.329799,0.03629,0.153693,NORMAL
2024-09-17,214.1447,0.0,0.930156,0.251078,0.036456,0.122305,NORMAL
2024-09-17,214.342,0.000921,0.921912,0.268924,0.036329,0.129367,NORMAL
2024-09-17,214.342,0.0,0.913812,0.227293,0.036117,0.112587,NORMAL
2024-09-17,214.1447,-0.000921,0.905854,0.249075,0.036401,0.121471,NORMAL
2024-09-17,214.342,0.000921,0.898032,0.242827,0.035527,0.118447,NORMAL
2024-09-17,214.342,0.0,0.890345,0.192026,0.034499,0.09751,NORMAL
2024-09-17,214.342,0.0,0.882789,0.141325,0.033752,0.076781,NORMAL
2024-09-17,214.342,0.0,0.875359,0.109628,0.033366,0.06387,NORMAL
2024-09-17,214.342,0.0,0.868054,0.094281,0.03504,0.058736,NORMAL
2024-09-18,215.9313,0.007387,1.141611,0.232317,0.042035,0.118148,NORMAL
2024-09-18,215.9313,0.0,1.141027,0.086362,0.043164,0.060443,NORMAL
2024-09-18,215.9313,0.0,1.140443,0.082334,0.041767,0.057994,NORMAL
2024-09-18,216.1303,0.000921,1.13986,0.094613,0.041542,0.06277,NORMAL
2024-09-18,216.1303,0.0,1.139277,0.069438,0.044914,0.054723,NORMAL
2024-09-18,216.1303,0.0,1.138695,0.071017,0.053761,0.060664,NORMAL
2024-09-18,216.1303,0.0,1.138113,0.066332,0.06556,0.065869,NORMAL
2024-09-18,216.1303,0.0,1.137533,0.065471,0.072734,0.069829,NORMAL
2024-09-18,216.1303,0.0,1.136952,0.065667,0.062784,0.063937,NORMAL
2024-09-18,216.1303,0.0,1.136373,0.065667,0.036724,0.048301,NORMAL
2024-09-19,223.316,0.032706,1.241976,0.673261,0.055689,0.302718,NORMAL
2024-09-19,223.316,0.0,1.217897,0.336441,0.073105,0.17844,NORMAL
2024-09-19,223.5217,0.000921,1.194733,0.343692,0.08884,0.190781,NORMAL
2024-09-19,223.5217,0.0,1.172435,0.265339,0.100594,0.166492,NORMAL
2024-09-19,223.316,-0.000921,1.150953,0.263617,0.106481,0.169335,NORMAL
2024-09-19,223.5217,0.000921,1.130245,0.243488,0.108062,0.162232,NORMAL
2024-09-19,223.5217,0.0,1.110268,0.217284,0.10564,0.150298,NORMAL
2024-09-19,223.5217,0.0,1.090986,0.21648,0.09919,0.146106,NORMAL
2024-09-19,223.5217,0.0,1.072361,0.201476,0.088035,0.133411,NORMAL
2024-09-19,223.5217,0.0,1.054362,0.190164,0.076143,0.121752,NORMAL
2024-09-20,228.2589,0.020972,4.17791,0.829336,0.945308,0.898919,HIGH
2024-09-20,228.2589,0.0,3.57198,0.585131,1.0,0.834052,HIGH
2024-09-20,228.4692,0.000921,3.119546,0.597176,0.632016,0.61808,MEDIUM
2024-09-20,228.4692,0.0,2.76884,0.56615,0.368716,0.44769,LOW
2024-09-20,228.2589,-0.000921,2.489019,0.584429,0.467844,0.514478,LOW
2024-09-20,228.4692,0.000921,2.260564,0.545131,0.639237,0.601595,MEDIUM
2024-09-20,228.4692,0.0,2.070522,0.487353,0.700789,0.615414,MEDIUM
2024-09-20,228.4692,0.0,1.909954,0.431603,0.661403,0.569483,MEDIUM
2024-09-20,228.4692,0.0,1.772499,0.384723,0.568043,0.494715,LOW
2024-09-20,228.4692,0.0,1.653499,0.292343,0.482587,0.406489,LOW
2024-09-23,225.6485,-0.012423,0.281865,0.517091,0.46678,0.486904,LOW
2024-09-23,225.6485,0.0,0.282795,0.342086,0.466482,0.416724,LOW
2024-09-23,225.6485,0.0,0.283732,0.337285,0.492973,0.430698,LOW
2024-09-23,225.8564,0.000921,0.284674,0.356574,0.538594,0.465786,LOW
2024-09-23,225.8563,-0.0,0.285623,0.321882,0.597095,0.48701,LOW
2024-09-23,225.8564,0.0,0.286578,0.31345,0.662837,0.523082,LOW
2024-09-23,225.8564,0.0,0.287539,0.308059,0.725914,0.558772,MEDIUM
2024-09-23,225.8564,0.0,0.288507,0.309805,0.764496,0.582619,MEDIUM
2024-09-23,225.8564,0.0,0.289482,0.300413,0.752246,0.571513,MEDIUM
2024-09-23,225.8564,0.0,0.290463,0.284573,0.688643,0.527015,LOW
2024-09-24,227.1578,0.005746,0.25227,0.381892,0.600189,0.51287,LOW
2024-09-24,226.9487,-0.000921,0.274109,0.312357,0.550692,0.455358,LOW
2024-09-24,226.9487,0.0,0.300088,0.301322,0.558622,0.455702,LOW
2024-09-24,226.9487,0.0,0.331507,0.293496,0.618292,0.488374,LOW
2024-09-24,227.1578,0.000921,0.370274,0.297767,0.706249,0.542856,LOW
2024-09-24,227.1578,0.0,0.419309,0.274197,0.785091,0.580733,MEDIUM
2024-09-24,227.1578,0.0,0.483314,0.228385,0.78991,0.5653,MEDIUM
2024-09-24,227.1578,0.0,0.570379,0.185008,0.628451,0.451073,LOW
2024-09-24,227.1578,0.0,0.695704,0.123991,0.441863,0.314714,NORMAL
2024-09-24,227.1578,0.0,0.89161,0.064418,0.677962,0.432544,LOW
2024-09-25,223.2564,-0.017324,0.876697,0.401759,0.392051,0.395934,NORMAL
2024-09-25,223.2564,0.0,0.887583,0.168749,0.271365,0.230319,NORMAL
2024-09-25,223.2564,0.0,0.898742,0.133831,0.205119,0.176604,NORMAL
2024-09-25,223.4621,0.000921,0.910186,0.118073,0.162081,0.144478,NORMAL
2024-09-25,223.4621,0.0,0.921924,0.090135,0.146034,0.123675,NORMAL
2024-09-25,223.4621,0.0,0.93397,0.089516,0.151265,0.126565,NORMAL
2024-09-25,223.4621,0.0,0.946334,0.084378,0.179236,0.141293,NORMAL
2024-09-25,223.4621,0.0,0.95903,0.083768,0.226254,0.16926,NORMAL
2024-09-25,223.4621,0.0,0.972072,0.087729,0.147914,0.12384,NORMAL
2024-09-25,223.4621,0.0,0.985473,0.096523,0.053594,0.070766,NORMAL
2024-09-26,225.8166,0.010481,0.86029,0.283858,0.053262,0.1455,NORMAL
2024-09-26,225.6088,-0.000921,0.867337,0.105822,0.053152,0.07422,NORMAL
2024-09-26,225.6088,0.0,0.874499,0.077425,0.052488,0.062463,NORMAL
2024-09-26,225.6088,0.0,0.881781,0.076834,0.051062,0.061371,NORMAL
2024-09-26,225.8166,0.000921,0.889185,0.094176,0.049251,0.067221,NORMAL
2024-09-26,225.8166,0.0,0.896715,0.064541,0.047688,0.054429,NORMAL
2024-09-26,225.8166,0.0,0.904373,0.064476,0.047129,0.054068,NORMAL
2024-09-26,225.8166,0.0,0.912163,0.067131,0.047739,0.055496,NORMAL
2024-09-26,225.8166,0.0,0.920088,0.064425,0.048952,0.055141,NORMAL
2024-09-26,225.8166,0.0,0.928153,0.061672,0.050679,0.055076,NORMAL
2024-09-27,226.9691,0.005091,0.871153,0.175272,0.053504,0.102211,NORMAL
2024-09-27,226.7602,-0.000921,0.880489,0.082727,0.056212,0.066818,NORMAL
2024-09-27,226.7602,0.0,0.890027,0.055618,0.057107,0.056512,NORMAL
2024-09-27,226.7601,-0.0,0.899774,0.055064,0.05504,0.05505,NORMAL
2024-09-27,226.9691,0.000921,0.909737,0.069801,0.050119,0.057992,NORMAL
2024-09-27,226.9691,0.0,0.919923,0.052288,0.042915,0.046665,NORMAL
2024-09-27,226.9691,0.0,0.930339,0.050759,0.033969,0.040685,NORMAL
2024-09-27,226.969,-0.0,0.940994,0.048458,0.024551,0.034114,NORMAL
2024-09-27,226.9691,0.0,0.951896,0.03912,0.015281,0.024817,NORMAL
2024-09-27,226.969,-0.0,0.963054,0.048296,0.00809,0.024172,NORMAL
2024-09-30,228.3284,0.005971,1.505576,0.335782,0.030699,0.152732,NORMAL
2024-09-30,228.3284,0.0,1.469266,0.188683,0.037648,0.098062,NORMAL
2024-09-30,228.3284,0.0,1.434666,0.167538,0.035782,0.088484,NORMAL
2024-09-30,228.5387,0.000921,1.401659,0.179333,0.031649,0.090722,NORMAL
2024-09-30,228.5388,0.0,1.370136,0.126796,0.028117,0.067589,NORMAL
2024-09-30,228.5387,-0.0,1.34,0.121401,0.026273,0.064324,NORMAL
2024-09-30,228.5387,0.0,1.311161,0.110594,0.026258,0.059993,NORMAL
2024-09-30,228.5388,0.0,1.283537,0.101619,0.027254,0.057,NORMAL
2024-09-30,228.5387,-0.0,1.257053,0.084243,0.027767,0.050357,NORMAL
2024-09-30,228.5387,0.0,1.23164,0.086998,0.027941,0.051564,NORMAL
2024-10-01,228.0221,-0.002263,1.383372,0.21078,0.033756,0.104566,NORMAL
2024-10-01,227.8123,-0.000921,1.340504,0.146978,0.038366,0.081811,NORMAL
2024-10-01,227.8123,0.0,1.300213,0.101725,0.040974,0.065275,NORMAL
2024-10-01,227.8123,0.0,1.262273,0.086377,0.042799,0.06023,NORMAL
2024-10-01,228.0221,0.000921,1.226484,0.119155,0.044867,0.074582,NORMAL
2024-10-01,228.0221,0.0,1.192669,0.091567,0.046077,0.064273,NORMAL
2024-10-01,228.0222,0.0,1.160669,0.083129,0.046226,0.060987,NORMAL
2024-10-01,228.0222,0.0,1.130341,0.073912,0.045337,0.056767,NORMAL
2024-10-01,228.0222,0.0,1.101557,0.078662,0.043724,0.057699,NORMAL
2024-10-01,228.0222,0.0,1.074203,0.085063,0.042758,0.05968,NORMAL
2024-10-02,224.2093,-0.016863,0.56857,0.567896,0.082415,0.276607,NORMAL
2024-10-02,224.2093,0.0,0.579421,0.348587,0.109319,0.205026,NORMAL
2024-10-02,224.2093,0.0,0.590695,0.337229,0.126972,0.211075,NORMAL
2024-10-02,224.4158,0.000921,0.602416,0.258303,0.134904,0.184264,NORMAL
2024-10-02,224.4158,0.0,0.614612,0.229918,0.132552,0.171498,NORMAL
2024-10-02,224.4158,0.0,0.627312,0.224252,0.121139,0.162384,NORMAL
2024-10-02,224.4158,0.0,0.640548,0.221834,0.104072,0.151176,NORMAL
2024-10-02,224.4158,0.0,0.654354,0.214654,0.08582,0.137354,NORMAL
2024-10-02,224.4159,0.0,0.668769,0.204637,0.071777,0.124921,NORMAL
2024-10-02,224.4158,-0.0,0.683833,0.180253,0.07396,0.116477,NORMAL
2024-10-03,223.6707,-0.003326,0.730237,0.253341,0.069062,0.142773,NORMAL
2024-10-03,223.4649,-0.000921,0.753879,0.230326,0.06423,0.130669,NORMAL
2024-10-03,223.4649,0.0,0.779103,0.194761,0.059768,0.113765,NORMAL
2024-10-03,223.4648,-0.0,0.806073,0.184011,0.055804,0.107087,NORMAL
2024-10-03,223.6707,0.000921,0.834977,0.123134,0.05174,0.080298,NORMAL
2024-10-03,223.6707,0.0,0.866032,0.080914,0.047495,0.060862,NORMAL
2024-10-03,223.6707,0.0,0.899486,0.073081,0.043332,0.055231,NORMAL
2024-10-03,223.6707,0.0,0.935628,0.056565,0.039885,0.046557,NORMAL
2024-10-03,223.6707,0.0,0.974796,0.055759,0.037567,0.044844,NORMAL
2024-10-03,223.6707,0.0,1.017387,0.081503,0.039507,0.056306,NORMAL
2024-10-04,226.4127,0.012185,1.105832,0.344271,0.04455,0.164438,NORMAL
2024-10-04,226.2043,-0.000921,1.098713,0.105785,0.045196,0.069432,NORMAL
2024-10-04,226.2043,0.0,1.091685,0.061222,0.044989,0.051482,NORMAL
2024-10-04,226.2043,0.0,1.084747,0.049771,0.044023,0.046322,NORMAL
2024-10-04,226.4127,0.000921,1.077896,0.068876,0.04487,0.054472,NORMAL
2024-10-04,226.4127,0.0,1.071131,0.037284,0.047729,0.043551,NORMAL
2024-10-04,226.4127,0.0,1.064451,0.035278,0.049656,0.043905,NORMAL
2024-10-04,226.4127,0.0,1.057853,0.037652,0.045574,0.042405,NORMAL
2024-10-04,226.4127,0.0,1.051337,0.036509,0.034274,0.035168,NORMAL
2024-10-04,226.4127,0.0,1.0449,0.041049,0.028863,0.033737,NORMAL
2024-10-07,222.8296,-0.015952,1.099886,0.328931,0.041392,0.156407,NORMAL
2024-10-07,222.8296,0.0,1.091588,0.083302,0.042621,0.058893,NORMAL
2024-10-07,222.8296,0.0,1.083413,0.092114,0.036294,0.058622,NORMAL
2024-10-07,223.0349,0.000921,1.07536,0.108433,0.032463,0.062851,NORMAL
2024-10-07,223.0349,0.0,1.067426,0.075533,0.031068,0.048854,NORMAL
2024-10-07,223.0349,0.0,1.059609,0.07578,0.030595,0.048669,NORMAL
2024-10-07,223.0349,0.0,1.051905,0.072088,0.029615,0.046604,NORMAL
2024-10-07,223.0349,0.0,1.044312,0.073531,0.027103,0.045674,NORMAL
2024-10-07,223.0349,0.0,1.036828,0.074406,0.02328,0.043731,NORMAL
2024-10-07,223.0349,0.0,1.02945,0.08692,0.019659,0.046564,NORMAL
2024-10-08,222.6311,-0.001812,0.835981,0.156185,0.02299,0.076268,NORMAL
2024-10-08,222.6311,0.0,0.841935,0.100817,0.026925,0.056482,NORMAL
2024-10-08,222.6311,0.0,0.847974,0.09764,0.030877,0.057582,NORMAL
2024-10-08,222.8362,0.000921,0.8541,0.11529,0.032721,0.065749,NORMAL
2024-10-08,222.8362,0.0,0.860316,0.083598,0.034157,0.053934,NORMAL
2024-10-08,222.8362,0.0,0.866623,0.076086,0.033147,0.050322,NORMAL
2024-10-08,222.8362,0.0,0.873023,0.069538,0.029301,0.045396,NORMAL
2024-10-08,222.8362,0.0,0.879518,0.056877,0.02333,0.036748,NORMAL
2024-10-08,222.8362,0.0,0.886111,0.059645,0.016534,0.033779,NORMAL
2024-10-08,222.8362,0.0,0.892803,0.093162,0.009796,0.043142,NORMAL
2024-10-09,223.5542,0.003217,0.949308,0.165119,0.012066,0.073287,NORMAL
2024-10-09,223.5542,0.0,0.957308,0.077427,0.012744,0.038617,NORMAL
2024-10-09,223.5542,0.0,0.965444,0.077088,0.012442,0.0383,NORMAL
2024-10-09,223.7601,0.000921,0.97372,0.090799,0.012503,0.043821,NORMAL
2024-10-09,223.7601,0.0,0.982139,0.065608,0.013343,0.034249,NORMAL
2024-10-09,223.7602,0.0,0.990705,0.059742,0.015036,0.032918,NORMAL
2024-10-09,223.7601,-0.0,0.999421,0.055382,0.01713,0.032431,NORMAL
2024-10-09,223.7602,0.0,1.008293,0.048427,0.018373,0.030395,NORMAL
2024-10-09,223.7601,-0.0,1.017323,0.048405,0.016047,0.02899,NORMAL
2024-10-09,223.7601,0.0,1.026516,0.047717,0.008817,0.024377,NORMAL
2024-10-10,226.0852,0.010337,0.866124,0.344058,0.013852,0.145934,NORMAL
2024-10-10,226.0852,0.0,0.871039,0.125411,0.01624,0.059909,NORMAL
2024-10-10,226.2935,0.000921,0.87601,0.129614,0.017288,0.062219,NORMAL
2024-10-10,226.2935,0.0,0.881038,0.093515,0.017805,0.048089,NORMAL
2024-10-10,226.0852,-0.000921,0.886125,0.082067,0.017983,0.043617,NORMAL
2024-10-10,226.2935,0.000921,0.89127,0.068078,0.018569,0.038373,NORMAL
2024-10-10,226.2935,0.0,0.896475,0.042232,0.019122,0.028366,NORMAL
2024-10-10,226.2935,0.0,0.901742,0.037314,0.018751,0.026176,NORMAL
2024-10-10,226.2935,0.0,0.90707,0.035164,0.016505,0.023969,NORMAL
2024-10-10,226.2935,0.0,0.912462,0.040448,0.014965,0.025158,NORMAL
2024-10-11,227.5939,0.00573,1.031287,0.188137,0.014619,0.084026,NORMAL
2024-10-11,227.5939,0.0,1.034363,0.065741,0.013716,0.034526,NORMAL
2024-10-11,227.8036,0.000921,1.037458,0.090176,0.012119,0.043342,NORMAL
2024-10-11,227.8036,0.0,1.040572,0.062633,0.011189,0.031767,NORMAL
2024-10-11,227.5939,-0.000921,1.043704,0.077995,0.010969,0.03778,NORMAL
2024-10-11,227.8036,0.000921,1.046855,0.057973,0.010792,0.029664,NORMAL
2024-10-11,227.8036,0.0,1.050025,0.029856,0.010341,0.018147,NORMAL
2024-10-11,227.8036,0.0,1.053215,0.033169,0.009535,0.018989,NORMAL
2024-10-11,227.8036,0.0,1.056423,0.036385,0.009145,0.020041,NORMAL
2024-10-11,227.8036,0.0,1.059652,0.037148,0.008341,0.019864,NORMAL
2024-10-14,227.2075,-0.00262,1.305201,0.180206,0.01405,0.080513,NORMAL
2024-10-14,227.2075,0.0,1.280686,0.116061,0.01614,0.056109,NORMAL
2024-10-14,227.2075,0.0,1.257074,0.107125,0.017035,0.053071,NORMAL
2024-10-14,227.2075,0.0,1.234317,0.11077,0.017824,0.055002,NORMAL
2024-10-14,227.2075,0.0,1.212369,0.101976,0.019115,0.05226,NORMAL
2024-10-14,227.2075,0.0,1.191189,0.101559,0.020677,0.05303,NORMAL
2024-10-14,227.2075,0.0,1.170735,0.094295,0.021974,0.050902,NORMAL
2024-10-14,226.9983,-0.000921,1.150972,0.08833,0.02244,0.048796,NORMAL
2024-10-14,226.9984,0.0,1.131866,0.064979,0.021273,0.038756,NORMAL
2024-10-14,226.9984,0.0,1.113383,0.076364,0.0197,0.042366,NORMAL
2024-10-15,231.8718,0.021242,1.728074,0.673796,0.061942,0.306684,NORMAL
2024-10-15,231.8718,0.0,1.655205,0.356156,0.079053,0.189894,NORMAL
2024-10-15,232.0854,0.000921,1.588232,0.338284,0.083615,0.185483,NORMAL
2024-10-15,232.0854,0.0,1.526468,0.246526,0.082002,0.147811,NORMAL
2024-10-15,231.8718,-0.000921,1.469329,0.240383,0.080121,0.144226,NORMAL
2024-10-15,232.0854,0.000921,1.416312,0.223628,0.079778,0.137318,NORMAL
2024-10-15,232.0855,0.0,1.366988,0.177364,0.081293,0.119722,NORMAL
2024-10-15,232.0855,0.0,1.320985,0.161817,0.084095,0.115184,NORMAL
2024-10-15,232.0855,0.0,1.277976,0.14741,0.087416,0.111414,NORMAL
2024-10-15,232.0854,-0.0,1.23768,0.147465,0.090517,0.113296,NORMAL
2024-10-16,229.8768,-0.009562,0.65509,0.391639,0.130143,0.234741,NORMAL
2024-10-16,229.8768,0.0,0.658762,0.221497,0.142905,0.174342,NORMAL
2024-10-16,229.8768,0.0,0.662475,0.216073,0.135876,0.167955,NORMAL
2024-10-16,230.0886,0.000921,0.66623,0.243302,0.124202,0.171842,NORMAL
2024-10-16,230.0886,0.0,0.670029,0.20109,0.111769,0.147497,NORMAL
2024-10-16,230.0886,0.0,0.67387,0.193314,0.09756,0.135862,NORMAL
2024-10-16,230.0886,0.0,0.677757,0.177896,0.08574,0.122603,NORMAL
2024-10-16,230.0886,0.0,0.681688,0.155851,0.080229,0.110477,NORMAL
2024-10-16,230.0886,0.0,0.685665,0.142145,0.082316,0.106247,NORMAL
2024-10-16,230.0886,0.0,0.689689,0.133365,0.09057,0.107688,NORMAL
2024-10-17,231.6931,0.006949,0.68983,0.29239,0.084403,0.167598,NORMAL
2024-10-17,231.6932,0.0,0.713518,0.135039,0.078133,0.100896,NORMAL
2024-10-17,231.6931,-0.0,0.738891,0.127097,0.071397,0.093677,NORMAL
2024-10-17,231.9066,0.000921,0.766135,0.126001,0.064053,0.088832,NORMAL
2024-10-17,231.9066,0.0,0.795465,0.099619,0.057692,0.074463,NORMAL
2024-10-17,231.9066,0.0,0.82713,0.084449,0.054549,0.066509,NORMAL
2024-10-17,231.9066,0.0,0.86142,0.06722,0.054954,0.059861,NORMAL
2024-10-17,231.9066,0.0,0.898677,0.063327,0.054794,0.058207,NORMAL
2024-10-17,231.9066,0.0,0.939302,0.058255,0.046213,0.05103,NORMAL
2024-10-17,231.9066,0.0,0.983774,0.057549,0.041906,0.048163,NORMAL
2024-10-18,234.4227,0.010791,1.359416,0.421781,0.044524,0.195427,NORMAL
2024-10-18,234.4227,0.0,1.335277,0.196306,0.040015,0.102531,NORMAL
2024-10-18,234.4227,0.0,1.31198,0.162105,0.039082,0.088291,NORMAL
2024-10-18,234.6387,0.000921,1.289482,0.164317,0.043965,0.092106,NORMAL
2024-10-18,234.6387,0.0,1.267743,0.128171,0.047179,0.079575,NORMAL
2024-10-18,234.6387,0.0,1.246725,0.124895,0.047265,0.078317,NORMAL
2024-10-18,234.6387,0.0,1.226392,0.11434,0.047757,0.07439,NORMAL
2024-10-18,234.6387,0.0,1.206711,0.113978,0.047451,0.074062,NORMAL
2024-10-18,234.6386,-0.0,1.187653,0.112374,0.037872,0.067673,NORMAL
2024-10-18,234.6387,0.0,1.169187,0.101591,0.018838,0.051939,NORMAL
2024-10-21,232.7056,-0.008273,0.909188,0.258964,0.023493,0.117681,NORMAL
2024-10-21,232.7056,0.0,0.905486,0.09345,0.023821,0.051673,NORMAL
2024-10-21,232.92,0.000921,0.901814,0.114292,0.023369,0.059738,NORMAL
2024-10-21,232.92,0.0,0.898171,0.087699,0.024143,0.049566,NORMAL
2024-10-21,232.7056,-0.000921,0.894558,0.097716,0.025358,0.054301,NORMAL
2024-10-21,232.92,0.000921,0.890974,0.11,0.027215,0.060329,NORMAL
2024-10-21,232.92,0.0,0.887418,0.083077,0.028888,0.050563,NORMAL
2024-10-21,232.92,0.0,0.883891,0.081722,0.029653,0.050481,NORMAL
2024-10-21,232.92,0.0,0.880392,0.086841,0.028738,0.051979,NORMAL
2024-10-21,232.92,0.0,0.87692,0.083616,0.025707,0.048871,NORMAL
2024-10-22,232.1497,-0.003313,0.948316,0.145985,0.023795,0.072671,NORMAL
2024-10-22,232.1497,0.0,0.957178,0.070581,0.021789,0.041306,NORMAL
2024-10-22,232.1497,0.0,0.966207,0.068379,0.02056,0.039688,NORMAL
2024-10-22,232.3636,0.000921,0.975408,0.09765,0.019712,0.050887,NORMAL
2024-10-22,232.3636,0.0,0.984785,0.074776,0.020377,0.042136,NORMAL
2024-10-22,232.3636,0.0,0.994345,0.075271,0.0218,0.043188,NORMAL
2024-10-22,232.3636,0.0,1.004092,0.073089,0.022575,0.04278,NORMAL
2024-10-22,232.3636,0.0,1.014032,0.070186,0.020768,0.040535,NORMAL
2024-10-22,232.3636,0.0,1.024171,0.073569,0.014658,0.038223,NORMAL
2024-10-22,232.3636,0.0,1.034515,0.084673,0.010741,0.040314,NORMAL
2024-10-23,232.3383,-0.000109,1.363339,0.181258,0.015024,0.081518,NORMAL
2024-10-23,232.3383,0.0,1.335426,0.172281,0.014451,0.077583,NORMAL
2024-10-23,232.5524,0.000921,1.308633,0.177677,0.013139,0.078954,NORMAL
2024-10-23,232.5524,0.0,1.282895,0.154035,0.013272,0.069577,NORMAL
2024-10-23,232.3383,-0.000921,1.258149,0.160552,0.015125,0.073296,NORMAL
2024-10-23,232.5524,0.000921,1.23434,0.164669,0.017742,0.076513,NORMAL
2024-10-23,232.5524,0.0,1.211415,0.134309,0.020278,0.065891,NORMAL
2024-10-23,232.5524,0.0,1.189326,0.131875,0.020544,0.065076,NORMAL
2024-10-23,232.5524,0.0,1.168028,0.123549,0.016246,0.059167,NORMAL
2024-10-23,232.5524,0.0,1.14748,0.11869,0.010599,0.053835,NORMAL
2024-10-24,228.2689,-0.018591,0.688569,0.532034,0.041764,0.237872,NORMAL
2024-10-24,228.2688,-0.0,0.694516,0.302131,0.052094,0.152109,NORMAL
2024-10-24,228.4791,0.000921,0.700566,0.254319,0.050436,0.131989,NORMAL
2024-10-24,228.4791,0.0,0.706723,0.192694,0.045,0.104078,NORMAL
2024-10-24,228.2688,-0.000921,0.712989,0.230969,0.039187,0.1159,NORMAL
2024-10-24,228.4791,0.000921,0.719367,0.194373,0.03589,0.099283,NORMAL
2024-10-24,228.4791,0.0,0.72586,0.16311,0.034452,0.085915,NORMAL
2024-10-24,228.4792,0.0,0.732471,0.154934,0.034265,0.082533,NORMAL
2024-10-24,228.4791,-0.0,0.739205,0.158574,0.034283,0.084,NORMAL
2024-10-24,228.4791,0.0,0.746062,0.15687,0.033406,0.082791,NORMAL
2024-10-25,228.0306,-0.001965,0.945844,0.148467,0.035475,0.080672,NORMAL
2024-10-25,228.0306,0.0,0.961648,0.109782,0.036309,0.065698,NORMAL
2024-10-25,228.0306,0.0,0.97799,0.118183,0.035942,0.068838,NORMAL
2024-10-25,228.2407,0.000921,0.994897,0.136832,0.035574,0.076077,NORMAL
2024-10-25,228.2407,0.0,1.012399,0.099181,0.035341,0.060877,NORMAL
2024-10-25,228.2407,0.0,1.030528,0.089731,0.035857,0.057406,NORMAL
2024-10-25,228.2407,0.0,1.049318,0.079723,0.037374,0.054314,NORMAL
2024-10-25,228.2407,0.0,1.068805,0.066688,0.038902,0.050016,NORMAL
2024-10-25,228.2407,0.0,1.08903,0.061866,0.038352,0.047758,NORMAL
2024-10-25,228.2407,0.0,1.110036,0.09898,0.038865,0.062911,NORMAL
2024-10-28,231.7974,0.015463,1.025063,0.415453,0.045794,0.193658,NORMAL
2024-10-28,231.584,-0.000921,1.017867,0.159583,0.046939,0.091997,NORMAL
2024-10-28,231.584,0.0,1.010771,0.092061,0.047033,0.065044,NORMAL
2024-10-28,231.7974,0.000921,1.003774,0.10031,0.04709,0.068378,NORMAL
2024-10-28,231.584,-0.000921,0.996873,0.100734,0.047082,0.068543,NORMAL
2024-10-28,231.7974,0.000921,0.990066,0.090006,0.049772,0.065866,NORMAL
2024-10-28,231.7974,0.0,0.983352,0.063276,0.051184,0.056021,NORMAL
2024-10-28,231.7974,0.0,0.976728,0.065947,0.047149,0.054668,NORMAL
2024-10-28,231.7974,0.0,0.970192,0.070004,0.034824,0.048896,NORMAL
2024-10-28,231.7974,0.0,0.963744,0.070774,0.022755,0.041963,NORMAL
2024-10-29,231.5788,-0.000944,0.950148,0.113884,0.022915,0.059303,NORMAL
2024-10-29,231.5788,0.0,0.954482,0.083071,0.023891,0.047563,NORMAL
2024-10-29,231.5788,0.0,0.958856,0.084994,0.025462,0.049274,NORMAL
2024-10-29,231.5788,0.0,0.96327,0.084095,0.026761,0.049695,NORMAL
2024-10-29,231.5788,0.0,0.967725,0.081914,0.027263,0.049123,NORMAL
2024-10-29,231.5788,0.0,0.972221,0.08482,0.027528,0.050445,NORMAL
2024-10-29,231.5788,0.0,0.976759,0.080358,0.027263,0.048501,NORMAL
2024-10-29,231.3656,-0.000921,0.98134,0.110558,0.026553,0.060155,NORMAL
2024-10-29,231.3656,0.0,0.985964,0.079463,0.023754,0.046037,NORMAL
2024-10-29,231.3656,0.0,0.990631,0.119213,0.017345,0.058092,NORMAL
2024-10-30,230.8793,-0.002104,1.296671,0.238728,0.023133,0.109371,NORMAL
2024-10-30,230.8793,0.0,1.277347,0.166584,0.023381,0.080662,NORMAL
2024-10-30,231.092,0.000921,1.25859,0.157692,0.021379,0.075904,NORMAL
2024-10-30,231.092,0.0,1.240376,0.138285,0.021683,0.068324,NORMAL
2024-10-30,230.8793,-0.000921,1.222681,0.145297,0.024268,0.07268,NORMAL
2024-10-30,231.092,0.000921,1.205484,0.143377,0.026713,0.073379,NORMAL
2024-10-30,231.092,0.0,1.188765,0.121711,0.027902,0.065425,NORMAL
2024-10-30,231.092,0.0,1.172503,0.114887,0.027559,0.06249,NORMAL
2024-10-30,231.092,0.0,1.156679,0.112539,0.026053,0.060648,NORMAL
2024-10-30,231.092,0.0,1.141277,0.103784,0.02061,0.05388,NORMAL
2024-10-31,227.6336,-0.015079,1.50779,0.58224,0.034839,0.253799,NORMAL
2024-10-31,227.6336,0.0,1.458339,0.356876,0.03794,0.165514,NORMAL
2024-10-31,227.8433,0.000921,1.412028,0.278085,0.035942,0.132799,NORMAL
2024-10-31,227.8433,0.0,1.368568,0.194534,0.035353,0.099025,NORMAL
2024-10-31,227.6336,-0.000921,1.327704,0.208106,0.036789,0.105316,NORMAL
2024-10-31,227.8433,0.000921,1.289209,0.162727,0.039484,0.088781,NORMAL
2024-10-31,227.8433,0.0,1.252883,0.117075,0.041715,0.071859,NORMAL
2024-10-31,227.8433,0.0,1.218549,0.116003,0.043032,0.07222,NORMAL
2024-10-31,227.8433,0.0,1.186046,0.102953,0.043317,0.067172,NORMAL
2024-10-31,227.8433,0.0,1.155232,0.093365,0.042677,0.062952,NORMAL
2024-11-01,219.5279,-0.037179,1.152672,0.717485,0.087134,0.339274,NORMAL
2024-11-01,219.5279,0.0,1.134436,0.489233,0.115345,0.2649,NORMAL
2024-11-01,219.528,0.0,1.116769,0.422692,0.116644,0.239063,NORMAL
2024-11-01,219.5279,-0.0,1.099644,0.387933,0.093608,0.211338,NORMAL
2024-11-01,219.5279,0.0,1.083036,0.370015,0.072989,0.1918,NORMAL
2024-11-01,219.5279,0.0,1.066922,0.379969,0.063807,0.190272,NORMAL
2024-11-01,219.3259,-0.000921,1.051281,0.420393,0.060166,0.204257,NORMAL
2024-11-01,219.3259,0.0,1.036092,0.375412,0.058719,0.185396,NORMAL
2024-11-01,219.3259,0.0,1.021335,0.359819,0.059385,0.179559,NORMAL
2024-11-01,219.5279,0.000921,1.006993,0.331962,0.063106,0.170649,NORMAL
2024-11-04,219.5478,9.1e-05,0.703884,0.351057,0.069075,0.181868,NORMAL
2024-11-04,219.3457,-0.000921,0.714757,0.382073,0.071437,0.195691,NORMAL
2024-11-04,219.3457,0.0,0.72597,0.32969,0.07239,0.17531,NORMAL
2024-11-04,219.5478,0.000921,0.737541,0.328637,0.071302,0.174236,NORMAL
2024-11-04,219.3457,-0.000921,0.749487,0.310945,0.066813,0.164466,NORMAL
2024-11-04,219.5478,0.000921,0.761826,0.295698,0.061999,0.155479,NORMAL
2024-11-04,219.5478,0.0,0.774579,0.240724,0.056574,0.130234,NORMAL
2024-11-04,219.5478,0.0,0.787765,0.19158,0.051093,0.107288,NORMAL
2024-11-04,219.5478,0.0,0.801409,0.144393,0.045725,0.085192,NORMAL
2024-11-04,219.5478,0.0,0.815533,0.129453,0.051148,0.08247,NORMAL
2024-11-05,220.1497,0.002738,0.527889,0.303194,0.058559,0.156413,NORMAL
2024-11-05,220.1497,0.0,0.546976,0.218168,0.062681,0.124875,NORMAL
2024-11-05,220.1497,0.0,0.567495,0.204589,0.065497,0.121134,NORMAL
2024-11-05,220.3525,0.000921,0.589613,0.210823,0.065195,0.123446,NORMAL
2024-11-05,220.3525,0.0,0.613526,0.178302,0.060746,0.107768,NORMAL
2024-11-05,220.3525,0.0,0.63946,0.179861,0.058126,0.10682,NORMAL
2024-11-05,220.3525,0.0,0.667684,0.16338,0.059606,0.101116,NORMAL
2024-11-05,220.3525,0.0,0.698514,0.128678,0.063356,0.089485,NORMAL
2024-11-05,220.3525,0.0,0.732329,0.113608,0.06294,0.083207,NORMAL
2024-11-05,220.3525,0.0,0.769584,0.103495,0.048487,0.070491,NORMAL
2024-11-06,220.9537,0.002725,1.474276,0.236636,0.088454,0.147727,NORMAL
2024-11-06,220.9537,0.0,1.455368,0.161394,0.110608,0.130922,NORMAL
2024-11-06,221.1572,0.000921,1.436938,0.182084,0.114971,0.141816,NORMAL
2024-11-06,221.1572,0.0,1.418969,0.145502,0.107013,0.122408,NORMAL
2024-11-06,220.9537,-0.000921,1.401444,0.175765,0.096417,0.128156,NORMAL
2024-11-06,221.1572,0.000921,1.384347,0.150962,0.087571,0.112927,NORMAL
2024-11-06,221.1572,0.0,1.367662,0.125084,0.081439,0.098897,NORMAL
2024-11-06,221.1572,0.0,1.351374,0.118182,0.077109,0.093538,NORMAL
2024-11-06,221.1572,0.0,1.335469,0.118546,0.071046,0.090046,NORMAL
2024-11-06,221.1572,0.0,1.319935,0.116076,0.070315,0.088619,NORMAL
2024-11-07,222.9587,0.008113,1.002383,0.260629,0.071957,0.147425,NORMAL
2024-11-07,222.9587,0.0,0.985935,0.086804,0.075085,0.079773,NORMAL
2024-11-07,223.1641,0.000921,0.970017,0.110601,0.080374,0.092465,NORMAL
2024-11-07,223.1641,0.0,0.954606,0.064277,0.085365,0.07693,NORMAL
2024-11-07,222.9587,-0.000921,0.939676,0.068767,0.081456,0.07638,NORMAL
2024-11-07,223.1641,0.000921,0.925206,0.057358,0.071602,0.065904,NORMAL
2024-11-07,223.1641,0.0,0.911175,0.031714,0.058903,0.048028,NORMAL
2024-11-07,223.1641,0.0,0.897564,0.030091,0.04878,0.041304,NORMAL
2024-11-07,223.1641,0.0,0.884353,0.03435,0.045884,0.041271,NORMAL
2024-11-07,223.1641,0.0,0.871525,0.037088,0.047172,0.043138,NORMAL
2024-11-08,225.7278,0.011422,0.806281,0.347396,0.046445,0.166825,NORMAL
2024-11-08,225.7278,0.0,0.820286,0.119442,0.047198,0.076095,NORMAL
2024-11-08,225.7278,0.0,0.834785,0.086793,0.04998,0.064705,NORMAL
2024-11-08,225.9358,0.000921,0.849807,0.098184,0.054964,0.072252,NORMAL
2024-11-08,225.9358,0.0,0.865379,0.065704,0.060479,0.062569,NORMAL
2024-11-08,225.9358,0.0,0.881533,0.069896,0.064438,0.066621,NORMAL
2024-11-08,225.9358,0.0,0.898301,0.066325,0.064121,0.065003,NORMAL
2024-11-08,225.9358,0.0,0.91572,0.066935,0.056562,0.060711,NORMAL
2024-11-08,225.9358,0.0,0.933827,0.069751,0.039132,0.05138,NORMAL
2024-11-08,225.9358,0.0,0.952665,0.062853,0.021268,0.037902,NORMAL
2024-11-11,223.7776,-0.009598,1.044223,0.24147,0.028106,0.113452,NORMAL
2024-11-11,223.5716,-0.000921,1.044395,0.084139,0.031185,0.052366,NORMAL
2024-11-11,223.5716,0.0,1.044566,0.058054,0.029723,0.041055,NORMAL
2024-11-11,223.7776,0.000921,1.044738,0.079337,0.02841,0.048781,NORMAL
2024-11-11,223.5716,-0.000921,1.04491,0.076845,0.029605,0.048501,NORMAL
2024-11-11,223.7776,0.000921,1.045081,0.086035,0.032651,0.054005,NORMAL
2024-11-11,223.7776,0.0,1.045253,0.052016,0.035887,0.042339,NORMAL
2024-11-11,223.7776,0.0,1.045425,0.052853,0.036883,0.043271,NORMAL
2024-11-11,223.7776,0.0,1.045597,0.05355,0.032598,0.040979,NORMAL
2024-11-11,223.7776,0.0,1.045769,0.052909,0.022984,0.034954,NORMAL
2024-11-12,223.1244,-0.002923,1.003169,0.123763,0.020962,0.062083,NORMAL
2024-11-12,223.1244,0.0,1.000598,0.060022,0.018849,0.035318,NORMAL
2024-11-12,223.1244,0.0,0.99804,0.060259,0.016106,0.033767,NORMAL
2024-11-12,223.33,0.000921,0.995495,0.074016,0.012738,0.037249,NORMAL
2024-11-12,223.33,0.0,0.992964,0.042357,0.010664,0.023341,NORMAL
2024-11-12,223.33,0.0,0.990445,0.040781,0.008726,0.021548,NORMAL
2024-11-12,223.33,0.0,0.987938,0.044264,0.007246,0.022053,NORMAL
2024-11-12,223.33,0.0,0.985445,0.043696,0.006004,0.021081,NORMAL
2024-11-12,223.33,0.0,0.982963,0.042386,0.00444,0.019618,NORMAL
2024-11-12,223.33,0.0,0.980495,0.062693,0.002434,0.026538,NORMAL
2024-11-13,222.7929,-0.002408,1.169425,0.197841,0.004921,0.082089,NORMAL
2024-11-13,222.5879,-0.000921,1.160261,0.157945,0.006588,0.067131,NORMAL
2024-11-13,222.5879,0.0,1.151239,0.118347,0.007603,0.0519,NORMAL
2024-11-13,222.5879,0.0,1.142356,0.109834,0.008607,0.049098,NORMAL
2024-11-13,222.7929,0.000921,1.133609,0.090354,0.009905,0.042085,NORMAL
2024-11-13,222.793,0.0,1.124995,0.065325,0.012018,0.033341,NORMAL
2024-11-13,222.7929,-0.0,1.116512,0.060318,0.014548,0.032856,NORMAL
2024-11-13,222.7929,0.0,1.108155,0.057787,0.016099,0.032774,NORMAL
2024-11-13,222.793,0.0,1.099922,0.061302,0.014391,0.033156,NORMAL
2024-11-13,222.793,0.0,1.091811,0.062737,0.008575,0.03024,NORMAL
2024-11-14,223.7975,0.004499,1.004817,0.153533,0.011562,0.06835,NORMAL
2024-11-14,223.5915,-0.000921,0.999757,0.087974,0.011778,0.042257,NORMAL
2024-11-14,223.5915,0.0,0.994748,0.059635,0.011193,0.03057,NORMAL
2024-11-14,223.5915,0.0,0.989789,0.05866,0.010751,0.029914,NORMAL
2024-11-14,223.7975,0.000921,0.984878,0.086058,0.010184,0.040534,NORMAL
2024-11-14,223.7975,0.0,0.980017,0.061207,0.01013,0.030561,NORMAL
2024-11-14,223.7975,0.0,0.975203,0.054945,0.010359,0.028193,NORMAL
2024-11-14,223.7975,0.0,0.970436,0.057107,0.010683,0.029253,NORMAL
2024-11-14,223.7975,0.0,0.965716,0.055384,0.010932,0.028713,NORMAL
2024-11-14,223.7975,0.0,0.961041,0.053497,0.011407,0.028243,NORMAL
2024-11-15,224.9627,0.005193,1.025919,0.172452,0.01086,0.075497,NORMAL
2024-11-15,224.9627,0.0,1.026626,0.061313,0.009857,0.030439,NORMAL
2024-11-15,224.9627,0.0,1.027333,0.060808,0.008467,0.029403,NORMAL
2024-11-15,225.17,0.000921,1.02804,0.087652,0.007789,0.039734,NORMAL
2024-11-15,225.17,0.0,1.028749,0.053514,0.007372,0.025829,NORMAL
2024-11-15,225.1699,-0.0,1.029459,0.049111,0.007187,0.023956,NORMAL
2024-11-15,225.1699,0.0,1.03017,0.043945,0.007007,0.021782,NORMAL
2024-11-15,225.1699,0.0,1.030882,0.044661,0.006533,0.021784,NORMAL
2024-11-15,225.1699,0.0,1.031595,0.046654,0.005612,0.022029,NORMAL
2024-11-15,225.17,0.0,1.032309,0.048943,0.004374,0.022201,NORMAL
2024-11-18,223.82,-0.006014,0.961741,0.174613,0.010677,0.076252,NORMAL
2024-11-18,223.82,0.0,0.962041,0.059446,0.012275,0.031143,NORMAL
2024-11-18,223.82,0.0,0.962342,0.059446,0.010711,0.030205,NORMAL
2024-11-18,224.0262,0.000921,0.962644,0.078492,0.008528,0.036514,NORMAL
2024-11-18,224.0262,0.0,0.962945,0.050728,0.008507,0.025395,NORMAL
2024-11-18,224.0262,0.0,0.963246,0.051931,0.008669,0.025974,NORMAL
2024-11-18,224.0262,0.0,0.963548,0.05295,0.008633,0.02636,NORMAL
2024-11-18,224.0262,0.0,0.96385,0.05295,0.008061,0.026016,NORMAL
2024-11-18,224.0262,0.0,0.964152,0.053186,0.006793,0.02535,NORMAL
2024-11-18,224.0262,0.0,0.964454,0.055073,0.005115,0.025098,NORMAL
2024-11-19,225.7468,0.007651,0.7925,0.246146,0.009826,0.104354,NORMAL
2024-11-19,225.7468,0.0,0.802789,0.073263,0.012038,0.036528,NORMAL
2024-11-19,225.7468,0.0,0.813348,0.066702,0.01256,0.034217,NORMAL
2024-11-19,225.7468,0.0,0.824188,0.063667,0.012147,0.032755,NORMAL
2024-11-19,225.7468,0.0,0.835322,0.05527,0.011223,0.028842,NORMAL
2024-11-19,225.7468,0.0,0.84676,0.049239,0.01029,0.02587,NORMAL
2024-11-19,225.7468,0.0,0.858516,0.037402,0.009482,0.02065,NORMAL
2024-11-19,225.539,-0.000921,0.870603,0.091446,0.009436,0.04224,NORMAL
2024-11-19,225.539,0.0,0.883035,0.067502,0.009299,0.03258,NORMAL
2024-11-19,225.539,0.0,0.895827,0.06431,0.009151,0.031215,NORMAL
2024-11-20,226.6122,0.004747,0.88035,0.159239,0.008944,0.069062,NORMAL
2024-11-20,226.6122,0.0,0.890903,0.048066,0.008954,0.024599,NORMAL
2024-11-20,226.8209,0.000921,0.901712,0.070927,0.009505,0.034074,NORMAL
2024-11-20,226.8209,0.0,0.912787,0.046064,0.010653,0.024817,NORMAL
2024-11-20,226.6122,-0.000921,0.924136,0.082315,0.012378,0.040353,NORMAL
2024-11-20,226.8209,0.000921,0.935772,0.064662,0.014459,0.03454,NORMAL
2024-11-20,226.8209,0.0,0.947704,0.039336,0.016102,0.025396,NORMAL
2024-11-20,226.8209,0.0,0.959945,0.043911,0.015828,0.027061,NORMAL
2024-11-20,226.8209,0.0,0.972506,0.047607,0.012248,0.026392,NORMAL
2024-11-20,226.8209,0.0,0.9854,0.047582,0.007113,0.023301,NORMAL
2024-11-21,227.4269,0.002668,1.170145,0.136469,0.009843,0.060493,NORMAL
2024-11-21,227.427,0.0,1.160637,0.064806,0.011011,0.032529,NORMAL
2024-11-21,227.6365,0.000921,1.151281,0.076901,0.011198,0.037479,NORMAL
2024-11-21,227.6365,0.0,1.142075,0.056245,0.011224,0.029233,NORMAL
2024-11-21,227.427,-0.000921,1.133015,0.082648,0.011278,0.039826,NORMAL
2024-11-21,227.6365,0.000921,1.124098,0.072234,0.011087,0.035546,NORMAL
2024-11-21,227.6365,0.0,1.115319,0.048279,0.010694,0.025728,NORMAL
2024-11-21,227.6365,0.0,1.106677,0.049375,0.009809,0.025636,NORMAL
2024-11-21,227.6365,0.0,1.098168,0.049645,0.008406,0.024902,NORMAL
2024-11-21,227.6365,0.0,1.089789,0.056577,0.008154,0.027523,NORMAL
2024-11-22,226.8209,-0.003589,0.984001,0.132821,0.011379,0.059955,NORMAL
2024-11-22,226.8209,0.0,0.980212,0.05995,0.01163,0.030958,NORMAL
2024-11-22,226.8209,0.0,0.976452,0.057952,0.010291,0.029355,NORMAL
2024-11-22,226.8209,0.0,0.972721,0.059669,0.008677,0.029074,NORMAL
2024-11-22,226.8209,0.0,0.969018,0.062137,0.007418,0.029306,NORMAL
2024-11-22,226.8209,0.0,0.965344,0.059498,0.006596,0.027757,NORMAL
2024-11-22,226.6122,-0.000921,0.961697,0.094592,0.005822,0.04133,NORMAL
2024-11-22,226.6122,0.0,0.958077,0.067774,0.005469,0.030391,NORMAL
2024-11-22,226.6122,0.0,0.954485,0.060029,0.00507,0.027053,NORMAL
2024-11-22,226.8209,0.000921,0.95092,0.101023,0.005247,0.043558,NORMAL
2024-11-25,230.2025,0.014799,2.119222,0.658301,0.111118,0.329991,NORMAL
2024-11-25,229.9906,-0.000921,2.005948,0.422915,0.109097,0.234624,NORMAL
2024-11-25,229.9906,0.0,1.904168,0.334278,0.089913,0.187659,NORMAL
2024-11-25,230.2025,0.000921,1.812219,0.34049,0.082778,0.185863,NORMAL
2024-11-25,229.9906,-0.000921,1.72874,0.31718,0.085407,0.178116,NORMAL
2024-11-25,230.2025,0.000921,1.652614,0.279153,0.091717,0.166692,NORMAL
2024-11-25,230.2025,0.0,1.582909,0.225835,0.102332,0.151733,NORMAL
2024-11-25,230.2025,0.0,1.518846,0.201586,0.115793,0.15011,NORMAL
2024-11-25,230.2025,0.0,1.459768,0.173363,0.126255,0.145098,NORMAL
2024-11-25,230.2025,0.0,1.405113,0.161884,0.129783,0.142623,NORMAL
2024-11-26,231.8487,0.007126,0.712396,0.268228,0.14516,0.194387,NORMAL
2024-11-26,231.8487,0.0,0.708108,0.109162,0.153313,0.135652,NORMAL
2024-11-26,232.0623,0.000921,0.703871,0.15,0.148314,0.148988,NORMAL
2024-11-26,232.0623,0.0,0.699685,0.128591,0.136306,0.13322,NORMAL
2024-11-26,231.8487,-0.000921,0.695548,0.164296,0.124118,0.140189,NORMAL
2024-11-26,232.0623,0.000921,0.69146,0.15669,0.113597,0.130834,NORMAL
2024-11-26,232.0623,0.0,0.68742,0.130133,0.105713,0.115481,NORMAL
2024-11-26,232.0623,0.0,0.683426,0.137781,0.09939,0.114746,NORMAL
2024-11-26,232.0623,0.0,0.679479,0.137943,0.094469,0.111859,NORMAL
2024-11-26,232.0623,0.0,0.675577,0.143268,0.092335,0.112708,NORMAL
2024-11-27,232.9815,0.003953,0.513489,0.312803,0.099859,0.185037,NORMAL
2024-11-27,233.1961,0.000921,0.536798,0.225297,0.103534,0.152239,NORMAL
2024-11-27,233.1961,0.0,0.562324,0.18879,0.104171,0.138019,NORMAL
2024-11-27,233.1961,0.0,0.590399,0.179501,0.104598,0.13456,NORMAL
2024-11-27,233.1961,0.0,0.621424,0.165594,0.107437,0.1307,NORMAL
2024-11-27,233.1961,0.0,0.65589,0.160567,0.113281,0.132196,NORMAL
2024-11-27,233.1961,0.0,0.694405,0.128074,0.11872,0.122461,NORMAL
2024-11-27,232.9815,-0.000921,0.737724,0.146313,0.115143,0.127611,NORMAL
2024-11-27,232.9815,0.0,0.786809,0.115658,0.08648,0.098151,NORMAL
2024-11-27,233.1961,0.000921,0.84289,0.101967,0.071872,0.08391,NORMAL
2024-11-29,233.3193,0.000528,0.73279,0.123517,0.05679,0.083481,NORMAL
2024-11-29,233.5343,0.000921,0.749672,0.139169,0.050253,0.085819,NORMAL
2024-11-29,233.3193,-0.000921,0.76735,0.140771,0.047986,0.0851,NORMAL
2024-11-29,233.3193,0.0,0.785882,0.11862,0.047338,0.075851,NORMAL
2024-11-29,233.5343,0.000921,0.805331,0.127148,0.047685,0.07947,NORMAL
2024-11-29,233.5343,0.0,0.825767,0.10149,0.047114,0.068865,NORMAL
2024-11-29,233.5343,0.0,0.847267,0.09191,0.048447,0.065832,NORMAL
2024-11-29,233.5343,0.0,0.869917,0.087361,0.052438,0.066407,NORMAL
2024-11-29,233.5343,0.0,0.893811,0.086512,0.043544,0.060731,NORMAL
2024-11-29,233.5343,0.0,0.919054,0.100756,0.012063,0.04754,NORMAL
2024-12-02,235.7637,0.009501,1.517475,0.483268,0.044461,0.219984,NORMAL
2024-12-02,235.7637,0.0,1.483251,0.277383,0.057636,0.145535,NORMAL
2024-12-02,235.7637,0.0,1.450537,0.232407,0.057004,0.127165,NORMAL
2024-12-02,235.9809,0.000921,1.419235,0.236259,0.049291,0.124078,NORMAL
2024-12-02,235.9809,0.0,1.389255,0.194098,0.041258,0.102394,NORMAL
2024-12-02,235.9809,0.0,1.360516,0.169171,0.035496,0.088966,NORMAL
2024-12-02,235.9809,0.0,1.332941,0.154329,0.033111,0.081598,NORMAL
2024-12-02,235.9809,0.0,1.306462,0.13769,0.033411,0.075122,NORMAL
2024-12-02,235.9809,0.0,1.281015,0.124243,0.035811,0.071184,NORMAL
2024-12-02,235.9809,0.0,1.25654,0.117273,0.041307,0.071693,NORMAL
2024-12-03,238.5071,0.010648,1.000844,0.362861,0.043021,0.170957,NORMAL
2024-12-03,238.2876,-0.000921,0.987643,0.133176,0.043599,0.07943,NORMAL
2024-12-03,238.2876,0.0,0.974786,0.079322,0.043488,0.057822,NORMAL
2024-12-03,238.5071,0.000921,0.962259,0.110074,0.042435,0.069491,NORMAL
2024-12-03,238.2875,-0.000921,0.95005,0.12333,0.040275,0.073497,NORMAL
2024-12-03,238.5071,0.000921,0.938147,0.101291,0.037473,0.063,NORMAL
2024-12-03,238.5071,0.0,0.926539,0.08079,0.034457,0.05299,NORMAL
2024-12-03,238.5071,0.0,0.915214,0.078139,0.032771,0.050918,NORMAL
2024-12-03,238.5071,0.0,0.904163,0.075015,0.031613,0.048974,NORMAL
2024-12-03,238.5071,0.0,0.893376,0.073946,0.032083,0.048828,NORMAL
2024-12-04,241.3281,0.011758,1.024763,0.381248,0.034194,0.173016,NORMAL
2024-12-04,241.3281,0.0,1.029222,0.125734,0.033902,0.070635,NORMAL
2024-12-04,241.3281,0.0,1.033721,0.106285,0.034086,0.062966,NORMAL
2024-12-04,241.5505,0.000921,1.038258,0.142897,0.035046,0.078186,NORMAL
2024-12-04,241.5505,0.0,1.042836,0.108073,0.036681,0.065237,NORMAL
2024-12-04,241.5505,0.0,1.047455,0.099263,0.038936,0.063067,NORMAL
2024-12-04,241.5505,0.0,1.052114,0.102427,0.040231,0.065109,NORMAL
2024-12-04,241.5505,0.0,1.056816,0.09925,0.037849,0.06241,NORMAL
2024-12-04,241.5505,0.0,1.061559,0.099749,0.029257,0.057454,NORMAL
2024-12-04,241.5505,0.0,1.066345,0.101164,0.024096,0.054923,NORMAL
2024-12-05,242.4411,0.00368,0.960481,0.21589,0.021548,0.099284,NORMAL
2024-12-05,242.441,-0.0,0.959132,0.109339,0.019484,0.055426,NORMAL
2024-12-05,242.6644,0.000921,0.957786,0.146641,0.018161,0.069553,NORMAL
2024-12-05,242.6644,0.0,0.956444,0.122148,0.017373,0.059283,NORMAL
2024-12-05,242.4411,-0.000921,0.955106,0.127028,0.017474,0.061296,NORMAL
2024-12-05,242.6644,0.000921,0.953771,0.109566,0.018955,0.055199,NORMAL
2024-12-05,242.6644,0.0,0.952441,0.079069,0.02112,0.0443,NORMAL
2024-12-05,242.6644,0.0,0.951114,0.083382,0.021999,0.046552,NORMAL
2024-12-05,242.6644,0.0,0.94979,0.082008,0.018893,0.044139,NORMAL
2024-12-05,242.6644,0.0,0.948471,0.094828,0.011734,0.044972,NORMAL
2024-12-06,241.3679,-0.005357,0.881371,0.228631,0.014046,0.09988,NORMAL
2024-12-06,241.3679,0.0,0.889357,0.114316,0.01467,0.054528,NORMAL
2024-12-06,241.5903,0.000921,0.89749,0.13635,0.013385,0.062571,NORMAL
2024-12-06,241.5903,0.0,0.905773,0.107783,0.011451,0.049984,NORMAL
2024-12-06,241.3679,-0.000921,0.91421,0.133964,0.01035,0.059796,NORMAL
2024-12-06,241.5903,0.000921,0.922805,0.137562,0.009552,0.060756,NORMAL
2024-12-06,241.5903,0.0,0.931564,0.108808,0.00941,0.049169,NORMAL
2024-12-06,241.5903,0.0,0.940491,0.10723,0.009421,0.048544,NORMAL
2024-12-06,241.5903,0.0,0.94959,0.107821,0.008505,0.048231,NORMAL
2024-12-06,241.5903,0.0,0.958867,0.109164,0.006667,0.047666,NORMAL
2024-12-09,240.2947,-0.005377,1.154233,0.294281,0.008213,0.12264,NORMAL
2024-12-09,240.2947,0.0,1.147388,0.149363,0.008257,0.0647,NORMAL
2024-12-09,240.2947,0.0,1.140624,0.140985,0.008175,0.061299,NORMAL
2024-12-09,240.5161,0.000921,1.133939,0.139859,0.00813,0.060822,NORMAL
2024-12-09,240.5161,0.0,1.127332,0.104107,0.008739,0.046886,NORMAL
2024-12-09,240.5161,0.0,1.120802,0.097824,0.009701,0.04495,NORMAL
2024-12-09,240.5161,0.0,1.114347,0.094365,0.010641,0.04413,NORMAL
2024-12-09,240.5161,0.0,1.107965,0.093013,0.011208,0.04393,NORMAL
2024-12-09,240.5161,0.0,1.101657,0.095615,0.011078,0.044892,NORMAL
2024-12-09,240.5161,0.0,1.09542,0.098273,0.009968,0.04529,NORMAL
2024-12-10,245.5487,0.020708,0.905616,0.512157,0.02787,0.221585,NORMAL
2024-12-10,245.3226,-0.000921,0.905566,0.217756,0.034689,0.107915,NORMAL
2024-12-10,245.3226,0.0,0.905517,0.143924,0.035077,0.078616,NORMAL
2024-12-10,245.5486,0.000921,0.905468,0.15108,0.032587,0.079984,NORMAL
2024-12-10,245.3226,-0.000921,0.905419,0.154046,0.029947,0.079586,NORMAL
2024-12-10,245.5487,0.000921,0.90537,0.145747,0.026895,0.074435,NORMAL
2024-12-10,245.5487,0.0,0.905321,0.117608,0.023694,0.06126,NORMAL
2024-12-10,245.5486,-0.0,0.905272,0.125908,0.020649,0.062752,NORMAL
2024-12-10,245.5487,0.0,0.905223,0.127532,0.018318,0.062004,NORMAL
2024-12-10,245.5486,-0.0,0.905174,0.133895,0.017197,0.063876,NORMAL
2024-12-11,246.3858,0.003404,1.107718,0.220191,0.022443,0.101542,NORMAL
2024-12-11,246.3858,0.0,1.106964,0.134537,0.026298,0.069593,NORMAL
2024-12-11,246.3858,0.0,1.10621,0.131206,0.02928,0.070051,NORMAL
2024-12-11,246.6128,0.000921,1.105457,0.160361,0.030968,0.082725,NORMAL
2024-12-11,246.6128,0.0,1.104705,0.129757,0.031637,0.070885,NORMAL
2024-12-11,246.6128,0.0,1.103954,0.121782,0.031532,0.067632,NORMAL
2024-12-11,246.6128,0.0,1.103204,0.114999,0.030171,0.064102,NORMAL
2024-12-11,246.6128,0.0,1.102456,0.108421,0.027246,0.059716,NORMAL
2024-12-11,246.6128,0.0,1.101708,0.094529,0.023188,0.051725,NORMAL
2024-12-11,246.6128,0.0,1.100961,0.097372,0.021377,0.051775,NORMAL
2024-12-12,245.3226,-0.005245,0.802319,0.258397,0.032254,0.122711,NORMAL
2024-12-12,245.3226,0.0,0.806403,0.152059,0.037278,0.08319,NORMAL
2024-12-12,245.5486,0.000921,0.810528,0.180497,0.039769,0.09606,NORMAL
2024-12-12,245.5486,0.0,0.814695,0.151324,0.042908,0.086274,NORMAL
2024-12-12,245.3226,-0.000921,0.818906,0.164386,0.045676,0.09316,NORMAL
2024-12-12,245.5486,0.000921,0.82316,0.1872,0.047384,0.10331,NORMAL
2024-12-12,245.5487,0.0,0.827459,0.154589,0.047657,0.09043,NORMAL
2024-12-12,245.5486,-0.0,0.831803,0.150245,0.0457,0.087518,NORMAL
2024-12-12,245.5486,0.0,0.836192,0.149383,0.039396,0.083391,NORMAL
2024-12-12,245.5486,0.0,0.840629,0.147921,0.026662,0.075165,NORMAL
2024-12-13,246.2467,0.002839,0.863664,0.199645,0.024403,0.0945,NORMAL
2024-12-13,246.2467,0.0,0.877435,0.114393,0.022154,0.05905,NORMAL
2024-12-13,246.4736,0.000921,0.891653,0.133359,0.019916,0.065293,NORMAL
2024-12-13,246.4736,0.0,0.906339,0.107953,0.0176,0.053741,NORMAL
2024-12-13,246.2467,-0.000921,0.921517,0.14177,0.01634,0.066512,NORMAL
2024-12-13,246.4736,0.000921,0.937213,0.133202,0.01594,0.062845,NORMAL
2024-12-13,246.4736,0.0,0.953452,0.109279,0.016763,0.053769,NORMAL
2024-12-13,246.4736,0.0,0.970263,0.113882,0.018137,0.056435,NORMAL
2024-12-13,246.4736,0.0,0.987678,0.110653,0.018284,0.055232,NORMAL
2024-12-13,246.4736,0.0,1.00573,0.106087,0.018502,0.053536,NORMAL
2024-12-16,246.4156,-0.000235,1.524369,0.265992,0.034598,0.127156,NORMAL
2024-12-16,246.4156,0.0,1.483006,0.251103,0.036117,0.122111,NORMAL
2024-12-16,246.4156,0.0,1.443828,0.236936,0.032892,0.11451,NORMAL
2024-12-16,246.6427,0.000921,1.406667,0.240666,0.031397,0.115105,NORMAL
2024-12-16,246.6427,0.0,1.37137,0.196901,0.031208,0.097485,NORMAL
2024-12-16,246.6427,0.0,1.337802,0.193866,0.031277,0.096312,NORMAL
2024-12-16,246.6427,0.0,1.305838,0.178851,0.031858,0.090655,NORMAL
2024-12-16,246.6427,0.0,1.275366,0.165533,0.03027,0.084375,NORMAL
2024-12-16,246.6427,0.0,1.246283,0.164319,0.026453,0.0816,NORMAL
2024-12-16,246.6427,0.0,1.218497,0.167456,0.024922,0.081936,NORMAL
2024-12-17,248.7213,0.008392,1.185099,0.381926,0.028941,0.170135,NORMAL
2024-12-17,248.4924,-0.000921,1.160724,0.185824,0.030892,0.092865,NORMAL
2024-12-17,248.4924,0.0,1.13733,0.113783,0.031993,0.064709,NORMAL
2024-12-17,248.4923,-0.0,1.114862,0.110688,0.03219,0.063589,NORMAL
2024-12-17,248.7213,0.000921,1.093263,0.140836,0.031154,0.075027,NORMAL
2024-12-17,248.7213,0.0,1.072486,0.104105,0.030224,0.059776,NORMAL
2024-12-17,248.7213,0.0,1.052484,0.095509,0.028836,0.055505,NORMAL
2024-12-17,248.7213,0.0,1.033214,0.097129,0.026959,0.055027,NORMAL
2024-12-17,248.7213,0.0,1.014637,0.099122,0.024712,0.054476,NORMAL
2024-12-17,248.7213,0.0,0.996716,0.100726,0.022497,0.053788,NORMAL
2024-12-18,250.5592,0.007362,1.096458,0.339036,0.023124,0.149489,NORMAL
2024-12-18,250.5592,0.0,1.091106,0.156906,0.023395,0.076799,NORMAL
2024-12-18,250.5592,0.0,1.085806,0.15423,0.023829,0.075989,NORMAL
2024-12-18,250.79,0.000921,1.080558,0.182237,0.024992,0.08789,NORMAL
2024-12-18,250.79,0.0,1.07536,0.15179,0.027106,0.07698,NORMAL
2024-12-18,250.79,0.0,1.070212,0.148981,0.028494,0.076689,NORMAL
2024-12-18,250.79,0.0,1.065113,0.139829,0.027659,0.072527,NORMAL
2024-12-18,250.79,0.0,1.060062,0.134257,0.023405,0.067746,NORMAL
2024-12-18,250.79,0.0,1.055059,0.132497,0.016732,0.063038,NORMAL
2024-12-18,250.79,0.0,1.050103,0.143158,0.016579,0.067211,NORMAL
2024-12-19,246.1553,-0.018653,1.116256,0.473393,0.030387,0.207589,NORMAL
2024-12-19,245.9287,-0.000921,1.106592,0.259528,0.032812,0.123498,NORMAL
2024-12-19,245.9287,0.0,1.097094,0.189873,0.03035,0.094159,NORMAL
2024-12-19,245.9287,0.0,1.087758,0.171396,0.027639,0.085142,NORMAL
2024-12-19,246.1553,0.000921,1.07858,0.191723,0.02696,0.092865,NORMAL
2024-12-19,246.1553,0.0,1.069555,0.152307,0.0265,0.076823,NORMAL
2024-12-19,246.1553,0.0,1.06068,0.149973,0.026357,0.075803,NORMAL
2024-12-19,246.1553,0.0,1.051951,0.142968,0.02705,0.073417,NORMAL
2024-12-19,246.1553,0.0,1.043364,0.149249,0.027804,0.076382,NORMAL
2024-12-19,246.1553,0.0,1.034917,0.159438,0.027151,0.080066,NORMAL
2024-12-20,246.6924,0.00218,2.327736,0.555171,0.168979,0.323456,NORMAL
2024-12-20,246.4653,-0.000921,2.172233,0.501209,0.164903,0.299425,NORMAL
2024-12-20,246.4653,0.0,2.036205,0.461588,0.125904,0.260178,NORMAL
2024-12-20,246.4653,0.0,1.916209,0.442382,0.106477,0.240839,NORMAL
2024-12-20,246.6924,0.000921,1.80957,0.454986,0.100353,0.242206,NORMAL
2024-12-20,246.6924,0.0,1.714173,0.385236,0.101735,0.215136,NORMAL
2024-12-20,246.6924,0.0,1.628332,0.347551,0.106662,0.203017,NORMAL
2024-12-20,246.6924,0.0,1.550678,0.299222,0.110305,0.185872,NORMAL
2024-12-20,246.6924,0.0,1.480093,0.268974,0.111738,0.174633,NORMAL
2024-12-20,246.6924,0.0,1.415654,0.255877,0.120586,0.174702,NORMAL
2024-12-23,253.1526,0.02585,0.395966,0.783399,0.160836,0.409861,LOW
2024-12-23,253.1526,0.0,0.399846,0.488067,0.190648,0.309616,NORMAL
2024-12-23,253.1526,0.0,0.403802,0.43788,0.210483,0.301442,NORMAL
2024-12-23,253.3858,0.000921,0.407837,0.429561,0.214105,0.300287,NORMAL
2024-12-23,253.3858,0.0,0.411954,0.396025,0.200845,0.278917,NORMAL
2024-12-23,253.3858,0.0,0.416155,0.396631,0.178559,0.265788,NORMAL
2024-12-23,253.3858,0.0,0.420442,0.392573,0.157199,0.251348,NORMAL
2024-12-23,253.3858,0.0,0.424819,0.39885,0.14251,0.245046,NORMAL
2024-12-23,253.3858,0.0,0.429287,0.403242,0.136169,0.242998,NORMAL
2024-12-23,253.3858,0.0,0.433851,0.410378,0.141958,0.249326,NORMAL
2024-12-24,254.102,0.002823,0.264139,0.479067,0.159022,0.28704,NORMAL
2024-12-24,253.868,-0.000921,0.284213,0.444295,0.167464,0.278196,NORMAL
2024-12-24,253.868,0.0,0.30759,0.415394,0.167345,0.266565,NORMAL
2024-12-24,253.868,0.0,0.335156,0.417809,0.16093,0.263682,NORMAL
2024-12-24,254.1019,0.000921,0.368151,0.435041,0.153801,0.266297,NORMAL
2024-12-24,254.1019,0.0,0.408351,0.389688,0.147962,0.244652,NORMAL
2024-12-24,254.1019,0.0,0.458406,0.333191,0.144699,0.220096,NORMAL
2024-12-24,254.1019,0.0,0.522447,0.302713,0.142051,0.206316,NORMAL
2024-12-24,254.1019,0.0,0.607288,0.235268,0.131648,0.173096,NORMAL
2024-12-24,254.1019,0.0,0.725025,0.198618,0.141461,0.164324,NORMAL
2024-12-26,256.5509,0.009592,0.868373,0.414521,0.112887,0.233541,NORMAL
2024-12-26,256.5508,-0.0,0.887648,0.202565,0.09558,0.138374,NORMAL
2024-12-26,256.5509,0.0,0.907798,0.171378,0.084137,0.119034,NORMAL
2024-12-26,256.7873,0.000921,0.928883,0.197316,0.077036,0.125148,NORMAL
2024-12-26,256.7873,0.0,0.950972,0.152921,0.076572,0.107112,NORMAL
2024-12-26,256.7872,-0.0,0.974137,0.156688,0.081484,0.111566,NORMAL
2024-12-26,256.7873,0.0,0.998458,0.149287,0.088862,0.113032,NORMAL
2024-12-26,256.7872,-0.0,1.024025,0.148275,0.095475,0.116595,NORMAL
2024-12-26,256.7872,0.0,1.050936,0.140862,0.081794,0.105422,NORMAL
2024-12-26,256.7872,0.0,1.0793,0.150239,0.047601,0.088656,NORMAL
2024-12-27,256.1932,-0.002316,1.617113,0.422654,0.070628,0.211438,NORMAL
2024-12-27,256.1932,0.0,1.560165,0.336452,0.078334,0.181581,NORMAL
2024-12-27,256.4292,0.000921,1.507092,0.327771,0.077314,0.177497,NORMAL
2024-12-27,256.4292,0.0,1.457511,0.284445,0.074918,0.158729,NORMAL
2024-12-27,256.1931,-0.000921,1.411088,0.299833,0.073675,0.164139,NORMAL
2024-12-27,256.4292,0.000921,1.367532,0.269958,0.073474,0.152068,NORMAL
2024-12-27,256.4292,0.0,1.326583,0.209391,0.073855,0.12807,NORMAL
2024-12-27,256.4292,0.0,1.288016,0.199047,0.075012,0.124626,NORMAL
2024-12-27,256.4292,0.0,1.251628,0.189626,0.077789,0.122524,NORMAL
2024-12-27,256.4292,0.0,1.217239,0.193092,0.088202,0.130158,NORMAL
2024-12-30,250.6287,-0.02288,1.009806,0.571988,0.107924,0.29355,NORMAL
2024-12-30,250.6287,0.0,0.998014,0.359931,0.120864,0.216491,NORMAL
2024-12-30,250.8596,0.000921,0.986495,0.334775,0.123982,0.208299,NORMAL
2024-12-30,250.8596,0.0,0.975239,0.250024,0.118621,0.171182,NORMAL
2024-12-30,250.6287,-0.000921,0.964237,0.274795,0.106704,0.173941,NORMAL
2024-12-30,250.8596,0.000921,0.953481,0.260467,0.091203,0.158909,NORMAL
2024-12-30,250.8596,0.0,0.942961,0.228028,0.074445,0.135878,NORMAL
2024-12-30,250.8596,0.0,0.932671,0.227933,0.059808,0.127058,NORMAL
2024-12-30,250.8596,0.0,0.922604,0.23403,0.050151,0.123703,NORMAL
2024-12-30,250.8596,0.0,0.912751,0.227489,0.042432,0.116455,NORMAL
2024-12-31,250.8374,-8.8e-05,1.017212,0.232026,0.042604,0.118373,NORMAL
2024-12-31,250.8374,0.0,1.020993,0.226429,0.041913,0.115719,NORMAL
2024-12-31,250.8374,0.0,1.024802,0.217341,0.040803,0.111418,NORMAL
2024-12-31,251.0685,0.000921,1.028639,0.264672,0.040257,0.130023,NORMAL
2024-12-31,251.0685,0.0,1.032506,0.213453,0.041,0.109981,NORMAL
2024-12-31,251.0685,0.0,1.036402,0.191511,0.042871,0.102327,NORMAL
2024-12-31,251.0685,0.0,1.040327,0.174489,0.043901,0.096136,NORMAL
2024-12-31,251.0685,0.0,1.044282,0.160332,0.041149,0.088822,NORMAL
2024-12-31,251.0685,0.0,1.048267,0.144707,0.033678,0.07809,NORMAL
2024-12-31,251.0685,0.0,1.052283,0.16702,0.034898,0.087747,NORMAL
2025-01-02,247.3497,-0.014923,1.446748,0.631394,0.048572,0.281701,NORMAL
2025-01-02,247.3497,0.0,1.409821,0.411648,0.051576,0.195605,NORMAL
2025-01-02,247.3497,0.0,1.374732,0.387313,0.047199,0.183244,NORMAL
2025-01-02,247.5775,0.000921,1.341348,0.284608,0.041856,0.138957,NORMAL
2025-01-02,247.5775,0.0,1.309546,0.222395,0.041454,0.11383,NORMAL
2025-01-02,247.5776,0.0,1.279217,0.199771,0.046229,0.107646,NORMAL
2025-01-02,247.5776,0.0,1.250262,0.185661,0.052559,0.1058,NORMAL
2025-01-02,247.5776,0.0,1.222588,0.17299,0.055169,0.102298,NORMAL
2025-01-02,247.5775,-0.0,1.196113,0.169915,0.048084,0.096816,NORMAL
2025-01-02,247.5776,0.0,1.17076,0.157791,0.035018,0.084127,NORMAL
2025-01-03,242.0378,-0.02263,0.844597,0.604443,0.049738,0.27162,NORMAL
2025-01-03,242.0378,0.0,0.843921,0.356781,0.058667,0.177913,NORMAL
2025-01-03,242.0378,0.0,0.843246,0.320858,0.063666,0.166543,NORMAL
2025-01-03,242.0378,0.0,0.842572,0.312146,0.066201,0.164579,NORMAL
2025-01-03,242.0378,0.0,0.841899,0.304986,0.066048,0.161623,NORMAL
2025-01-03,242.0378,0.0,0.841228,0.301725,0.065551,0.16002,NORMAL
2025-01-03,242.0378,0.0,0.840557,0.294305,0.064349,0.156331,NORMAL
2025-01-03,241.815,-0.000921,0.839888,0.328277,0.062759,0.168966,NORMAL
2025-01-03,241.815,0.0,0.839219,0.285931,0.060876,0.150898,NORMAL
2025-01-03,241.815,0.0,0.838552,0.271174,0.058197,0.143388,NORMAL
2025-01-06,242.759,0.003896,0.949175,0.305615,0.057657,0.15684,NORMAL
2025-01-06,242.759,0.0,0.959992,0.178244,0.055828,0.104794,NORMAL
2025-01-06,242.9827,0.000921,0.971059,0.21672,0.053234,0.118628,NORMAL
2025-01-06,242.9826,-0.0,0.982383,0.181568,0.0518,0.103707,NORMAL
2025-01-06,242.759,-0.000921,0.993975,0.207804,0.050914,0.11367,NORMAL
2025-01-06,242.9826,0.000921,1.005844,0.193032,0.050616,0.107583,NORMAL
2025-01-06,242.9827,0.0,1.018,0.145558,0.049699,0.088042,NORMAL
2025-01-06,242.9827,0.0,1.030453,0.122589,0.046316,0.076825,NORMAL
2025-01-06,242.9827,0.0,1.043215,0.1165,0.039138,0.070083,NORMAL
2025-01-06,242.9827,0.0,1.056296,0.119284,0.034126,0.068189,NORMAL
2025-01-07,241.4374,-0.00638,0.957366,0.245356,0.039359,0.121758,NORMAL
2025-01-07,241.4374,0.0,0.95668,0.124404,0.041167,0.074462,NORMAL
2025-01-07,241.6599,0.000921,0.955995,0.135918,0.038697,0.077585,NORMAL
2025-01-07,241.6599,0.0,0.955311,0.105242,0.035122,0.06317,NORMAL
2025-01-07,241.4374,-0.000921,0.954628,0.136495,0.030817,0.073088,NORMAL
2025-01-07,241.6599,0.000921,0.953946,0.124562,0.028867,0.067145,NORMAL
2025-01-07,241.6599,0.0,0.953265,0.090911,0.02982,0.054256,NORMAL
2025-01-07,241.6599,0.0,0.952585,0.08974,0.029682,0.053705,NORMAL
2025-01-07,241.6599,0.0,0.951906,0.088605,0.022241,0.048787,NORMAL
2025-01-07,241.6599,0.0,0.951228,0.088909,0.012175,0.042869,NORMAL
2025-01-08,240.3842,-0.005293,0.883723,0.255836,0.012365,0.109753,NORMAL
2025-01-08,240.6056,0.000921,0.891487,0.144428,0.012874,0.065495,NORMAL
2025-01-08,240.6056,0.0,0.899389,0.110886,0.013376,0.05238,NORMAL
2025-01-08,240.6056,0.0,0.907432,0.107771,0.013764,0.051366,NORMAL
2025-01-08,240.6056,0.0,0.91562,0.103062,0.014216,0.049755,NORMAL
2025-01-08,240.6056,0.0,0.923958,0.100407,0.015131,0.049242,NORMAL
2025-01-08,240.6056,0.0,0.932448,0.101136,0.016731,0.050493,NORMAL
2025-01-08,240.6056,0.0,0.941096,0.1011,0.018247,0.051388,NORMAL
2025-01-08,240.3842,-0.000921,0.949906,0.147829,0.018228,0.070069,NORMAL
2025-01-08,240.3842,0.0,0.958883,0.120332,0.014296,0.05671,NORMAL
2025-01-10,238.4863,-0.007927,1.531851,0.511538,0.033191,0.22453,NORMAL
2025-01-10,238.706,0.000921,1.4932,0.312546,0.031046,0.143646,NORMAL
2025-01-10,238.4863,-0.000921,1.456453,0.294202,0.024801,0.132561,NORMAL
2025-01-10,238.4863,0.0,1.42147,0.238936,0.021988,0.108767,NORMAL
2025-01-10,238.706,0.000921,1.388129,0.22526,0.020688,0.102517,NORMAL
2025-01-10,238.706,0.0,1.356316,0.171508,0.019706,0.080427,NORMAL
2025-01-10,238.706,0.0,1.325928,0.15225,0.018736,0.072141,NORMAL
2025-01-10,238.706,0.0,1.296872,0.14245,0.018997,0.068378,NORMAL
2025-01-10,238.706,0.0,1.269063,0.131126,0.021579,0.065398,NORMAL
2025-01-10,238.706,0.0,1.24242,0.129983,0.025759,0.067449,NORMAL
2025-01-13,232.2612,-0.02737,0.987283,0.627352,0.049896,0.280878,NORMAL
2025-01-13,232.2612,0.0,0.975636,0.365103,0.058812,0.181329,NORMAL
2025-01-13,232.2612,0.0,0.964261,0.31189,0.056527,0.158673,NORMAL
2025-01-13,232.2612,0.0,0.953149,0.268928,0.049452,0.137242,NORMAL
2025-01-13,232.2612,0.0,0.942289,0.266783,0.042587,0.132265,NORMAL
2025-01-13,232.2612,0.0,0.931674,0.263427,0.039848,0.129279,NORMAL
2025-01-13,232.2612,0.0,0.921296,0.268177,0.039123,0.130745,NORMAL
2025-01-13,232.0474,-0.000921,0.911146,0.302449,0.038581,0.144128,NORMAL
2025-01-13,232.0474,0.0,0.901218,0.273063,0.038034,0.132046,NORMAL
2025-01-13,232.0474,0.0,0.891503,0.2712,0.038272,0.131443,NORMAL
2025-01-14,233.2597,0.005211,0.722827,0.357599,0.040788,0.167512,NORMAL
2025-01-14,233.2597,0.0,0.737891,0.230985,0.04458,0.119142,NORMAL
2025-01-14,233.2597,0.0,0.753597,0.21343,0.048074,0.114216,NORMAL
2025-01-14,233.4746,0.000921,0.769985,0.228949,0.051119,0.122251,NORMAL
2025-01-14,233.4746,0.0,0.787102,0.19301,0.05259,0.108758,NORMAL
2025-01-14,233.4746,0.0,0.804997,0.177107,0.052803,0.102525,NORMAL
2025-01-14,233.4746,0.0,0.823725,0.150852,0.051457,0.091215,NORMAL
2025-01-14,233.4746,0.0,0.843345,0.11867,0.046799,0.075547,NORMAL
2025-01-14,233.4746,0.0,0.863923,0.090977,0.036538,0.058313,NORMAL
2025-01-14,233.4746,0.0,0.88553,0.088218,0.030003,0.053289,NORMAL
2025-01-15,233.3652,-0.000469,0.904388,0.085044,0.028497,0.051116,NORMAL
2025-01-15,233.1504,-0.000921,0.914561,0.092913,0.028825,0.05446,NORMAL
2025-01-15,233.1504,0.0,0.924966,0.064774,0.027359,0.042325,NORMAL
2025-01-15,233.1504,0.0,0.935611,0.065664,0.024543,0.040991,NORMAL
2025-01-15,233.3652,0.000921,0.946503,0.10351,0.022776,0.05507,NORMAL
2025-01-15,233.3652,0.0,0.957652,0.083182,0.022869,0.046994,NORMAL
2025-01-15,233.3652,0.0,0.969067,0.086424,0.025474,0.049854,NORMAL
2025-01-15,233.3652,0.0,0.980757,0.085316,0.028277,0.051093,NORMAL
2025-01-15,233.3652,0.0,0.992733,0.091124,0.025521,0.051762,NORMAL
2025-01-15,233.3652,0.0,1.005005,0.111694,0.016199,0.054397,NORMAL
2025-01-16,235.8432,0.010563,1.739621,0.54343,0.056841,0.251477,NORMAL
2025-01-16,235.8432,0.0,1.674032,0.332184,0.066952,0.173045,NORMAL
2025-01-16,235.8432,0.0,1.613209,0.281969,0.062671,0.150391,NORMAL
2025-01-16,236.0605,0.000921,1.55665,0.263922,0.054201,0.13809,NORMAL
2025-01-16,236.0605,0.0,1.503923,0.203621,0.045939,0.109012,NORMAL
2025-01-16,236.0605,0.0,1.454651,0.176977,0.040327,0.094987,NORMAL
2025-01-16,236.0605,0.0,1.408505,0.161845,0.03822,0.08767,NORMAL
2025-01-16,236.0605,0.0,1.365197,0.135938,0.038832,0.077674,NORMAL
2025-01-16,236.0605,0.0,1.324473,0.113346,0.040128,0.069415,NORMAL
2025-01-16,236.0605,0.0,1.286108,0.097616,0.043004,0.064849,NORMAL
2025-01-17,230.8589,-0.022281,1.196754,0.438885,0.06149,0.212448,NORMAL
2025-01-17,230.6464,-0.000921,1.167523,0.215888,0.064436,0.125016,NORMAL
2025-01-17,230.6464,0.0,1.139686,0.158824,0.062024,0.100744,NORMAL
2025-01-17,230.6464,0.0,1.113146,0.146644,0.060602,0.095019,NORMAL
2025-01-17,230.8589,0.000921,1.087813,0.167585,0.060558,0.103369,NORMAL
2025-01-17,230.8589,0.0,1.063608,0.126081,0.06065,0.086822,NORMAL
2025-01-17,230.8589,0.0,1.040456,0.128729,0.060637,0.087874,NORMAL
2025-01-17,230.8589,0.0,1.018291,0.137385,0.060789,0.091427,NORMAL
2025-01-17,230.8589,0.0,0.997051,0.143699,0.0614,0.094319,NORMAL
2025-01-17,230.8589,0.0,0.976678,0.144678,0.060778,0.094338,NORMAL
2025-01-21,222.5779,-0.03653,1.37278,0.780441,0.122997,0.385974,NORMAL
2025-01-21,222.5779,0.0,1.347957,0.539794,0.162971,0.3137,NORMAL
2025-01-21,222.5779,0.0,1.324016,0.468845,0.169304,0.289121,NORMAL
2025-01-21,222.783,0.000921,1.300911,0.443861,0.157492,0.27204,NORMAL
2025-01-21,222.783,0.0,1.278598,0.401299,0.15594,0.254084,NORMAL
2025-01-21,222.783,0.0,1.257037,0.403136,0.158232,0.256194,NORMAL
2025-01-21,222.783,0.0,1.236192,0.400396,0.153134,0.252039,NORMAL
2025-01-21,222.783,0.0,1.216027,0.390072,0.134111,0.236495,NORMAL
2025-01-21,222.783,0.0,1.196509,0.3562,0.106406,0.206324,NORMAL
2025-01-21,222.783,0.0,1.177608,0.319681,0.093967,0.184253,NORMAL
2025-01-22,218.3947,-0.019894,0.772039,0.627342,0.101017,0.311547,NORMAL
2025-01-22,218.3947,0.0,0.774071,0.414213,0.105886,0.229217,NORMAL
2025-01-22,218.5959,0.000921,0.776114,0.425633,0.106822,0.234346,NORMAL
2025-01-22,218.5959,0.0,0.778168,0.382415,0.105422,0.216219,NORMAL
2025-01-22,218.3947,-0.000921,0.780233,0.410346,0.103358,0.226153,NORMAL
2025-01-22,218.5959,0.000921,0.782309,0.363954,0.100768,0.206042,NORMAL
2025-01-22,218.5959,0.0,0.784396,0.308706,0.097614,0.182051,NORMAL
2025-01-22,218.5958,-0.0,0.786494,0.277391,0.093155,0.166849,NORMAL
2025-01-22,218.5959,0.0,0.788603,0.232749,0.086911,0.145246,NORMAL
2025-01-22,218.5958,-0.0,0.790724,0.176204,0.083731,0.120721,NORMAL
2025-01-23,223.3133,0.021351,0.760476,0.416086,0.104156,0.228928,NORMAL
2025-01-23,223.3132,-0.0,0.779084,0.122372,0.118522,0.120062,NORMAL
2025-01-23,223.519,0.000921,0.798625,0.14657,0.126483,0.134518,NORMAL
2025-01-23,223.519,0.0,0.819172,0.114889,0.125293,0.121131,NORMAL
2025-01-23,223.3133,-0.000921,0.840804,0.129329,0.123131,0.12561,NORMAL
2025-01-23,223.519,0.000921,0.863609,0.126551,0.120161,0.122717,NORMAL
2025-01-23,223.519,0.0,0.887686,0.102315,0.117241,0.111271,NORMAL
2025-01-23,223.519,0.0,0.913144,0.101555,0.110134,0.106702,NORMAL
2025-01-23,223.519,0.0,0.940105,0.102364,0.094012,0.097353,NORMAL
2025-01-23,223.519,0.0,0.968707,0.111007,0.074831,0.089302,NORMAL
2025-01-24,223.353,-0.000743,0.886381,0.136856,0.070244,0.096889,NORMAL
2025-01-24,223.353,0.0,0.893205,0.112112,0.074672,0.089648,NORMAL
2025-01-24,223.353,0.0,0.900135,0.111921,0.080316,0.092958,NORMAL
2025-01-24,223.5588,0.000921,0.907172,0.117053,0.082994,0.096618,NORMAL
2025-01-24,223.5588,0.0,0.914321,0.093206,0.080404,0.085525,NORMAL
2025-01-24,223.5588,0.0,0.921584,0.090549,0.073523,0.080333,NORMAL
2025-01-24,223.5588,0.0,0.928962,0.070117,0.065341,0.067252,NORMAL
2025-01-24,223.5588,0.0,0.93646,0.062788,0.055105,0.058178,NORMAL
2025-01-24,223.5588,0.0,0.94408,0.056748,0.042405,0.048142,NORMAL
2025-01-24,223.5588,0.0,0.951825,0.078027,0.035137,0.052293,NORMAL
2025-01-27,222.5978,-0.004308,1.602482,0.407602,0.076309,0.208826,NORMAL
2025-01-27,222.5978,0.0,1.556945,0.277019,0.093345,0.166814,NORMAL
2025-01-27,222.5978,0.0,1.513923,0.245016,0.093878,0.154333,NORMAL
2025-01-27,222.8029,0.000921,1.473216,0.235192,0.086108,0.145742,NORMAL
2025-01-27,222.8029,0.0,1.43464,0.191581,0.076311,0.122419,NORMAL
2025-01-27,222.8029,0.0,1.398033,0.173405,0.070942,0.111927,NORMAL
2025-01-27,222.8029,0.0,1.363247,0.151394,0.072005,0.10376,NORMAL
2025-01-27,222.8029,0.0,1.330151,0.136135,0.075824,0.099949,NORMAL
2025-01-27,222.8029,0.0,1.298623,0.121454,0.076073,0.094225,NORMAL
2025-01-27,222.8029,0.0,1.268555,0.109309,0.071316,0.086513,NORMAL
2025-01-28,229.3844,0.029112,0.998371,0.572757,0.090787,0.283575,NORMAL
2025-01-28,229.3844,0.0,0.98473,0.197799,0.088904,0.132462,NORMAL
2025-01-28,229.3845,0.0,0.971456,0.148207,0.083039,0.109106,NORMAL
2025-01-28,229.5958,0.000921,0.958535,0.17625,0.076696,0.116518,NORMAL
2025-01-28,229.5958,0.0,0.945954,0.135478,0.071175,0.096896,NORMAL
2025-01-28,229.5958,0.0,0.933699,0.139052,0.067831,0.096319,NORMAL
2025-01-28,229.5958,0.0,0.921757,0.136007,0.06617,0.094105,NORMAL
2025-01-28,229.5958,0.0,0.910116,0.142048,0.065121,0.095892,NORMAL
2025-01-28,229.5958,0.0,0.898766,0.149299,0.063892,0.098055,NORMAL
2025-01-28,229.5958,0.0,0.887696,0.160732,0.062769,0.101954,NORMAL
2025-01-29,232.848,0.014066,0.549239,0.559165,0.075661,0.269062,NORMAL
2025-01-29,232.6337,-0.000921,0.566115,0.331477,0.082988,0.182384,NORMAL
2025-01-29,232.6337,0.0,0.584062,0.291265,0.086184,0.168216,NORMAL
2025-01-29,232.6337,0.0,0.603184,0.277796,0.085688,0.162531,NORMAL
2025-01-29,232.848,0.000921,0.6236,0.299844,0.082876,0.169663,NORMAL
2025-01-29,232.848,0.0,0.645446,0.259022,0.078612,0.150776,NORMAL
2025-01-29,232.848,0.0,0.668879,0.222709,0.073504,0.133186,NORMAL
2025-01-29,232.848,0.0,0.694078,0.184292,0.066762,0.113774,NORMAL
2025-01-29,232.848,0.0,0.721249,0.141511,0.055842,0.09011,NORMAL
2025-01-29,232.848,0.0,0.750635,0.11737,0.045596,0.074306,NORMAL
2025-01-30,237.3733,0.019248,0.933952,0.49516,0.057655,0.232657,NORMAL
2025-01-30,237.1548,-0.000921,0.949931,0.184784,0.066619,0.113885,NORMAL
2025-01-30,237.1548,0.0,0.966467,0.121322,0.072866,0.092248,NORMAL
2025-01-30,237.1548,0.0,0.983588,0.122967,0.07679,0.095261,NORMAL
2025-01-30,237.3733,0.000921,1.001327,0.152519,0.07853,0.108126,NORMAL
2025-01-30,237.3733,0.0,1.019718,0.126924,0.07745,0.097239,NORMAL
2025-01-30,237.3733,0.0,1.038797,0.113058,0.074189,0.089737,NORMAL
2025-01-30,237.3733,0.0,1.058603,0.111331,0.069665,0.086331,NORMAL
2025-01-30,237.3733,0.0,1.079179,0.121858,0.062945,0.08651,NORMAL
2025-01-30,237.3733,0.0,1.100571,0.098815,0.050978,0.070113,NORMAL
2025-01-31,245.6207,0.034154,1.892551,0.915574,0.117099,0.436489,LOW
2025-01-31,245.6207,0.0,1.799012,0.605362,0.139751,0.325995,NORMAL
2025-01-31,245.6207,0.0,1.714285,0.531791,0.134352,0.293328,NORMAL
2025-01-31,245.847,0.000921,1.637179,0.527281,0.117087,0.281165,NORMAL
2025-01-31,245.847,0.0,1.56671,0.477869,0.102826,0.252843,NORMAL
2025-01-31,245.847,0.0,1.502058,0.457949,0.097682,0.241789,NORMAL
2025-01-31,245.847,0.0,1.44253,0.45384,0.099868,0.241457,NORMAL
2025-01-31,245.847,0.0,1.387541,0.417075,0.106279,0.230597,NORMAL
2025-01-31,245.847,0.0,1.33659,0.395743,0.115878,0.227824,NORMAL
2025-01-31,245.847,0.0,1.289248,0.345682,0.134243,0.218818,NORMAL
2025-02-03,228.5299,-0.073042,0.922758,0.768933,0.236407,0.449417,LOW
2025-02-03,228.5299,0.0,0.912726,0.449323,0.240849,0.324238,NORMAL
2025-02-03,228.5299,0.0,0.90291,0.425094,0.216364,0.299856,NORMAL
2025-02-03,228.7405,0.000921,0.893303,0.467807,0.196997,0.305321,NORMAL
2025-02-03,228.7405,0.0,0.883898,0.46765,0.180382,0.295289,NORMAL
2025-02-03,228.7404,-0.0,0.87469,0.511747,0.165394,0.303935,NORMAL
2025-02-03,228.7405,0.0,0.865671,0.523027,0.153766,0.301471,NORMAL
2025-02-03,228.7405,0.0,0.856836,0.533664,0.145651,0.300856,NORMAL
2025-02-03,228.7405,0.0,0.84818,0.563219,0.13947,0.308969,NORMAL
2025-02-03,228.7405,0.0,0.839697,0.590145,0.13388,0.316386,NORMAL
2025-02-04,225.8073,-0.012906,0.535134,0.817736,0.137908,0.409839,LOW
2025-02-04,225.8073,0.0,0.553501,0.686518,0.140463,0.358885,NORMAL
2025-02-04,225.8073,0.0,0.573174,0.697447,0.143227,0.364915,NORMAL
2025-02-04,226.0154,0.000921,0.594296,0.686127,0.146475,0.362336,NORMAL
2025-02-04,226.0153,-0.0,0.617035,0.643989,0.14959,0.347349,NORMAL
2025-02-04,226.0154,0.0,0.641584,0.603313,0.151006,0.331929,NORMAL
2025-02-04,226.0153,-0.0,0.668167,0.549134,0.147288,0.308027,NORMAL
2025-02-04,226.0154,0.0,0.697048,0.450193,0.134872,0.261,NORMAL
2025-02-04,226.0154,0.0,0.728538,0.32383,0.121145,0.202219,NORMAL
2025-02-04,226.0154,0.0,0.763008,0.129861,0.154781,0.144813,NORMAL
2025-02-05,227.0792,0.004696,0.690332,0.235492,0.112799,0.161876,NORMAL
2025-02-05,227.0792,0.0,0.711048,0.11551,0.094811,0.103091,NORMAL
2025-02-05,227.2884,0.000921,0.733046,0.141167,0.092746,0.112114,NORMAL
2025-02-05,227.2884,0.0,0.756449,0.103258,0.08995,0.095273,NORMAL
2025-02-05,227.0792,-0.000921,0.781395,0.121973,0.085598,0.100148,NORMAL
2025-02-05,227.2884,0.000921,0.808043,0.104602,0.091328,0.096638,NORMAL
2025-02-05,227.2884,0.0,0.836573,0.07872,0.112431,0.098946,NORMAL
2025-02-05,227.2884,0.0,0.867191,0.078569,0.132247,0.110776,NORMAL
2025-02-05,227.2884,0.0,0.900135,0.075326,0.136613,0.112098,NORMAL
2025-02-05,227.2884,0.0,0.935681,0.078857,0.066704,0.071565,NORMAL
2025-02-06,229.8216,0.011084,0.719588,0.367293,0.062346,0.184325,NORMAL
2025-02-06,229.8217,0.0,0.732932,0.136362,0.063503,0.092647,NORMAL
2025-02-06,230.0334,0.000921,0.746779,0.144468,0.06753,0.098305,NORMAL
2025-02-06,230.0334,0.0,0.76116,0.096303,0.072688,0.082134,NORMAL
2025-02-06,229.8217,-0.000921,0.776105,0.124833,0.076231,0.095672,NORMAL
2025-02-06,230.0334,0.000921,0.791649,0.110073,0.077487,0.090522,NORMAL
2025-02-06,230.0334,0.0,0.807829,0.072962,0.075697,0.074603,NORMAL
2025-02-06,230.0334,0.0,0.824684,0.071471,0.067317,0.068978,NORMAL
2025-02-06,230.0334,0.0,0.842257,0.06011,0.057144,0.05833,NORMAL
2025-02-06,230.0334,0.0,0.860595,0.044366,0.057461,0.052223,NORMAL
2025-02-07,231.1234,0.004727,1.141761,0.151786,0.070066,0.102754,NORMAL
2025-02-07,231.3363,0.000921,1.141619,0.073112,0.08289,0.078979,NORMAL
2025-02-07,231.3363,0.0,1.141476,0.051175,0.090107,0.074534,NORMAL
2025-02-07,231.3363,0.0,1.141334,0.051466,0.091943,0.075752,NORMAL
2025-02-07,231.3363,0.0,1.141191,0.050879,0.089626,0.074127,NORMAL
2025-02-07,231.3363,0.0,1.141049,0.043201,0.083324,0.067275,NORMAL
2025-02-07,231.3363,0.0,1.140906,0.040455,0.070591,0.058537,NORMAL
2025-02-07,231.3363,0.0,1.140764,0.043113,0.048035,0.046066,NORMAL
2025-02-07,231.1233,-0.000921,1.140621,0.089998,0.028886,0.053331,NORMAL
2025-02-07,231.1233,0.0,1.140479,0.061903,0.0301,0.042821,NORMAL
2025-02-10,228.3634,-0.012013,0.946816,0.317196,0.036554,0.148811,NORMAL
2025-02-10,228.5738,0.000921,0.942517,0.119032,0.033407,0.067657,NORMAL
2025-02-10,228.3634,-0.000921,0.938257,0.115476,0.029786,0.064062,NORMAL
2025-02-10,228.3634,0.0,0.934036,0.074998,0.027092,0.046255,NORMAL
2025-02-10,228.5738,0.000921,0.929852,0.093093,0.025968,0.052818,NORMAL
2025-02-10,228.5738,0.0,0.925706,0.064291,0.026751,0.041767,NORMAL
2025-02-10,228.5738,0.0,0.921597,0.07111,0.028193,0.04536,NORMAL
2025-02-10,228.5738,0.0,0.917524,0.067336,0.028628,0.044111,NORMAL
2025-02-10,228.5738,0.0,0.913486,0.069601,0.026316,0.04363,NORMAL
2025-02-10,228.5738,0.0,0.909484,0.067364,0.022638,0.040528,NORMAL
2025-02-11,227.0006,-0.006906,1.447469,0.35336,0.04625,0.169094,NORMAL
2025-02-11,227.0006,0.0,1.420651,0.222013,0.048476,0.11789,NORMAL
2025-02-11,227.0006,0.0,1.394809,0.207011,0.040362,0.107022,NORMAL
2025-02-11,227.2097,0.000921,1.369891,0.188752,0.036871,0.097623,NORMAL
2025-02-11,227.2097,0.0,1.345847,0.149734,0.042371,0.085317,NORMAL
2025-02-11,227.2097,0.0,1.322632,0.13506,0.050524,0.084338,NORMAL
2025-02-11,227.2097,0.0,1.300205,0.114283,0.055895,0.07925,NORMAL
2025-02-11,227.2097,0.0,1.278526,0.103782,0.055077,0.074559,NORMAL
2025-02-11,227.2097,0.0,1.257558,0.0871,0.047316,0.06323,NORMAL
2025-02-11,227.2097,0.0,1.237267,0.102208,0.036975,0.063068,NORMAL
2025-02-12,229.9848,0.01214,1.027711,0.308263,0.039693,0.147121,NORMAL
2025-02-12,229.9848,0.0,1.013747,0.053635,0.037193,0.04377,NORMAL
2025-02-12,230.1967,0.000921,1.000158,0.075415,0.036061,0.051803,NORMAL
2025-02-12,230.1967,0.0,0.986928,0.039011,0.038958,0.038979,NORMAL
2025-02-12,229.9848,-0.000921,0.974044,0.075205,0.043638,0.056265,NORMAL
2025-02-12,230.1967,0.000921,0.961492,0.075039,0.047166,0.058315,NORMAL
2025-02-12,230.1967,0.0,0.949259,0.044416,0.047562,0.046304,NORMAL
2025-02-12,230.1967,0.0,0.937334,0.049149,0.04352,0.045771,NORMAL
2025-02-12,230.1967,0.0,0.925704,0.054266,0.036976,0.043892,NORMAL
2025-02-12,230.1967,0.0,0.91436,0.055276,0.029508,0.039815,NORMAL
2025-02-13,235.6648,0.023476,1.083647,0.547682,0.043559,0.245208,NORMAL
2025-02-13,235.6648,0.0,1.083761,0.220899,0.051744,0.119406,NORMAL
2025-02-13,235.8819,0.000921,1.083875,0.213291,0.058552,0.120448,NORMAL
2025-02-13,235.8819,0.0,1.083989,0.163039,0.065153,0.104307,NORMAL
2025-02-13,235.6648,-0.000921,1.084104,0.179255,0.071282,0.114472,NORMAL
2025-02-13,235.8819,0.000921,1.084218,0.17044,0.076704,0.114199,NORMAL
2025-02-13,235.8819,0.0,1.084332,0.125243,0.079137,0.097579,NORMAL
2025-02-13,235.8819,0.0,1.084447,0.123586,0.076324,0.095229,NORMAL
2025-02-13,235.8819,0.0,1.084561,0.114591,0.066444,0.085702,NORMAL
2025-02-13,235.8819,0.0,1.084676,0.098955,0.053934,0.071943,NORMAL
2025-02-14,239.982,0.017233,0.831032,0.475466,0.063338,0.228189,NORMAL
2025-02-14,239.982,0.0,0.834719,0.221326,0.067603,0.129092,NORMAL
2025-02-14,239.982,0.0,0.838438,0.21461,0.067899,0.126583,NORMAL
2025-02-14,240.2031,0.000921,0.842191,0.242661,0.06682,0.137156,NORMAL
2025-02-14,240.2031,0.0,0.845978,0.198792,0.063535,0.117638,NORMAL
2025-02-14,240.2031,0.0,0.849799,0.192977,0.05934,0.112795,NORMAL
2025-02-14,240.2031,0.0,0.853654,0.176984,0.055454,0.104066,NORMAL
2025-02-14,240.2031,0.0,0.857545,0.162715,0.052241,0.09643,NORMAL
2025-02-14,240.2031,0.0,0.861471,0.140757,0.048741,0.085548,NORMAL
2025-02-14,240.2031,0.0,0.865434,0.117264,0.044333,0.073505,NORMAL
2025-02-18,242.8667,0.011028,1.038433,0.390008,0.049783,0.185873,NORMAL
2025-02-18,242.8668,0.0,1.043751,0.153871,0.05021,0.091675,NORMAL
2025-02-18,242.8668,0.0,1.049125,0.152515,0.046879,0.089133,NORMAL
2025-02-18,243.0905,0.000921,1.054554,0.184271,0.042515,0.099217,NORMAL
2025-02-18,243.0905,0.0,1.060039,0.149996,0.03958,0.083747,NORMAL
2025-02-18,243.0905,0.0,1.065582,0.163234,0.038223,0.088227,NORMAL
2025-02-18,243.0905,0.0,1.071184,0.14571,0.038584,0.081434,NORMAL
2025-02-18,243.0905,0.0,1.076844,0.135364,0.039092,0.077601,NORMAL
2025-02-18,243.0905,0.0,1.082564,0.132563,0.037759,0.075681,NORMAL
2025-02-18,243.0905,0.0,1.088346,0.121369,0.038027,0.071364,NORMAL
2025-02-19,243.5983,0.002087,0.724916,0.242652,0.051077,0.127707,NORMAL
2025-02-19,243.5983,0.0,0.732078,0.173037,0.057631,0.103793,NORMAL
2025-02-19,243.5983,0.0,0.739382,0.174071,0.057919,0.10438,NORMAL
2025-02-19,243.5983,0.0,0.746834,0.172759,0.054705,0.101927,NORMAL
2025-02-19,243.5983,0.0,0.754438,0.167903,0.051502,0.098063,NORMAL
2025-02-19,243.5983,0.0,0.762198,0.168478,0.049394,0.097028,NORMAL
2025-02-19,243.5983,0.0,0.770119,0.16977,0.048759,0.097163,NORMAL
2025-02-19,243.3741,-0.000921,0.778207,0.16374,0.047184,0.093806,NORMAL
2025-02-19,243.3741,0.0,0.786467,0.142187,0.040845,0.081382,NORMAL
2025-02-19,243.3741,0.0,0.794903,0.159879,0.029243,0.081497,NORMAL
2025-02-20,243.6526,0.001144,0.814272,0.181199,0.026549,0.088409,NORMAL
2025-02-20,243.6526,0.0,0.831564,0.125969,0.024337,0.06499,NORMAL
2025-02-20,243.8771,0.000921,0.849606,0.150433,0.022744,0.073819,NORMAL
2025-02-20,243.8771,0.0,0.868448,0.116258,0.021686,0.059514,NORMAL
2025-02-20,243.6526,-0.000921,0.888145,0.151593,0.022103,0.073899,NORMAL
2025-02-20,243.8771,0.000921,0.908757,0.143758,0.022661,0.0711,NORMAL
2025-02-20,243.8771,0.0,0.930347,0.119075,0.023642,0.061815,NORMAL
2025-02-20,243.8771,0.0,0.952989,0.112061,0.024266,0.059384,NORMAL
2025-02-20,243.8771,0.0,0.97676,0.118255,0.023093,0.061158,NORMAL
2025-02-20,243.8771,0.0,1.001747,0.119828,0.020688,0.060344,NORMAL
2025-02-21,244.6573,0.003194,1.59703,0.373498,0.03981,0.173285,NORMAL
2025-02-21,244.6573,0.0,1.548242,0.258044,0.036526,0.125134,NORMAL
2025-02-21,244.8827,0.000921,1.502347,0.264554,0.030364,0.12404,NORMAL
2025-02-21,244.8827,0.0,1.459094,0.217453,0.031086,0.105633,NORMAL
2025-02-21,244.6573,-0.000921,1.418263,0.229883,0.033841,0.112257,NORMAL
2025-02-21,244.8827,0.000921,1.379654,0.19628,0.03395,0.098882,NORMAL
2025-02-21,244.8827,0.0,1.343092,0.162327,0.033527,0.085047,NORMAL
2025-02-21,244.8827,0.0,1.308417,0.1415,0.032318,0.075991,NORMAL
2025-02-21,244.8827,0.0,1.275488,0.127744,0.028389,0.068131,NORMAL
2025-02-21,244.8827,0.0,1.244176,0.122931,0.024612,0.063939,NORMAL
2025-02-24,243.6426,-0.005077,1.174312,0.238835,0.029803,0.113416,NORMAL
2025-02-24,243.8671,0.000921,1.149319,0.130679,0.032455,0.071745,NORMAL
2025-02-24,243.8671,0.0,1.125367,0.10004,0.034636,0.060797,NORMAL
2025-02-24,243.8671,0.0,1.102394,0.09639,0.036605,0.060519,NORMAL
2025-02-24,243.8671,0.0,1.080339,0.095933,0.037935,0.061134,NORMAL
2025-02-24,243.8671,0.0,1.05915,0.091338,0.038146,0.059423,NORMAL
2025-02-24,243.8671,0.0,1.038776,0.091018,0.037061,0.058644,NORMAL
2025-02-24,243.8671,0.0,1.019171,0.098532,0.036897,0.061551,NORMAL
2025-02-24,243.6426,-0.000921,1.000292,0.137792,0.036502,0.077018,NORMAL
2025-02-24,243.6426,0.0,0.9821,0.112954,0.034872,0.066105,NORMAL
2025-02-25,246.6965,0.012456,0.923285,0.380095,0.039324,0.175632,NORMAL
2025-02-25,246.9238,0.000921,0.92791,0.157283,0.043119,0.088784,NORMAL
2025-02-25,246.6965,-0.000921,0.932582,0.123805,0.045523,0.076836,NORMAL
2025-02-25,246.6965,0.0,0.937301,0.083831,0.047596,0.06209,NORMAL
2025-02-25,246.9238,0.000921,0.942068,0.11462,0.049806,0.075732,NORMAL
2025-02-25,246.9238,0.0,0.946883,0.078098,0.050239,0.061382,NORMAL
2025-02-25,246.9238,0.0,0.951749,0.078603,0.047428,0.059898,NORMAL
2025-02-25,246.9238,0.0,0.956664,0.085999,0.039824,0.058294,NORMAL
2025-02-25,246.9238,0.0,0.96163,0.089288,0.027849,0.052425,NORMAL
2025-02-25,246.9238,0.0,0.966649,0.088075,0.024934,0.05019,NORMAL
2025-02-26,243.0458,-0.01583,0.900829,0.345959,0.039279,0.161951,NORMAL
2025-02-26,243.0458,0.0,0.907168,0.120187,0.045678,0.075482,NORMAL
2025-02-26,243.0458,0.0,0.913596,0.124199,0.043684,0.07589,NORMAL
2025-02-26,243.2697,0.000921,0.920116,0.146422,0.039206,0.082092,NORMAL
2025-02-26,243.2697,0.0,0.92673,0.117123,0.036846,0.068957,NORMAL
2025-02-26,243.2697,0.0,0.93344,0.116808,0.034784,0.067593,NORMAL
2025-02-26,243.2697,0.0,0.940247,0.115322,0.03188,0.065257,NORMAL
2025-02-26,243.2697,0.0,0.947154,0.117062,0.027569,0.063366,NORMAL
2025-02-26,243.2697,0.0,0.954164,0.115933,0.022169,0.059675,NORMAL
2025-02-26,243.2697,0.0,0.961278,0.122812,0.017367,0.059545,NORMAL
2025-02-27,238.3711,-0.020342,0.896974,0.538331,0.025839,0.230836,NORMAL
2025-02-27,238.1517,-0.000921,0.90373,0.324198,0.031915,0.148828,NORMAL
2025-02-27,238.1517,0.0,0.910589,0.248999,0.035466,0.120879,NORMAL
2025-02-27,238.1517,0.0,0.917552,0.247035,0.036956,0.120988,NORMAL
2025-02-27,238.3711,0.000921,0.924623,0.21112,0.037423,0.106901,NORMAL
2025-02-27,238.3711,0.0,0.931803,0.175503,0.038059,0.093036,NORMAL
2025-02-27,238.3711,0.0,0.939096,0.172112,0.038927,0.092201,NORMAL
2025-02-27,238.3711,0.0,0.946504,0.159069,0.039386,0.087259,NORMAL
2025-02-27,238.3711,0.0,0.95403,0.142678,0.03728,0.079439,NORMAL
2025-02-27,238.3711,0.0,0.961677,0.142013,0.032971,0.076588,NORMAL
2025-02-28,235.9218,-0.010328,1.309115,0.446575,0.041936,0.203792,NORMAL
2025-02-28,235.7046,-0.000921,1.290683,0.318933,0.04443,0.154232,NORMAL
2025-02-28,235.7046,0.0,1.272763,0.258523,0.044936,0.130371,NORMAL
2025-02-28,235.7046,0.0,1.255333,0.245837,0.04481,0.125221,NORMAL
2025-02-28,235.9217,0.000921,1.238374,0.210804,0.044286,0.110893,NORMAL
2025-02-28,235.9218,0.0,1.221868,0.160219,0.043298,0.090066,NORMAL
2025-02-28,235.9218,0.0,1.205796,0.152595,0.041661,0.086034,NORMAL
2025-02-28,235.9217,-0.0,1.190141,0.141114,0.039246,0.079993,NORMAL
2025-02-28,235.9217,0.0,1.174887,0.114849,0.036121,0.067612,NORMAL
2025-02-28,235.9217,0.0,1.160019,0.089621,0.034702,0.05667,NORMAL
2025-03-03,240.5191,0.0193,0.957176,0.399276,0.053481,0.191799,NORMAL
2025-03-03,240.5191,0.0,0.951357,0.093232,0.061151,0.073983,NORMAL
2025-03-03,240.5191,0.0,0.945608,0.082367,0.060881,0.069475,NORMAL
2025-03-03,240.7407,0.000921,0.939928,0.112317,0.05829,0.079901,NORMAL
2025-03-03,240.7407,0.0,0.934316,0.088232,0.055047,0.068321,NORMAL
2025-03-03,240.7407,0.0,0.928771,0.095923,0.051541,0.069294,NORMAL
2025-03-03,240.7407,0.0,0.923291,0.100293,0.047687,0.068729,NORMAL
2025-03-03,240.7407,0.0,0.917876,0.10363,0.043346,0.067459,NORMAL
2025-03-03,240.7407,0.0,0.912523,0.106166,0.038366,0.065486,NORMAL
2025-03-03,240.7407,0.0,0.907233,0.112897,0.036854,0.067271,NORMAL
2025-03-04,236.6785,-0.017018,1.037433,0.376353,0.060686,0.186953,NORMAL
2025-03-04,236.4606,-0.000921,1.040478,0.13979,0.082295,0.105293,NORMAL
2025-03-04,236.4606,0.0,1.043541,0.10247,0.092747,0.096636,NORMAL
2025-03-04,236.4606,0.0,1.046622,0.102613,0.091896,0.096183,NORMAL
2025-03-04,236.6785,0.000921,1.049722,0.143277,0.085714,0.108739,NORMAL
2025-03-04,236.6785,0.0,1.052839,0.107242,0.076737,0.088939,NORMAL
2025-03-04,236.6785,0.0,1.055976,0.113275,0.06715,0.0856,NORMAL
2025-03-04,236.6785,0.0,1.059131,0.112407,0.0579,0.079703,NORMAL
2025-03-04,236.6785,0.0,1.062305,0.109885,0.048085,0.072805,NORMAL
2025-03-04,236.6785,0.0,1.065498,0.108386,0.040741,0.067799,NORMAL
2025-03-05,234.1826,-0.010602,0.935325,0.338541,0.045444,0.162683,NORMAL
2025-03-05,234.1827,0.0,0.935285,0.160176,0.04804,0.092894,NORMAL
2025-03-05,234.1826,-0.0,0.935245,0.151064,0.04944,0.09009,NORMAL
2025-03-05,234.3984,0.000921,0.935204,0.156961,0.049418,0.092435,NORMAL
2025-03-05,234.3984,0.0,0.935164,0.131797,0.049555,0.082451,NORMAL
2025-03-05,234.3984,0.0,0.935124,0.111804,0.04817,0.073624,NORMAL
2025-03-05,234.3984,0.0,0.935083,0.099099,0.044743,0.066485,NORMAL
2025-03-05,234.3984,0.0,0.935043,0.094448,0.039041,0.061204,NORMAL
2025-03-05,234.3984,0.0,0.935002,0.078267,0.030198,0.049426,NORMAL
2025-03-05,234.3984,0.0,0.934962,0.061703,0.015677,0.034087,NORMAL
2025-03-06,233.2078,-0.005092,0.901938,0.217335,0.015084,0.095985,NORMAL
2025-03-06,233.2078,0.0,0.909775,0.117531,0.01505,0.056043,NORMAL
2025-03-06,233.4226,0.000921,0.917749,0.08276,0.015554,0.042436,NORMAL
2025-03-06,233.4227,0.0,0.925864,0.061369,0.016912,0.034695,NORMAL
2025-03-06,233.2078,-0.000921,0.934123,0.091566,0.018674,0.047831,NORMAL
2025-03-06,233.4226,0.000921,0.942532,0.076824,0.02088,0.043257,NORMAL
2025-03-06,233.4226,0.0,0.951093,0.045369,0.022981,0.031937,NORMAL
2025-03-06,233.4227,0.0,0.959811,0.046828,0.024353,0.033343,NORMAL
2025-03-06,233.4226,-0.0,0.96869,0.049342,0.022985,0.033528,NORMAL
2025-03-06,233.4227,0.0,0.977735,0.054599,0.014334,0.03044,NORMAL
2025-03-07,233.8743,0.001933,1.00265,0.127322,0.01397,0.05931,NORMAL
2025-03-07,233.8743,0.0,1.003687,0.074284,0.013369,0.037735,NORMAL
2025-03-07,234.0897,0.000921,1.004727,0.086596,0.012727,0.042274,NORMAL
2025-03-07,234.0897,0.0,1.005769,0.065955,0.01179,0.033456,NORMAL
2025-03-07,233.8743,-0.000921,1.006812,0.101203,0.011331,0.04728,NORMAL
2025-03-07,234.0897,0.000921,1.007858,0.089854,0.010754,0.042394,NORMAL
2025-03-07,234.0897,0.0,1.008907,0.071072,0.010309,0.034614,NORMAL
2025-03-07,234.0897,0.0,1.009957,0.072817,0.009588,0.03488,NORMAL
2025-03-07,234.0897,0.0,1.011009,0.074365,0.008285,0.034717,NORMAL
2025-03-07,234.0897,0.0,1.012064,0.073926,0.008913,0.034918,NORMAL
2025-03-10,234.302,0.000907,1.531246,0.216485,0.028676,0.103799,NORMAL
2025-03-10,234.302,0.0,1.488703,0.190069,0.032606,0.095591,NORMAL
2025-03-10,234.302,0.0,1.44846,0.178252,0.027038,0.087523,NORMAL
2025-03-10,234.5179,0.000921,1.410336,0.178758,0.021799,0.084583,NORMAL
2025-03-10,234.5179,0.0,1.374167,0.133681,0.019637,0.065254,NORMAL
2025-03-10,234.5179,0.0,1.339807,0.127239,0.019045,0.062323,NORMAL
2025-03-10,234.5179,0.0,1.307123,0.111962,0.018245,0.055732,NORMAL
2025-03-10,234.5179,0.0,1.275996,0.101716,0.01739,0.05112,NORMAL
2025-03-10,234.5179,0.0,1.246317,0.098291,0.017804,0.049999,NORMAL
2025-03-10,234.5179,0.0,1.217987,0.091189,0.020433,0.048735,NORMAL
2025-03-11,222.6337,-0.052004,1.255034,0.765684,0.120494,0.37857,NORMAL
2025-03-11,222.6337,0.0,1.224886,0.54482,0.116343,0.287733,NORMAL
2025-03-11,222.6337,0.0,1.196152,0.517161,0.076079,0.252512,NORMAL
2025-03-11,222.8388,0.000921,1.168735,0.437031,0.061672,0.211815,NORMAL
2025-03-11,222.8388,0.0,1.142546,0.375914,0.056593,0.184321,NORMAL
2025-03-11,222.8388,0.0,1.117506,0.399061,0.055215,0.192753,NORMAL
2025-03-11,222.8388,0.0,1.09354,0.406307,0.055385,0.195753,NORMAL
2025-03-11,222.8388,0.0,1.07058,0.425112,0.056481,0.203933,NORMAL
2025-03-11,222.8388,0.0,1.048564,0.435348,0.057682,0.208748,NORMAL
2025-03-11,222.8388,0.0,1.027436,0.444762,0.057613,0.212473,NORMAL
2025-03-12,218.9829,-0.017455,0.849506,0.67709,0.067578,0.311383,NORMAL
2025-03-12,218.983,0.0,0.855036,0.498049,0.07673,0.245258,NORMAL
2025-03-12,218.983,0.0,0.860638,0.497436,0.084759,0.24983,NORMAL
2025-03-12,219.1847,0.000921,0.866314,0.491062,0.090122,0.250498,NORMAL
2025-03-12,219.1847,0.0,0.872066,0.447999,0.092418,0.23465,NORMAL
2025-03-12,219.1847,0.0,0.877894,0.442287,0.092187,0.232227,NORMAL
2025-03-12,219.1847,0.0,0.883801,0.394132,0.088792,0.210928,NORMAL
2025-03-12,219.1847,0.0,0.889788,0.342343,0.082628,0.186514,NORMAL
2025-03-12,219.1847,0.0,0.895857,0.261839,0.076304,0.150518,NORMAL
2025-03-12,219.1847,0.0,0.902009,0.155625,0.082551,0.11178,NORMAL
2025-03-13,214.815,-0.020138,0.89453,0.56423,0.084903,0.276634,NORMAL
2025-03-13,214.815,0.0,0.904263,0.282075,0.086669,0.164831,NORMAL
2025-03-13,215.0129,0.000921,0.914211,0.250935,0.084523,0.151087,NORMAL
2025-03-13,215.0129,0.0,0.92438,0.212549,0.08211,0.134286,NORMAL
2025-03-13,214.815,-0.000921,0.934777,0.262721,0.085074,0.156133,NORMAL
2025-03-13,215.0129,0.000921,0.945412,0.200958,0.098802,0.139665,NORMAL
2025-03-13,215.0129,0.0,0.956291,0.164235,0.118102,0.136555,NORMAL
2025-03-13,215.0129,0.0,0.967423,0.148001,0.131551,0.138131,NORMAL
2025-03-13,215.0129,0.0,0.978818,0.137838,0.123582,0.129285,NORMAL
2025-03-13,215.0129,0.0,0.990484,0.118188,0.079916,0.095225,NORMAL
2025-03-14,210.1397,-0.022925,0.97205,0.583958,0.075961,0.27916,NORMAL
2025-03-14,210.1397,0.0,0.973972,0.312452,0.078117,0.171851,NORMAL
2025-03-14,210.3333,0.000921,0.975901,0.262224,0.079121,0.152362,NORMAL
2025-03-14,210.3333,0.0,0.977838,0.215236,0.080482,0.134384,NORMAL
2025-03-14,210.1397,-0.000921,0.979782,0.259918,0.082102,0.153228,NORMAL
2025-03-14,210.3333,0.000921,0.981734,0.226596,0.083337,0.140641,NORMAL
2025-03-14,210.3333,0.0,0.983694,0.190145,0.083965,0.126437,NORMAL
2025-03-14,210.3333,0.0,0.985662,0.183439,0.079475,0.12106,NORMAL
2025-03-14,210.3333,0.0,0.987638,0.1595,0.073736,0.108042,NORMAL
2025-03-14,210.3333,0.0,0.989622,0.133006,0.070957,0.095777,NORMAL
2025-03-17,212.1888,0.008783,0.800247,0.345329,0.081124,0.186806,NORMAL
2025-03-17,212.1888,0.0,0.809201,0.163682,0.085192,0.116588,NORMAL
2025-03-17,212.1889,0.0,0.818358,0.148334,0.082733,0.108973,NORMAL
2025-03-17,212.3843,0.00092,0.827725,0.14871,0.077974,0.106269,NORMAL
2025-03-17,212.3844,0.0,0.837308,0.116542,0.074031,0.091035,NORMAL
2025-03-17,212.3843,-0.0,0.847116,0.10153,0.069012,0.082019,NORMAL
2025-03-17,212.3843,0.0,0.857157,0.080998,0.061597,0.069358,NORMAL
2025-03-17,212.3843,0.0,0.867438,0.076889,0.053117,0.062625,NORMAL
2025-03-17,212.3843,0.0,0.877969,0.066962,0.048385,0.055816,NORMAL
2025-03-17,212.3843,0.0,0.888759,0.063377,0.049583,0.0551,NORMAL
2025-03-18,213.2306,0.003977,0.7975,0.170898,0.048939,0.097723,NORMAL
2025-03-18,213.0344,-0.000921,0.810971,0.09944,0.048664,0.068975,NORMAL
2025-03-18,213.0344,0.0,0.824904,0.074047,0.047688,0.058231,NORMAL
2025-03-18,213.0344,0.0,0.839324,0.057342,0.044381,0.049566,NORMAL
2025-03-18,213.2307,0.000921,0.854257,0.065049,0.037743,0.048665,NORMAL
2025-03-18,213.2307,0.0,0.869731,0.048359,0.031247,0.038092,NORMAL
2025-03-18,213.2307,0.0,0.885777,0.045123,0.026697,0.034067,NORMAL
2025-03-18,213.2307,0.0,0.902425,0.045691,0.024617,0.033047,NORMAL
2025-03-18,213.2307,0.0,0.919711,0.039424,0.023176,0.029675,NORMAL
2025-03-18,213.2306,-0.0,0.937673,0.043403,0.016702,0.027383,NORMAL
2025-03-19,213.0941,-0.00064,1.193487,0.081351,0.01834,0.043545,NORMAL
2025-03-19,213.094,-0.0,1.185278,0.075412,0.018944,0.041531,NORMAL
2025-03-19,213.094,0.0,1.177181,0.066302,0.018589,0.037674,NORMAL
2025-03-19,213.2904,0.000921,1.169194,0.077473,0.017434,0.04145,NORMAL
2025-03-19,213.2904,0.0,1.161314,0.067694,0.016293,0.036853,NORMAL
2025-03-19,213.2904,0.0,1.153541,0.063752,0.015531,0.034819,NORMAL
2025-03-19,213.2904,0.0,1.14587,0.067372,0.015432,0.036208,NORMAL
2025-03-19,213.2904,0.0,1.138301,0.064164,0.015592,0.035021,NORMAL
2025-03-19,213.2904,0.0,1.130831,0.070144,0.013888,0.03639,NORMAL
2025-03-19,213.2904,0.0,1.123459,0.08014,0.012912,0.039803,NORMAL
2025-03-20,213.0614,-0.001074,1.002719,0.111827,0.014749,0.053581,NORMAL
2025-03-20,212.8653,-0.000921,0.996146,0.126573,0.01646,0.060506,NORMAL
2025-03-20,212.8653,0.0,0.989659,0.09023,0.016416,0.045942,NORMAL
2025-03-20,212.8653,0.0,0.983256,0.087698,0.015394,0.044316,NORMAL
2025-03-20,213.0614,0.000921,0.976935,0.104545,0.013769,0.050079,NORMAL
2025-03-20,213.0614,0.0,0.970695,0.084532,0.012481,0.041301,NORMAL
2025-03-20,213.0614,0.0,0.964534,0.084987,0.011336,0.040796,NORMAL
2025-03-20,213.0614,0.0,0.958451,0.085836,0.010068,0.040375,NORMAL
2025-03-20,213.0614,0.0,0.952444,0.082958,0.008457,0.038257,NORMAL
2025-03-20,213.0614,0.0,0.946512,0.083914,0.007286,0.037937,NORMAL
2025-03-21,210.6419,-0.011421,1.755747,0.609678,0.058873,0.279195,NORMAL
2025-03-21,210.448,-0.000921,1.692995,0.479595,0.063754,0.23009,NORMAL
2025-03-21,210.448,0.0,1.634574,0.40457,0.065402,0.201069,NORMAL
2025-03-21,210.448,0.0,1.580051,0.343725,0.071983,0.18068,NORMAL
2025-03-21,210.6419,0.000921,1.529048,0.268074,0.068888,0.148562,NORMAL
2025-03-21,210.6419,0.0,1.481234,0.207973,0.059053,0.118621,NORMAL
2025-03-21,210.6419,0.0,1.43632,0.195214,0.050352,0.108297,NORMAL
2025-03-21,210.6419,0.0,1.39405,0.169404,0.046838,0.095864,NORMAL
2025-03-21,210.6419,0.0,1.354196,0.142357,0.046944,0.085109,NORMAL
2025-03-21,210.6419,0.0,1.316558,0.124079,0.049055,0.079065,NORMAL
2025-03-24,219.8384,0.042733,0.621597,0.707896,0.094842,0.340064,NORMAL
2025-03-24,219.8384,0.0,0.623594,0.394092,0.093536,0.213758,NORMAL
2025-03-24,219.8384,0.0,0.625603,0.353522,0.09375,0.197659,NORMAL
2025-03-24,220.041,0.000921,0.627626,0.354929,0.094017,0.198382,NORMAL
2025-03-24,220.041,0.0,0.629661,0.321005,0.089972,0.182385,NORMAL
2025-03-24,220.041,0.0,0.63171,0.309333,0.083639,0.173916,NORMAL
2025-03-24,220.041,0.0,0.633772,0.326841,0.077282,0.177106,NORMAL
2025-03-24,220.041,0.0,0.635848,0.343692,0.071947,0.180645,NORMAL
2025-03-24,220.041,0.0,0.637937,0.3594,0.067939,0.184523,NORMAL
2025-03-24,220.041,0.0,0.64004,0.362944,0.065559,0.184513,NORMAL
2025-03-25,219.812,-0.001041,0.5208,0.493616,0.070865,0.239965,NORMAL
2025-03-25,219.6096,-0.000921,0.545351,0.462161,0.075131,0.229943,NORMAL
2025-03-25,219.6097,0.0,0.572332,0.404216,0.080545,0.210013,NORMAL
2025-03-25,219.6096,-0.0,0.602121,0.373849,0.08714,0.201824,NORMAL
2025-03-25,219.812,0.000921,0.635182,0.365011,0.09593,0.203562,NORMAL
2025-03-25,219.812,0.0,0.672083,0.281731,0.103285,0.174663,NORMAL
2025-03-25,219.812,0.0,0.713537,0.241001,0.106441,0.160265,NORMAL
2025-03-25,219.812,0.0,0.760441,0.196247,0.102028,0.139716,NORMAL
2025-03-25,219.812,0.0,0.813946,0.124705,0.089911,0.103829,NORMAL
2025-03-25,219.812,0.0,0.875549,0.080891,0.099918,0.092307,NORMAL
2025-03-26,222.3352,0.011414,0.885907,0.347526,0.092483,0.1945,NORMAL
2025-03-26,222.3352,0.0,0.897246,0.118751,0.08707,0.099742,NORMAL
2025-03-26,222.3352,0.0,0.908879,0.091684,0.081753,0.085725,NORMAL
2025-03-26,222.5401,0.000921,0.920818,0.100505,0.076572,0.086145,NORMAL
2025-03-26,222.5401,0.0,0.933075,0.065721,0.074764,0.071147,NORMAL
2025-03-26,222.5401,0.0,0.945662,0.063281,0.078668,0.072513,NORMAL
2025-03-26,222.5401,0.0,0.958594,0.069763,0.084423,0.078559,NORMAL
2025-03-26,222.5401,0.0,0.971884,0.068989,0.083647,0.077783,NORMAL
2025-03-26,222.5401,0.0,0.985548,0.067254,0.069122,0.068375,NORMAL
2025-03-26,222.5401,0.0,0.999601,0.064389,0.035137,0.046838,NORMAL
2025-03-27,220.4293,-0.00953,1.071797,0.246916,0.033413,0.118814,NORMAL
2025-03-27,220.2264,-0.000921,1.067784,0.096549,0.032477,0.058106,NORMAL
2025-03-27,220.2264,0.0,1.063802,0.066993,0.03156,0.045733,NORMAL
2025-03-27,220.2264,0.0,1.059849,0.064785,0.032135,0.045195,NORMAL
2025-03-27,220.4293,0.000921,1.055925,0.087669,0.034497,0.055766,NORMAL
2025-03-27,220.4293,0.0,1.05203,0.057957,0.037207,0.045507,NORMAL
2025-03-27,220.4293,0.0,1.048164,0.054514,0.039397,0.045444,NORMAL
2025-03-27,220.4293,0.0,1.044326,0.056768,0.040485,0.046998,NORMAL
2025-03-27,220.4293,0.0,1.040516,0.059722,0.040238,0.048032,NORMAL
2025-03-27,220.4293,0.0,1.036734,0.056977,0.040449,0.047061,NORMAL
2025-03-28,220.7081,0.001264,1.104597,0.102057,0.040478,0.06511,NORMAL
2025-03-28,220.5049,-0.000921,1.096457,0.089946,0.040419,0.06023,NORMAL
2025-03-28,220.5049,0.0,1.088436,0.061672,0.041683,0.049678,NORMAL
2025-03-28,220.5049,0.0,1.080531,0.062504,0.045347,0.05221,NORMAL
2025-03-28,220.7081,0.000921,1.072741,0.090035,0.045862,0.063531,NORMAL
2025-03-28,220.7081,0.0,1.065061,0.056141,0.03958,0.046204,NORMAL
2025-03-28,220.7081,0.0,1.057492,0.058432,0.02614,0.039057,NORMAL
2025-03-28,220.7081,0.0,1.050028,0.060853,0.012336,0.031743,NORMAL
2025-03-28,220.7081,0.0,1.04267,0.067507,0.005722,0.030436,NORMAL
2025-03-28,220.7081,0.0,1.035414,0.085131,0.002862,0.03577,NORMAL
2025-03-31,215.8694,-0.022167,1.637932,0.66388,0.04874,0.294796,NORMAL
2025-03-31,215.8694,0.0,1.581972,0.452432,0.057492,0.215468,NORMAL
2025-03-31,215.8694,0.0,1.52971,0.40095,0.057372,0.194803,NORMAL
2025-03-31,216.0683,0.000921,1.48079,0.325033,0.069983,0.172003,NORMAL
2025-03-31,216.0683,0.0,1.434903,0.271661,0.081838,0.157767,NORMAL
2025-03-31,216.0683,0.0,1.391774,0.244297,0.077446,0.144186,NORMAL
2025-03-31,216.0683,0.0,1.351161,0.218779,0.060106,0.123575,NORMAL
2025-03-31,216.0683,0.0,1.312852,0.20277,0.048593,0.110264,NORMAL
2025-03-31,216.0683,0.0,1.276655,0.184232,0.047227,0.102029,NORMAL
2025-03-31,216.0683,0.0,1.242401,0.180709,0.045861,0.0998,NORMAL
2025-04-01,218.6547,0.011899,0.695049,0.433045,0.066445,0.213085,NORMAL
2025-04-01,218.6547,0.0,0.697316,0.194936,0.073502,0.122076,NORMAL
2025-04-01,218.6547,0.0,0.699598,0.186001,0.072599,0.11796,NORMAL
2025-04-01,218.8561,0.000921,0.701894,0.202727,0.06771,0.121717,NORMAL
2025-04-01,218.8561,0.0,0.704206,0.16723,0.062746,0.10454,NORMAL
2025-04-01,218.8561,0.0,0.706533,0.158858,0.059327,0.099139,NORMAL
2025-04-01,218.8561,0.0,0.708875,0.156553,0.057614,0.097189,NORMAL
2025-04-01,218.8561,0.0,0.711233,0.143022,0.056932,0.091368,NORMAL
2025-04-01,218.8561,0.0,0.713607,0.133624,0.056409,0.087295,NORMAL
2025-04-01,218.8561,0.0,0.715996,0.131793,0.05536,0.085933,NORMAL
2025-04-02,220.1568,0.005926,0.727041,0.222905,0.053729,0.1214,NORMAL
2025-04-02,220.1567,-0.0,0.749341,0.100409,0.0498,0.070043,NORMAL
2025-04-02,220.1567,0.0,0.773051,0.078426,0.045296,0.058548,NORMAL
2025-04-02,220.3596,0.000921,0.798311,0.097553,0.042183,0.064331,NORMAL
2025-04-02,220.3596,0.0,0.825278,0.074832,0.043114,0.055801,NORMAL
2025-04-02,220.3596,0.0,0.85413,0.057658,0.047986,0.051855,NORMAL
2025-04-02,220.3596,0.0,0.885073,0.048788,0.055491,0.05281,NORMAL
2025-04-02,220.3596,0.0,0.918341,0.047936,0.060407,0.055418,NORMAL
2025-04-02,220.3596,0.0,0.954209,0.045651,0.052768,0.049921,NORMAL
2025-04-02,220.3596,0.0,0.992992,0.048871,0.032741,0.039193,NORMAL
2025-04-03,204.4597,-0.07489,2.617565,0.973585,0.344428,0.596091,MEDIUM
2025-04-03,204.4597,0.0,2.412953,0.797927,0.249652,0.468962,LOW
2025-04-03,204.6481,0.000921,2.23801,0.793031,0.189306,0.430796,LOW
2025-04-03,204.6481,0.0,2.08672,0.703901,0.198097,0.400419,LOW
2025-04-03,204.4597,-0.000921,1.954589,0.724347,0.237143,0.432025,LOW
2025-04-03,204.6481,0.000921,1.838194,0.703907,0.287598,0.454122,LOW
2025-04-03,204.648,-0.0,1.734883,0.707483,0.293325,0.458988,LOW
2025-04-03,204.648,0.0,1.642567,0.698333,0.263215,0.437262,LOW
2025-04-03,204.648,0.0,1.559579,0.692613,0.225208,0.41217,LOW
2025-04-03,204.648,0.0,1.484573,0.692094,0.189582,0.390587,NORMAL
2025-04-04,192.8709,-0.05927,1.697766,0.956206,0.26526,0.541638,LOW
2025-04-04,192.8709,0.0,1.600638,0.688583,0.28582,0.446925,LOW
2025-04-04,193.0486,0.000921,1.514022,0.740201,0.272312,0.459468,LOW
2025-04-04,193.0486,0.0,1.436299,0.715744,0.259994,0.442294,LOW
2025-04-04,192.8709,-0.000921,1.366166,0.730537,0.259875,0.44814,LOW
2025-04-04,193.0486,0.000921,1.302563,0.734402,0.259438,0.449424,LOW
2025-04-04,193.0486,0.0,1.244619,0.65139,0.250118,0.410627,LOW
2025-04-04,193.0486,0.0,1.191611,0.632575,0.235776,0.394496,NORMAL
2025-04-04,193.0486,0.0,1.142933,0.578353,0.233955,0.371714,NORMAL
2025-04-04,193.0486,0.0,1.098077,0.439794,0.274608,0.340683,NORMAL
2025-04-07,176.2686,-0.090933,1.365469,0.979755,0.536797,0.71398,MEDIUM
2025-04-07,176.431,0.000921,1.333112,0.76981,0.611243,0.67467,MEDIUM
2025-04-07,176.431,0.0,1.302253,0.639577,0.664185,0.654342,MEDIUM
2025-04-07,176.431,0.0,1.27279,0.646084,0.653388,0.650466,MEDIUM
2025-04-07,176.431,0.0,1.244631,0.671742,0.609463,0.634375,MEDIUM
2025-04-07,176.431,0.0,1.217691,0.677736,0.588474,0.624179,MEDIUM
2025-04-07,176.431,0.0,1.191893,0.692976,0.60837,0.642212,MEDIUM
2025-04-07,176.431,0.0,1.167165,0.687581,0.650357,0.665247,MEDIUM
2025-04-07,176.2686,-0.000921,1.143442,0.734817,0.684341,0.704531,MEDIUM
2025-04-07,176.2686,0.0,1.120664,0.652533,0.787008,0.733218,MEDIUM
2025-04-08,185.7187,0.052224,0.84555,0.828577,0.660849,0.72794,MEDIUM
2025-04-08,185.8898,0.000921,0.847046,0.621317,0.559879,0.584454,MEDIUM
2025-04-08,185.7187,-0.000921,0.848548,0.639499,0.555222,0.588933,MEDIUM
2025-04-08,185.7187,0.0,0.850056,0.577439,0.59454,0.5877,MEDIUM
2025-04-08,185.8898,0.000921,0.851569,0.567277,0.62695,0.603081,MEDIUM
2025-04-08,185.8898,0.0,0.853087,0.520654,0.635399,0.589501,MEDIUM
2025-04-08,185.8898,0.0,0.85461,0.497746,0.607508,0.563603,MEDIUM
2025-04-08,185.8898,0.0,0.856139,0.458083,0.52143,0.496091,LOW
2025-04-08,185.8898,0.0,0.857674,0.407245,0.414289,0.411471,LOW
2025-04-08,185.8898,0.0,0.859214,0.349137,0.453341,0.41166,LOW
2025-04-09,171.0462,-0.08322,1.29985,0.792878,0.526497,0.633049,MEDIUM
2025-04-09,171.0462,0.0,1.288978,0.500344,0.542249,0.525487,LOW
2025-04-09,171.0462,0.0,1.278287,0.494446,0.547598,0.526337,LOW
2025-04-09,171.2038,0.000921,1.267772,0.553846,0.49567,0.51894,LOW
2025-04-09,171.2038,0.0,1.257428,0.543942,0.474098,0.502035,LOW
2025-04-09,171.2038,0.0,1.247252,0.563339,0.446437,0.493198,LOW
2025-04-09,171.2038,0.0,1.237239,0.578167,0.41515,0.480357,LOW
2025-04-09,171.2038,0.0,1.227385,0.584592,0.395137,0.470919,LOW
2025-04-09,171.2038,0.0,1.217687,0.602859,0.399219,0.480675,LOW
2025-04-09,171.2038,0.0,1.208142,0.613728,0.380844,0.473998,LOW
2025-04-10,188.2495,0.094914,0.798278,0.780874,0.318536,0.503471,LOW
2025-04-10,188.0762,-0.000921,0.798011,0.584368,0.256328,0.387544,NORMAL
2025-04-10,188.0762,0.0,0.797744,0.553625,0.300365,0.401669,LOW
2025-04-10,188.0762,0.0,0.797478,0.55823,0.401897,0.464431,LOW
2025-04-10,188.2495,0.000921,0.797212,0.579821,0.493913,0.528276,LOW
2025-04-10,188.2495,0.0,0.796946,0.569482,0.46071,0.504219,LOW
2025-04-10,188.2495,0.0,0.79668,0.575621,0.383811,0.460535,LOW
2025-04-10,188.2495,0.0,0.796414,0.583358,0.36324,0.451287,LOW
2025-04-10,188.2495,0.0,0.796149,0.585031,0.359352,0.449623,LOW
2025-04-10,188.2495,0.0,0.795884,0.59228,0.345345,0.444119,LOW
2025-04-11,185.2924,-0.015833,0.589628,0.847432,0.341407,0.543817,LOW
2025-04-11,185.1219,-0.000921,0.609556,0.720329,0.350894,0.498668,LOW
2025-04-11,185.1219,0.0,0.630878,0.669452,0.364891,0.486715,LOW
2025-04-11,185.1219,0.0,0.653746,0.660367,0.363532,0.482266,LOW
2025-04-11,185.2924,0.000921,0.678334,0.659857,0.342506,0.469446,LOW
2025-04-11,185.2924,0.0,0.704844,0.558536,0.323292,0.41739,LOW
2025-04-11,185.2924,0.0,0.733511,0.493294,0.33225,0.396668,NORMAL
2025-04-11,185.2924,0.0,0.764608,0.432545,0.34024,0.377162,NORMAL
2025-04-11,185.2924,0.0,0.798458,0.285478,0.345327,0.321387,NORMAL
2025-04-11,185.2924,0.0,0.835444,0.105961,0.313774,0.230649,NORMAL
2025-04-14,210.3287,0.126736,0.978012,0.813133,0.46153,0.602171,MEDIUM
2025-04-14,210.3287,0.0,0.987795,0.553482,0.527973,0.538177,LOW
2025-04-14,210.3287,0.0,0.997775,0.560161,0.605216,0.587194,MEDIUM
2025-04-14,210.5224,0.000921,1.00796,0.466791,0.708633,0.611896,MEDIUM
2025-04-14,210.5225,0.0,1.018354,0.481859,0.795506,0.670047,MEDIUM
2025-04-14,210.5224,-0.0,1.028965,0.530795,0.792475,0.687803,MEDIUM
2025-04-14,210.5225,0.0,1.0398,0.565406,0.719161,0.657659,MEDIUM
2025-04-14,210.5225,0.0,1.050865,0.594277,0.654457,0.630385,MEDIUM
2025-04-14,210.5224,-0.0,1.062168,0.621414,0.471839,0.531669,LOW
2025-04-14,210.5225,0.0,1.073717,0.634905,0.276622,0.419935,LOW
2025-04-15,200.984,-0.046367,0.554531,1.0,0.254706,0.552824,MEDIUM
2025-04-15,200.799,-0.000921,0.565554,0.8675,0.234483,0.48769,LOW
2025-04-15,200.799,0.0,0.577024,0.827212,0.245759,0.47834,LOW
2025-04-15,200.799,0.0,0.588968,0.808736,0.292459,0.49897,LOW
2025-04-15,200.984,0.000921,0.601418,0.82079,0.339604,0.532078,LOW
2025-04-15,200.984,0.0,0.614405,0.761155,0.362118,0.521733,LOW
2025-04-15,200.984,0.0,0.627966,0.702799,0.34679,0.489194,LOW
2025-04-15,200.984,0.0,0.642139,0.646641,0.309418,0.444307,LOW
2025-04-15,200.984,0.0,0.656966,0.535752,0.276914,0.380449,NORMAL
2025-04-15,200.984,0.0,0.672495,0.414147,0.252629,0.317236,NORMAL
2025-04-16,197.3174,-0.018412,0.804289,0.607779,0.260229,0.399249,NORMAL
2025-04-16,197.3174,0.0,0.827475,0.37419,0.265312,0.308863,NORMAL
2025-04-16,197.3174,0.0,0.852038,0.371177,0.276645,0.314458,NORMAL
2025-04-16,197.4992,0.000921,0.878104,0.412421,0.335507,0.366272,NORMAL
2025-04-16,197.4992,0.0,0.905815,0.370399,0.442995,0.413956,LOW
2025-04-16,197.4992,0.0,0.935332,0.356758,0.524057,0.457138,LOW
2025-04-16,197.4992,0.0,0.966837,0.303503,0.51942,0.433053,LOW
2025-04-16,197.4992,0.0,1.000539,0.258357,0.472343,0.386748,NORMAL
2025-04-16,197.4992,0.0,1.036676,0.171833,0.433249,0.328682,NORMAL
2025-04-16,197.4992,0.0,1.07552,0.07053,0.459196,0.30373,NORMAL
2025-04-17,196.1635,-0.006786,0.938565,0.226062,0.271285,0.253196,NORMAL
2025-04-17,196.1635,0.0,0.937873,0.080172,0.178592,0.139224,NORMAL
2025-04-17,196.3442,0.000921,0.937181,0.088104,0.137902,0.117983,NORMAL
2025-04-17,196.3442,0.0,0.936491,0.069316,0.131237,0.106469,NORMAL
2025-04-17,196.1635,-0.000921,0.935801,0.10645,0.135125,0.123655,NORMAL
2025-04-17,196.3443,0.000921,0.935113,0.093068,0.140357,0.121441,NORMAL
2025-04-17,196.3442,-1e-06,0.934425,0.056207,0.145407,0.109727,NORMAL
2025-04-17,196.3442,0.0,0.933739,0.046389,0.145923,0.106109,NORMAL
2025-04-17,196.3442,0.0,0.933054,0.030069,0.152972,0.103811,NORMAL
2025-04-17,196.3442,0.0,0.932369,0.029596,0.09493,0.068797,NORMAL
2025-04-21,192.2542,-0.021051,0.845268,0.485579,0.094653,0.251023,NORMAL
2025-04-21,192.2542,0.0,0.855313,0.237309,0.103844,0.15723,NORMAL
2025-04-21,192.4313,0.000921,0.865601,0.195932,0.114243,0.146919,NORMAL
2025-04-21,192.4313,0.0,0.876139,0.128684,0.118788,0.122746,NORMAL
2025-04-21,192.2542,-0.000921,0.886936,0.164359,0.11139,0.132578,NORMAL
2025-04-21,192.4313,0.000921,0.898003,0.125642,0.091381,0.105086,NORMAL
2025-04-21,192.4313,0.0,0.90935,0.094798,0.072576,0.081465,NORMAL
2025-04-21,192.4313,0.0,0.920987,0.091391,0.058879,0.071884,NORMAL
2025-04-21,192.4313,0.0,0.932926,0.087354,0.054976,0.067927,NORMAL
2025-04-21,192.4313,0.0,0.945179,0.080996,0.045128,0.059475,NORMAL
2025-04-22,195.0892,0.013718,1.070356,0.315708,0.053114,0.158151,NORMAL
2025-04-22,195.0892,0.0,1.069479,0.073194,0.054402,0.061919,NORMAL
2025-04-22,195.0892,0.0,1.068604,0.069446,0.047158,0.056074,NORMAL
2025-04-22,195.2689,0.000921,1.067729,0.077997,0.042563,0.056736,NORMAL
2025-04-22,195.2689,0.0,1.066857,0.051176,0.043643,0.046656,NORMAL
2025-04-22,195.2689,0.0,1.065986,0.051527,0.046423,0.048465,NORMAL
2025-04-22,195.2689,0.0,1.065116,0.039068,0.045513,0.042935,NORMAL
2025-04-22,195.2689,0.0,1.064247,0.034673,0.03997,0.037851,NORMAL
2025-04-22,195.2689,0.0,1.06338,0.034427,0.036886,0.035902,NORMAL
2025-04-22,195.2689,0.0,1.062515,0.034837,0.04167,0.038937,NORMAL
2025-04-23,204.9173,0.048229,1.055023,0.712725,0.090309,0.339276,NORMAL
2025-04-23,204.9173,0.0,1.048557,0.430812,0.120958,0.2449,NORMAL
2025-04-23,204.9173,0.0,1.042171,0.357432,0.138533,0.226092,NORMAL
2025-04-23,205.106,0.00092,1.035862,0.343694,0.148013,0.226285,NORMAL
2025-04-23,205.106,0.0,1.029628,0.324282,0.149829,0.21961,NORMAL
2025-04-23,205.1061,0.0,1.02347,0.334533,0.146016,0.221423,NORMAL
2025-04-23,205.106,-0.0,1.017384,0.334509,0.138043,0.216629,NORMAL
2025-04-23,205.1061,0.0,1.011371,0.342932,0.130629,0.21555,NORMAL
2025-04-23,205.1061,0.0,1.005428,0.345297,0.125927,0.213675,NORMAL
2025-04-23,205.1061,0.0,0.999554,0.324135,0.121188,0.202367,NORMAL
2025-04-24,203.8131,-0.006324,0.898261,0.433469,0.117472,0.243871,NORMAL
2025-04-24,203.8131,0.0,0.903118,0.321997,0.116255,0.198552,NORMAL
2025-04-24,203.8131,0.0,0.908029,0.307779,0.117137,0.193393,NORMAL
2025-04-24,204.0009,0.000921,0.912992,0.319395,0.118304,0.198741,NORMAL
2025-04-24,204.0009,0.0,0.91801,0.254513,0.118506,0.172909,NORMAL
2025-04-24,204.0009,0.0,0.923084,0.211563,0.118801,0.155906,NORMAL
2025-04-24,204.0009,0.0,0.928214,0.183127,0.11791,0.143997,NORMAL
2025-04-24,204.0009,0.0,0.933402,0.154439,0.115584,0.131126,NORMAL
2025-04-24,204.0009,0.0,0.938648,0.10608,0.111669,0.109433,NORMAL
2025-04-24,204.0009,0.0,0.943953,0.042936,0.110442,0.083439,NORMAL
2025-04-25,205.2853,0.006276,0.77397,0.206039,0.105131,0.145494,NORMAL
2025-04-25,205.2853,0.0,0.785668,0.066421,0.096152,0.08426,NORMAL
2025-04-25,205.4745,0.000921,0.797726,0.082294,0.085374,0.084142,NORMAL
2025-04-25,205.4744,-0.0,0.81016,0.054802,0.073821,0.066213,NORMAL
2025-04-25,205.2853,-0.000921,0.822987,0.088455,0.064336,0.073984,NORMAL
2025-04-25,205.4745,0.000921,0.836227,0.071221,0.057942,0.063254,NORMAL
2025-04-25,205.4745,0.0,0.8499,0.044444,0.053616,0.049947,NORMAL
2025-04-25,205.4744,-0.0,0.864028,0.037043,0.049391,0.044452,NORMAL
2025-04-25,205.4745,0.0,0.878633,0.03174,0.046299,0.040475,NORMAL
2025-04-25,205.4744,-0.0,0.893741,0.029209,0.039494,0.03538,NORMAL
2025-04-28,208.8962,0.016516,0.915085,0.413847,0.030976,0.184125,NORMAL
2025-04-28,208.8962,0.0,0.924439,0.122331,0.028578,0.06608,NORMAL
2025-04-28,209.0887,0.000921,0.933986,0.113521,0.029142,0.062894,NORMAL
2025-04-28,209.0887,0.0,0.943732,0.065855,0.029697,0.04416,NORMAL
2025-04-28,208.8962,-0.000921,0.953684,0.084172,0.029381,0.051298,NORMAL
2025-04-28,209.0887,0.000921,0.963848,0.068719,0.028259,0.044443,NORMAL
2025-04-28,209.0887,0.0,0.974231,0.042991,0.026928,0.033353,NORMAL
2025-04-28,209.0887,0.0,0.98484,0.038202,0.026648,0.03127,NORMAL
2025-04-28,209.0887,0.0,0.995683,0.041195,0.029726,0.034314,NORMAL
2025-04-28,209.0887,0.0,1.006767,0.039577,0.031479,0.034718,NORMAL
2025-04-29,207.5931,-0.007179,0.958728,0.231432,0.039601,0.116334,NORMAL
2025-04-29,207.5931,0.0,0.960472,0.080725,0.0448,0.05917,NORMAL
2025-04-29,207.5931,0.0,0.962222,0.077624,0.044886,0.057981,NORMAL
2025-04-29,207.7844,0.000921,0.963978,0.106202,0.04275,0.068131,NORMAL
2025-04-29,207.7844,0.0,0.965741,0.072926,0.041652,0.054162,NORMAL
2025-04-29,207.7844,0.0,0.96751,0.066739,0.039753,0.050547,NORMAL
2025-04-29,207.7844,0.0,0.969286,0.061492,0.033894,0.044933,NORMAL
2025-04-29,207.7844,0.0,0.971069,0.053903,0.025099,0.036621,NORMAL
2025-04-29,207.7844,0.0,0.972857,0.052461,0.020507,0.033289,NORMAL
2025-04-29,207.7844,0.0,0.974653,0.048371,0.020933,0.031908,NORMAL
2025-04-30,208.3917,0.002918,1.359414,0.163165,0.031787,0.084338,NORMAL
2025-04-30,208.1999,-0.000921,1.335895,0.130331,0.032313,0.07152,NORMAL
2025-04-30,208.1999,0.0,1.313175,0.089965,0.028393,0.053022,NORMAL
2025-04-30,208.1999,0.0,1.291215,0.085071,0.024928,0.048985,NORMAL
2025-04-30,208.3917,0.000921,1.269978,0.097883,0.02448,0.053841,NORMAL
2025-04-30,208.3917,0.0,1.249427,0.072929,0.025383,0.044401,NORMAL
2025-04-30,208.3917,0.0,1.229532,0.076404,0.026858,0.046676,NORMAL
2025-04-30,208.3917,0.0,1.21026,0.063984,0.027561,0.04213,NORMAL
2025-04-30,208.3917,0.0,1.191583,0.059822,0.026435,0.03979,NORMAL
2025-04-30,208.3917,0.0,1.173473,0.060036,0.023551,0.038145,NORMAL
2025-05-01,207.9811,-0.001972,1.258463,0.133983,0.021633,0.066573,NORMAL
2025-05-01,207.9811,0.0,1.230737,0.088985,0.01963,0.047372,NORMAL
2025-05-01,207.9811,0.0,1.204206,0.076651,0.017985,0.041452,NORMAL
2025-05-01,208.1727,0.000921,1.178796,0.099243,0.017946,0.050465,NORMAL
2025-05-01,208.1727,0.0,1.154435,0.077941,0.019248,0.042725,NORMAL
2025-05-01,208.1727,0.0,1.131061,0.070408,0.02146,0.041039,NORMAL
2025-05-01,208.1727,0.0,1.108615,0.065705,0.023822,0.040575,NORMAL
2025-05-01,208.1727,0.0,1.087042,0.070493,0.025178,0.043304,NORMAL
2025-05-01,208.1727,0.0,1.066293,0.064511,0.024177,0.04031,NORMAL
2025-05-01,208.1727,0.0,1.046321,0.070375,0.020037,0.040172,NORMAL
2025-05-02,205.0068,-0.015325,1.763998,0.663181,0.062859,0.302988,NORMAL
2025-05-02,205.0068,0.0,1.692012,0.438367,0.058307,0.210331,NORMAL
2025-05-02,205.1957,0.000921,1.625671,0.347473,0.055442,0.172255,NORMAL
2025-05-02,205.1957,0.0,1.564336,0.271321,0.059989,0.144522,NORMAL
2025-05-02,205.0068,-0.000921,1.507461,0.275359,0.059211,0.14567,NORMAL
2025-05-02,205.1957,0.000921,1.454576,0.216932,0.050725,0.117208,NORMAL
2025-05-02,205.1957,0.0,1.405276,0.169955,0.044419,0.094633,NORMAL
2025-05-02,205.1957,0.0,1.359209,0.151732,0.043903,0.087034,NORMAL
2025-05-02,205.1957,0.0,1.316066,0.133578,0.046107,0.081095,NORMAL
2025-05-02,205.1957,0.0,1.275577,0.111,0.051344,0.075206,NORMAL
2025-05-05,202.0325,-0.015536,0.86521,0.446347,0.065543,0.217865,NORMAL
2025-05-05,202.0325,0.0,0.858937,0.19371,0.076984,0.123675,NORMAL
2025-05-05,202.2187,0.000921,0.852753,0.160645,0.082204,0.11358,NORMAL
2025-05-05,202.2186,-0.0,0.846658,0.13047,0.081295,0.100965,NORMAL
2025-05-05,202.0325,-0.000921,0.84065,0.173014,0.07664,0.11519,NORMAL
2025-05-05,202.2187,0.000921,0.834726,0.142089,0.069976,0.098821,NORMAL
2025-05-05,202.2187,0.0,0.828885,0.114402,0.064839,0.084664,NORMAL
2025-05-05,202.2186,-0.0,0.823126,0.108719,0.06281,0.081174,NORMAL
2025-05-05,202.2187,0.0,0.817446,0.102491,0.064069,0.079438,NORMAL
2025-05-05,202.2186,-0.0,0.811843,0.084059,0.067838,0.074326,NORMAL
2025-05-06,197.1682,-0.025292,0.620619,0.650811,0.084062,0.310762,NORMAL
2025-05-06,197.3499,0.000921,0.639925,0.386925,0.091305,0.209553,NORMAL
2025-05-06,197.3499,0.0,0.660471,0.305188,0.09217,0.177377,NORMAL
2025-05-06,197.3499,0.0,0.68238,0.266499,0.090737,0.161041,NORMAL
2025-05-06,197.3499,0.0,0.705792,0.257896,0.089039,0.156582,NORMAL
2025-05-06,197.3499,0.0,0.730867,0.234188,0.088411,0.146722,NORMAL
2025-05-06,197.3499,0.0,0.757791,0.211461,0.088695,0.137801,NORMAL
2025-05-06,197.3499,0.0,0.786773,0.20773,0.086603,0.135054,NORMAL
2025-05-06,197.1682,-0.000921,0.818061,0.214542,0.076097,0.131475,NORMAL
2025-05-06,197.1682,0.0,0.85194,0.152801,0.071771,0.104183,NORMAL
2025-05-07,198.1232,0.004832,1.140503,0.230234,0.074992,0.137089,NORMAL
2025-05-07,198.3057,0.000921,1.14096,0.185323,0.075352,0.11934,NORMAL
2025-05-07,198.1232,-0.000921,1.141418,0.146534,0.072978,0.1024,NORMAL
2025-05-07,198.1232,0.0,1.141876,0.116669,0.069724,0.088502,NORMAL
2025-05-07,198.3057,0.000921,1.142334,0.152355,0.066117,0.100613,NORMAL
2025-05-07,198.3057,0.0,1.142793,0.111354,0.063429,0.082599,NORMAL
2025-05-07,198.3057,0.0,1.143253,0.086092,0.061232,0.071176,NORMAL
2025-05-07,198.3057,0.0,1.143712,0.071887,0.058143,0.063641,NORMAL
2025-05-07,198.3057,0.0,1.144172,0.058479,0.053495,0.055488,NORMAL
2025-05-07,198.3057,0.0,1.144632,0.05931,0.053061,0.05556,NORMAL
2025-05-08,196.6808,-0.008228,0.843568,0.223151,0.061698,0.126279,NORMAL
2025-05-08,196.6808,0.0,0.844089,0.06826,0.062727,0.06494,NORMAL
2025-05-08,196.6808,0.0,0.84461,0.063926,0.060652,0.061961,NORMAL
2025-05-08,196.862,0.000921,0.845131,0.061414,0.054583,0.057315,NORMAL
2025-05-08,196.862,0.0,0.845653,0.038385,0.045458,0.042629,NORMAL
2025-05-08,196.862,0.0,0.846176,0.037594,0.038781,0.038306,NORMAL
2025-05-08,196.862,0.0,0.846699,0.037311,0.035077,0.035971,NORMAL
2025-05-08,196.862,0.0,0.847224,0.034771,0.033038,0.033731,NORMAL
2025-05-08,196.862,0.0,0.847748,0.033886,0.029846,0.031462,NORMAL
2025-05-08,196.862,0.0,0.848274,0.034987,0.027463,0.030472,NORMAL
2025-05-09,197.9541,0.005532,0.629561,0.266772,0.029537,0.124431,NORMAL
2025-05-09,197.9541,0.0,0.647499,0.147777,0.03322,0.079042,NORMAL
2025-05-09,198.1364,0.00092,0.66649,0.156276,0.036392,0.084345,NORMAL
2025-05-09,198.1364,0.0,0.686627,0.102388,0.03869,0.064169,NORMAL
2025-05-09,197.9541,-0.00092,0.70802,0.117844,0.040551,0.071469,NORMAL
2025-05-09,198.1364,0.00092,0.730789,0.106651,0.041476,0.067546,NORMAL
2025-05-09,198.1364,0.0,0.75507,0.073362,0.041921,0.054498,NORMAL
2025-05-09,198.1364,0.0,0.781021,0.076628,0.041552,0.055582,NORMAL
2025-05-09,198.1364,0.0,0.808819,0.056482,0.038258,0.045547,NORMAL
2025-05-09,198.1364,0.0,0.838668,0.044354,0.031746,0.036789,NORMAL
2025-05-12,210.1363,0.058801,1.445139,0.809432,0.139661,0.407569,LOW
2025-05-12,210.1363,0.0,1.423691,0.54241,0.176152,0.322655,NORMAL
2025-05-12,210.33,0.000921,1.40287,0.541493,0.150536,0.306919,NORMAL
2025-05-12,210.3299,-0.0,1.38265,0.452009,0.126882,0.256933,NORMAL
2025-05-12,210.1363,-0.000921,1.363004,0.441146,0.121781,0.249527,NORMAL
2025-05-12,210.3299,0.000921,1.343908,0.454017,0.118811,0.252893,NORMAL
2025-05-12,210.33,0.0,1.32534,0.458771,0.116507,0.253413,NORMAL
2025-05-12,210.33,0.0,1.307279,0.482087,0.11659,0.262789,NORMAL
2025-05-12,210.3299,-0.0,1.289703,0.48432,0.114234,0.262268,NORMAL
2025-05-12,210.33,0.0,1.272593,0.468673,0.10844,0.252533,NORMAL
2025-05-13,209.5985,-0.003484,1.020077,0.486838,0.108611,0.259902,NORMAL
2025-05-13,209.5985,0.0,1.004818,0.410475,0.106448,0.228059,NORMAL
2025-05-13,209.5985,0.0,0.990009,0.393734,0.10555,0.220824,NORMAL
2025-05-13,209.7916,0.000921,0.97563,0.410503,0.107048,0.22843,NORMAL
2025-05-13,209.7916,0.0,0.961663,0.353763,0.107931,0.206264,NORMAL
2025-05-13,209.7916,0.0,0.94809,0.326914,0.107575,0.19531,NORMAL
2025-05-13,209.7916,0.0,0.934894,0.276358,0.106682,0.174552,NORMAL
2025-05-13,209.7916,0.0,0.922061,0.208859,0.107317,0.147934,NORMAL
2025-05-13,209.7916,0.0,0.909576,0.161218,0.111193,0.131203,NORMAL
2025-05-13,209.7916,0.0,0.897424,0.052169,0.129005,0.09827,NORMAL
2025-05-14,211.5906,0.008539,0.863546,0.244476,0.130134,0.175871,NORMAL
2025-05-14,211.5906,0.0,0.874609,0.068774,0.128537,0.104632,NORMAL
2025-05-14,211.5906,0.0,0.885959,0.047206,0.129485,0.096573,NORMAL
2025-05-14,211.7855,0.000921,0.897607,0.066558,0.134208,0.107148,NORMAL
2025-05-14,211.7855,0.0,0.909566,0.037869,0.140556,0.099481,NORMAL
2025-05-14,211.7855,0.0,0.921847,0.033165,0.143227,0.099202,NORMAL
2025-05-14,211.7855,0.0,0.934465,0.033043,0.139188,0.09673,NORMAL
2025-05-14,211.7855,0.0,0.947433,0.027806,0.124664,0.085921,NORMAL
2025-05-14,211.7855,0.0,0.960766,0.031124,0.096638,0.070432,NORMAL
2025-05-14,211.7855,0.0,0.97448,0.030519,0.066015,0.051816,NORMAL
2025-05-15,210.31,-0.006991,0.89569,0.184971,0.043603,0.10015,NORMAL
2025-05-15,210.31,0.0,0.90186,0.03417,0.035372,0.034891,NORMAL
2025-05-15,210.31,0.0,0.908117,0.033928,0.031425,0.032427,NORMAL
2025-05-15,210.31,0.0,0.914461,0.035821,0.030814,0.032817,NORMAL
2025-05-15,210.31,0.0,0.920894,0.035341,0.032481,0.033625,NORMAL
2025-05-15,210.31,0.0,0.927418,0.035587,0.035007,0.035239,NORMAL
2025-05-15,210.31,0.0,0.934036,0.038296,0.037249,0.037668,NORMAL
2025-05-15,210.1164,-0.000921,0.940748,0.069012,0.038381,0.050634,NORMAL
2025-05-15,210.1164,0.0,0.947558,0.037114,0.039783,0.038715,NORMAL
2025-05-15,210.1164,0.0,0.954467,0.038307,0.034756,0.036177,NORMAL
2025-05-16,211.5208,0.006662,1.153634,0.160337,0.042517,0.089645,NORMAL
2025-05-16,211.5209,0.0,1.147092,0.040236,0.047711,0.044721,NORMAL
2025-05-16,211.7157,0.000921,1.140623,0.053633,0.049455,0.051126,NORMAL
2025-05-16,211.7157,0.0,1.134228,0.037753,0.048816,0.04439,NORMAL
2025-05-16,211.5209,-0.000921,1.127903,0.07143,0.052504,0.060074,NORMAL
2025-05-16,211.7157,0.000921,1.121649,0.056451,0.055924,0.056135,NORMAL
2025-05-16,211.7157,0.0,1.115464,0.038556,0.045619,0.042794,NORMAL
2025-05-16,211.7157,0.0,1.109346,0.036464,0.024859,0.029501,NORMAL
2025-05-16,211.7157,0.0,1.103295,0.035477,0.013223,0.022125,NORMAL
2025-05-16,211.7157,0.0,1.09731,0.037008,0.012516,0.022313,NORMAL
2025-05-19,207.0884,-0.022099,0.923933,0.422448,0.036097,0.190637,NORMAL
2025-05-19,207.0884,0.0,0.922906,0.168276,0.041423,0.092164,NORMAL
2025-05-19,207.2792,0.000921,0.921882,0.143954,0.034294,0.078158,NORMAL
2025-05-19,207.2792,0.0,0.92086,0.109162,0.025524,0.058979,NORMAL
2025-05-19,207.0884,-0.000921,0.91984,0.14179,0.022662,0.070313,NORMAL
2025-05-19,207.2792,0.000921,0.918822,0.128854,0.025146,0.066629,NORMAL
2025-05-19,207.2792,0.0,0.917807,0.106587,0.028181,0.059543,NORMAL
2025-05-19,207.2792,0.0,0.916794,0.112024,0.028064,0.061648,NORMAL
2025-05-19,207.2792,0.0,0.915783,0.1149,0.02331,0.059946,NORMAL
2025-05-19,207.2792,0.0,0.914775,0.119301,0.016432,0.057579,NORMAL
2025-05-20,206.8494,-0.002076,0.852881,0.190751,0.014461,0.084977,NORMAL
2025-05-20,207.04,0.000921,0.863488,0.149156,0.012619,0.067234,NORMAL
2025-05-20,207.04,0.0,0.874362,0.120564,0.01157,0.055167,NORMAL
2025-05-20,207.04,0.0,0.885513,0.105269,0.011827,0.049204,NORMAL
2025-05-20,207.04,0.0,0.896952,0.101939,0.013442,0.048841,NORMAL
2025-05-20,207.04,0.0,0.908691,0.091579,0.015816,0.046121,NORMAL
2025-05-20,207.04,0.0,0.920742,0.069745,0.017898,0.038637,NORMAL
2025-05-20,207.04,0.0,0.933116,0.0546,0.017602,0.032401,NORMAL
2025-05-20,206.8494,-0.000921,0.945827,0.077677,0.014584,0.039821,NORMAL
2025-05-20,206.8494,0.0,0.95889,0.088241,0.010994,0.041893,NORMAL
2025-05-21,204.3593,-0.012111,1.316634,0.452497,0.025753,0.196451,NORMAL
2025-05-21,204.5476,0.000921,1.297774,0.222886,0.029949,0.107124,NORMAL
2025-05-21,204.3593,-0.000921,1.279446,0.20657,0.027798,0.099307,NORMAL
2025-05-21,204.3593,0.0,1.261629,0.137403,0.025334,0.070161,NORMAL
2025-05-21,204.5476,0.000921,1.244302,0.126965,0.027086,0.067037,NORMAL
2025-05-21,204.5475,-0.0,1.227443,0.090002,0.03106,0.054637,NORMAL
2025-05-21,204.5476,0.0,1.211036,0.08853,0.034011,0.055819,NORMAL
2025-05-21,204.5475,-0.0,1.195062,0.075179,0.033736,0.050313,NORMAL
2025-05-21,204.5475,0.0,1.179503,0.065677,0.027585,0.042822,NORMAL
2025-05-21,204.5475,0.0,1.164344,0.063324,0.017643,0.035915,NORMAL
2025-05-22,199.9169,-0.022898,0.915324,0.547962,0.033021,0.238997,NORMAL
2025-05-22,199.9169,0.0,0.911535,0.274295,0.040535,0.134039,NORMAL
2025-05-22,199.9169,0.0,0.907777,0.232199,0.045523,0.120193,NORMAL
2025-05-22,200.1011,0.000921,0.90405,0.193684,0.047415,0.105923,NORMAL
2025-05-22,200.1011,0.0,0.900353,0.159136,0.046332,0.091454,NORMAL
2025-05-22,200.1011,0.0,0.896686,0.154193,0.044978,0.088664,NORMAL
2025-05-22,200.1011,0.0,0.893049,0.14986,0.043283,0.085914,NORMAL
2025-05-22,200.1011,0.0,0.889442,0.141036,0.041256,0.081168,NORMAL
2025-05-22,200.1011,0.0,0.885863,0.131652,0.038962,0.076038,NORMAL
2025-05-22,200.1011,0.0,0.882313,0.11682,0.037537,0.06925,NORMAL
2025-05-23,193.0824,-0.035706,1.454126,0.797785,0.10651,0.38302,NORMAL
2025-05-23,192.9047,-0.000921,1.428671,0.574662,0.151726,0.3209,NORMAL
2025-05-23,192.9047,0.0,1.404091,0.459668,0.145872,0.27139,NORMAL
2025-05-23,192.9047,0.0,1.380343,0.433996,0.132863,0.253316,NORMAL
2025-05-23,193.0824,0.000921,1.357384,0.430601,0.128654,0.249433,NORMAL
2025-05-23,193.0824,0.0,1.335177,0.395352,0.122412,0.231588,NORMAL
2025-05-23,193.0824,0.0,1.313685,0.388116,0.110364,0.221465,NORMAL
2025-05-23,193.0824,0.0,1.292874,0.382217,0.099938,0.21285,NORMAL
2025-05-23,193.0824,0.0,1.272712,0.342579,0.096752,0.195082,NORMAL
2025-05-23,193.0824,0.0,1.253169,0.307061,0.097083,0.181074,NORMAL
2025-05-27,197.6984,0.023626,0.892548,0.468106,0.12805,0.264073,NORMAL
2025-05-27,197.5164,-0.000921,0.885844,0.230007,0.131483,0.170892,NORMAL
2025-05-27,197.5164,0.0,0.879239,0.187391,0.118551,0.146087,NORMAL
2025-05-27,197.5164,0.0,0.872732,0.178693,0.105509,0.134783,NORMAL
2025-05-27,197.6984,0.000921,0.866321,0.180204,0.097554,0.130614,NORMAL
2025-05-27,197.6984,0.0,0.860003,0.153668,0.094058,0.117902,NORMAL
2025-05-27,197.6984,0.0,0.853777,0.144188,0.09526,0.114832,NORMAL
2025-05-27,197.6984,0.0,0.847641,0.124478,0.099022,0.109205,NORMAL
2025-05-27,197.6984,0.0,0.841592,0.111611,0.102114,0.105913,NORMAL
2025-05-27,197.6984,0.0,0.835628,0.099668,0.106554,0.1038,NORMAL
2025-05-28,199.7974,0.010561,0.690039,0.336388,0.105307,0.197739,NORMAL
2025-05-28,199.7974,0.0,0.707865,0.134043,0.104823,0.116511,NORMAL
2025-05-28,199.7974,0.0,0.726636,0.120328,0.102501,0.109632,NORMAL
2025-05-28,199.9814,0.000921,0.74643,0.14558,0.097789,0.116906,NORMAL
2025-05-28,199.9814,0.0,0.767333,0.111955,0.089053,0.098213,NORMAL
2025-05-28,199.9814,0.0,0.78944,0.09366,0.079897,0.085402,NORMAL
2025-05-28,199.9814,0.0,0.812859,0.077768,0.075225,0.076242,NORMAL
2025-05-28,199.9814,0.0,0.837709,0.05944,0.074536,0.068498,NORMAL
2025-05-28,199.9814,0.0,0.864128,0.03244,0.072069,0.056217,NORMAL
2025-05-28,199.9814,0.0,0.892266,0.006039,0.048333,0.031415,NORMAL
2025-05-29,202.9624,0.014796,1.016359,0.385231,0.043236,0.180034,NORMAL
2025-05-29,202.7755,-0.000921,1.021299,0.100834,0.041106,0.064997,NORMAL
2025-05-29,202.7755,0.0,1.026287,0.053763,0.040791,0.04598,NORMAL
2025-05-29,202.7756,0.0,1.031324,0.039649,0.041549,0.040789,NORMAL
2025-05-29,202.9624,0.000921,1.03641,0.055837,0.043141,0.048219,NORMAL
2025-05-29,202.9624,0.0,1.041547,0.030316,0.045356,0.03934,NORMAL
2025-05-29,202.9624,0.0,1.046735,0.022805,0.046853,0.037233,NORMAL
2025-05-29,202.9624,0.0,1.051975,0.0279,0.047974,0.039945,NORMAL
2025-05-29,202.9624,0.0,1.057268,0.021425,0.038468,0.031651,NORMAL
2025-05-29,202.9624,0.0,1.062614,0.014516,0.025731,0.021245,NORMAL
2025-05-30,198.7651,-0.020897,1.426605,0.431263,0.04981,0.202391,NORMAL
2025-05-30,198.7651,0.0,1.390909,0.177128,0.053758,0.103106,NORMAL
2025-05-30,198.7651,0.0,1.356956,0.162662,0.047958,0.09384,NORMAL
2025-05-30,198.7651,0.0,1.324621,0.14827,0.045874,0.086832,NORMAL
2025-05-30,198.7651,0.0,1.293791,0.150307,0.048316,0.089112,NORMAL
2025-05-30,198.7651,0.0,1.264363,0.138768,0.05062,0.085879,NORMAL
2025-05-30,198.5822,-0.000921,1.236245,0.173478,0.051759,0.100447,NORMAL
2025-05-30,198.5822,0.0,1.209349,0.135869,0.051679,0.085355,NORMAL
2025-05-30,198.5822,0.0,1.1836,0.126168,0.050613,0.080835,NORMAL
2025-05-30,198.7651,0.000921,1.158923,0.148282,0.052251,0.090663,NORMAL
2025-06-02,199.4886,0.003633,0.587357,0.322542,0.063513,0.167125,NORMAL
2025-06-02,199.6724,0.000921,0.59524,0.241377,0.067106,0.136814,NORMAL
2025-06-02,199.4886,-0.000921,0.603337,0.219003,0.068529,0.128719,NORMAL
2025-06-02,199.4886,0.0,0.611657,0.196097,0.06917,0.119941,NORMAL
2025-06-02,199.6724,0.000921,0.62021,0.217431,0.068525,0.128088,NORMAL
2025-06-02,199.6724,0.0,0.629006,0.173745,0.066009,0.109103,NORMAL
2025-06-02,199.6724,0.0,0.638055,0.16344,0.061037,0.101998,NORMAL
2025-06-02,199.6724,0.0,0.647368,0.153132,0.054817,0.094143,NORMAL
2025-06-02,199.6724,0.0,0.656957,0.136761,0.049086,0.084156,NORMAL
2025-06-02,199.6724,0.0,0.666834,0.152195,0.044721,0.087711,NORMAL
2025-06-03,200.5544,0.004408,0.893678,0.151981,0.047391,0.089227,NORMAL
2025-06-03,200.5544,0.0,0.915226,0.041444,0.047393,0.045013,NORMAL
2025-06-03,200.5544,0.0,0.937838,0.030284,0.04558,0.039462,NORMAL
2025-06-03,200.7391,0.000921,0.961597,0.043385,0.044773,0.044218,NORMAL
2025-06-03,200.7391,0.0,0.98659,0.008971,0.04702,0.0318,NORMAL
2025-06-03,200.7391,0.0,1.012917,0.00306,0.053255,0.033177,NORMAL
2025-06-03,200.7391,0.0,1.040688,0.00041,0.063109,0.03803,NORMAL
2025-06-03,200.7391,0.0,1.070025,0.00514,0.072122,0.045329,NORMAL
2025-06-03,200.7391,0.0,1.101063,0.006344,0.069637,0.04432,NORMAL
2025-06-03,200.7391,0.0,1.133957,0.016894,0.051177,0.037464,NORMAL
2025-06-04,202.2944,0.007718,1.055493,0.23086,0.052357,0.123758,NORMAL
2025-06-04,202.1082,-0.000921,1.045145,0.045993,0.054657,0.051191,NORMAL
2025-06-04,202.1082,0.0,1.034998,0.013015,0.056835,0.039307,NORMAL
2025-06-04,202.1082,0.0,1.025046,0.009334,0.05872,0.038966,NORMAL
2025-06-04,202.2944,0.000921,1.015283,0.032852,0.061483,0.05003,NORMAL
2025-06-04,202.2944,0.0,1.005705,0.006366,0.065473,0.04183,NORMAL
2025-06-04,202.2944,0.0,0.996305,0.011422,0.067994,0.045365,NORMAL
2025-06-04,202.2944,0.0,0.98708,0.01218,0.06131,0.041658,NORMAL
2025-06-04,202.2944,0.0,0.978024,0.016293,0.037485,0.029008,NORMAL
2025-06-04,202.2944,0.0,0.969133,0.018619,0.012621,0.01502,NORMAL
2025-06-05,202.8826,0.002903,1.213429,0.103228,0.014716,0.050121,NORMAL
2025-06-05,202.8826,0.0,1.201862,0.034184,0.015047,0.022702,NORMAL
2025-06-05,202.8826,0.0,1.190513,0.035613,0.014222,0.022779,NORMAL
2025-06-05,202.8826,0.0,1.179377,0.034115,0.014221,0.022179,NORMAL
2025-06-05,202.8826,0.0,1.168448,0.029603,0.01641,0.021687,NORMAL
2025-06-05,202.8826,0.0,1.157719,0.027555,0.019943,0.022987,NORMAL
2025-06-05,202.8826,0.0,1.147185,0.026036,0.022901,0.024155,NORMAL
2025-06-05,202.6959,-0.000921,1.136841,0.063056,0.023953,0.039594,NORMAL
2025-06-05,202.6959,0.0,1.126682,0.040617,0.020598,0.028606,NORMAL
2025-06-05,202.6959,0.0,1.116703,0.041873,0.012656,0.024343,NORMAL
2025-06-06,202.1978,-0.00246,0.94128,0.091545,0.01658,0.046566,NORMAL
2025-06-06,202.1978,0.0,0.938434,0.041763,0.016091,0.02636,NORMAL
2025-06-06,202.1978,0.0,0.935604,0.050882,0.013963,0.028731,NORMAL
2025-06-06,202.3841,0.000921,0.932792,0.077605,0.011676,0.038048,NORMAL
2025-06-06,202.3841,0.0,0.929997,0.053491,0.009971,0.027379,NORMAL
2025-06-06,202.3841,0.0,0.927218,0.053491,0.009522,0.02711,NORMAL
2025-06-06,202.3841,0.0,0.924456,0.05269,0.010502,0.027378,NORMAL
2025-06-06,202.3841,0.0,0.92171,0.05269,0.012201,0.028397,NORMAL
2025-06-06,202.3841,0.0,0.918981,0.054491,0.012935,0.029557,NORMAL
2025-06-06,202.3841,0.0,0.916268,0.055843,0.011277,0.029103,NORMAL
2025-06-09,203.7699,0.006824,1.407872,0.283272,0.035639,0.134692,NORMAL
2025-06-09,203.5823,-0.000921,1.384153,0.139895,0.041116,0.080627,NORMAL
2025-06-09,203.5823,0.0,1.361221,0.09712,0.036682,0.060857,NORMAL
2025-06-09,203.5824,0.0,1.339037,0.091129,0.032631,0.05603,NORMAL
2025-06-09,203.7699,0.000921,1.317563,0.100707,0.033625,0.060458,NORMAL
2025-06-09,203.7699,0.0,1.296768,0.066117,0.038749,0.049696,NORMAL
2025-06-09,203.7699,0.0,1.276619,0.056498,0.04286,0.048315,NORMAL
2025-06-09,203.7699,0.0,1.257086,0.038151,0.042049,0.04049,NORMAL
2025-06-09,203.7699,0.0,1.238142,0.042176,0.036624,0.038845,NORMAL
2025-06-09,203.7699,0.0,1.219761,0.029682,0.030703,0.030294,NORMAL
2025-06-10,199.8073,-0.019638,0.909113,0.372605,0.048933,0.178402,NORMAL
2025-06-10,199.9914,0.000921,0.903058,0.14806,0.039952,0.083195,NORMAL
2025-06-10,199.9914,0.0,0.897083,0.08423,0.031779,0.052759,NORMAL
2025-06-10,199.9914,0.0,0.891186,0.071716,0.031971,0.047869,NORMAL
2025-06-10,199.9914,0.0,0.885367,0.063325,0.034339,0.045934,NORMAL
2025-06-10,199.9914,0.0,0.879622,0.063693,0.03606,0.047113,NORMAL
2025-06-10,199.9914,0.0,0.873952,0.062728,0.03546,0.046367,NORMAL
2025-06-10,199.9914,0.0,0.868355,0.066141,0.034402,0.047097,NORMAL
2025-06-10,199.8073,-0.000921,0.862829,0.117855,0.031305,0.065925,NORMAL
2025-06-10,199.8073,0.0,0.857373,0.089146,0.027976,0.052444,NORMAL
2025-06-11,202.6959,0.014353,0.965428,0.305702,0.038769,0.145542,NORMAL
2025-06-11,202.8826,0.000921,0.974586,0.092235,0.042796,0.062572,NORMAL
2025-06-11,202.6959,-0.000921,0.983919,0.094451,0.039769,0.061642,NORMAL
2025-06-11,202.6959,0.0,0.993433,0.064388,0.035605,0.047118,NORMAL
2025-06-11,202.8826,0.000921,1.003133,0.079727,0.03268,0.051499,NORMAL
2025-06-11,202.8826,0.0,1.013024,0.053449,0.032621,0.040952,NORMAL
2025-06-11,202.8826,0.0,1.023112,0.050808,0.035168,0.041424,NORMAL
2025-06-11,202.8826,0.0,1.033403,0.045488,0.03675,0.040245,NORMAL
2025-06-11,202.8826,0.0,1.043903,0.040965,0.032375,0.035811,NORMAL
2025-06-11,202.8826,0.0,1.054618,0.039756,0.026842,0.032008,NORMAL
2025-06-12,198.2933,-0.02288,0.766319,0.401942,0.063255,0.19873,NORMAL
2025-06-12,198.2933,0.0,0.773589,0.14151,0.079456,0.104278,NORMAL
2025-06-12,198.2933,0.0,0.780998,0.137216,0.070273,0.09705,NORMAL
2025-06-12,198.476,0.000921,0.78855,0.149321,0.053301,0.091709,NORMAL
2025-06-12,198.476,0.0,0.796249,0.12668,0.041821,0.075765,NORMAL
2025-06-12,198.476,0.0,0.804101,0.118505,0.040473,0.071686,NORMAL
2025-06-12,198.476,0.0,0.812109,0.122743,0.045709,0.076523,NORMAL
2025-06-12,198.476,0.0,0.820278,0.118459,0.048704,0.076606,NORMAL
2025-06-12,198.476,0.0,0.828613,0.111891,0.040954,0.069329,NORMAL
2025-06-12,198.476,0.0,0.837119,0.108728,0.026743,0.059537,NORMAL
2025-06-13,198.9408,0.002339,0.98994,0.187662,0.029491,0.092759,NORMAL
2025-06-13,198.9407,-1e-06,0.999113,0.105288,0.029667,0.059915,NORMAL
2025-06-13,199.124,0.000921,1.008457,0.136126,0.027692,0.071066,NORMAL
2025-06-13,199.1241,1e-06,1.017978,0.102752,0.024753,0.055952,NORMAL
2025-06-13,198.9408,-0.000921,1.02768,0.123234,0.023931,0.063652,NORMAL
2025-06-13,199.1241,0.000921,1.037569,0.110053,0.026419,0.059873,NORMAL
2025-06-13,199.1241,0.0,1.04765,0.066256,0.032508,0.046008,NORMAL
2025-06-13,199.1241,0.0,1.057929,0.043629,0.038833,0.040751,NORMAL
2025-06-13,199.124,-1e-06,1.068411,0.042136,0.037977,0.03964,NORMAL
2025-06-13,199.1241,1e-06,1.079104,0.064243,0.02943,0.043355,NORMAL
2025-06-16,196.5204,-0.013162,0.903194,0.322595,0.043388,0.155071,NORMAL
2025-06-16,196.5204,0.0,0.904032,0.109628,0.045776,0.071317,NORMAL
2025-06-16,196.7014,0.000921,0.904873,0.079764,0.039738,0.055749,NORMAL
2025-06-16,196.7014,0.0,0.905715,0.049684,0.03111,0.03854,NORMAL
2025-06-16,196.5204,-0.000921,0.906558,0.083752,0.024869,0.048422,NORMAL
2025-06-16,196.7014,0.000921,0.907403,0.057302,0.023914,0.03727,NORMAL
2025-06-16,196.7014,0.0,0.90825,0.040319,0.027569,0.032669,NORMAL
2025-06-16,196.7014,0.0,0.909098,0.038976,0.031413,0.034438,NORMAL
2025-06-16,196.7014,0.0,0.909948,0.038617,0.027957,0.032221,NORMAL
2025-06-16,196.7014,0.0,0.910799,0.04128,0.01557,0.025854,NORMAL
2025-06-17,196.4208,-0.001428,0.833745,0.098908,0.016937,0.049725,NORMAL
2025-06-17,196.6017,0.000921,0.845161,0.066409,0.018524,0.037678,NORMAL
2025-06-17,196.6017,0.0,0.856895,0.039261,0.019553,0.027436,NORMAL
2025-06-17,196.6017,0.0,0.868959,0.036079,0.020034,0.026452,NORMAL
2025-06-17,196.6017,0.0,0.881368,0.02925,0.020457,0.023974,NORMAL
2025-06-17,196.6017,0.0,0.894137,0.02329,0.021613,0.022284,NORMAL
2025-06-17,196.6017,0.0,0.90728,0.028336,0.023959,0.02571,NORMAL
2025-06-17,196.6017,0.0,0.920816,0.021981,0.026927,0.024948,NORMAL
2025-06-17,196.4208,-0.000921,0.934762,0.063655,0.029293,0.043038,NORMAL
2025-06-17,196.4208,0.0,0.949137,0.069448,0.028077,0.044625,NORMAL
2025-06-18,195.1657,-0.00641,1.105647,0.292386,0.031932,0.136113,NORMAL
2025-06-18,195.3455,0.000921,1.102459,0.135769,0.029992,0.072303,NORMAL
2025-06-18,195.1657,-0.000921,1.09929,0.119377,0.027314,0.064139,NORMAL
2025-06-18,195.1657,0.0,1.09614,0.076895,0.02258,0.044306,NORMAL
2025-06-18,195.3456,0.000921,1.093007,0.067563,0.016664,0.037024,NORMAL
2025-06-18,195.3455,-1e-06,1.089892,0.036949,0.013194,0.022696,NORMAL
2025-06-18,195.3455,0.0,1.086795,0.036628,0.01175,0.021701,NORMAL
2025-06-18,195.3455,0.0,1.083715,0.03523,0.011103,0.020754,NORMAL
2025-06-18,195.3455,0.0,1.080653,0.031952,0.009589,0.018534,NORMAL
2025-06-18,195.3455,0.0,1.077607,0.029603,0.006765,0.0159,NORMAL
2025-06-20,197.4567,0.01075,2.150297,0.517998,0.128167,0.284099,NORMAL
2025-06-20,197.4567,0.0,2.020265,0.309489,0.177203,0.230117,NORMAL
2025-06-20,197.4567,0.0,1.905063,0.301902,0.165238,0.219904,NORMAL
2025-06-20,197.6386,0.000921,1.802291,0.292876,0.144174,0.203655,NORMAL
2025-06-20,197.6386,0.0,1.710039,0.248376,0.132602,0.178911,NORMAL
2025-06-20,197.6386,0.0,1.626772,0.215936,0.129437,0.164037,NORMAL
2025-06-20,197.6386,0.0,1.551237,0.171925,0.128104,0.145633,NORMAL
2025-06-20,197.6386,0.0,1.482406,0.131573,0.124335,0.12723,NORMAL
2025-06-20,197.6386,0.0,1.419423,0.104863,0.118662,0.113142,NORMAL
2025-06-20,197.6386,0.0,1.361574,0.08044,0.114467,0.100856,NORMAL
2025-06-23,201.0183,0.016956,0.779256,0.444576,0.131034,0.256451,NORMAL
2025-06-23,200.8333,-0.000921,0.773629,0.151263,0.148302,0.149487,NORMAL
2025-06-23,200.8332,-0.0,0.768083,0.097443,0.151029,0.129595,NORMAL
2025-06-23,200.8333,0.0,0.762615,0.088087,0.140814,0.119723,NORMAL
2025-06-23,201.0183,0.000921,0.757225,0.107973,0.125602,0.118551,NORMAL
2025-06-23,201.0183,0.0,0.75191,0.098779,0.111298,0.106291,NORMAL
2025-06-23,201.0183,0.0,0.74667,0.098051,0.101465,0.1001,NORMAL
2025-06-23,201.0183,0.0,0.741502,0.095398,0.098002,0.096961,NORMAL
2025-06-23,201.0183,0.0,0.736405,0.092585,0.100082,0.097083,NORMAL
2025-06-23,201.0183,0.0,0.731378,0.087584,0.102479,0.096521,NORMAL
2025-06-24,201.7894,0.003829,0.728857,0.205447,0.100404,0.142421,NORMAL
2025-06-24,201.7895,0.0,0.750483,0.106296,0.09688,0.100646,NORMAL
2025-06-24,201.7894,-0.0,0.773431,0.085185,0.091697,0.089092,NORMAL
2025-06-24,201.9754,0.000921,0.797828,0.102522,0.087713,0.093637,NORMAL
2025-06-24,201.9754,0.0,0.823813,0.066595,0.087394,0.079075,NORMAL
2025-06-24,201.9754,0.0,0.851548,0.053701,0.090223,0.075614,NORMAL
2025-06-24,201.9754,0.0,0.881216,0.044465,0.093221,0.073719,NORMAL
2025-06-24,201.9754,0.0,0.913026,0.031234,0.088754,0.065746,NORMAL
2025-06-24,201.9754,0.0,0.947218,0.037544,0.068751,0.056268,NORMAL
2025-06-24,201.9754,0.0,0.984071,0.043793,0.068085,0.058369,NORMAL
2025-06-25,200.654,-0.006564,0.730271,0.215331,0.060943,0.122699,NORMAL
2025-06-25,200.654,0.0,0.741427,0.087732,0.055445,0.06836,NORMAL
2025-06-25,200.8388,0.000921,0.75293,0.113337,0.05303,0.077153,NORMAL
2025-06-25,200.8388,0.0,0.764795,0.079285,0.054559,0.064449,NORMAL
2025-06-25,200.654,-0.000921,0.77704,0.083603,0.057494,0.067938,NORMAL
2025-06-25,200.8388,0.000921,0.789684,0.098619,0.058087,0.0743,NORMAL
2025-06-25,200.8388,0.0,0.802746,0.059811,0.057547,0.058453,NORMAL
2025-06-25,200.8388,0.0,0.816247,0.054138,0.056066,0.055295,NORMAL
2025-06-25,200.8388,0.0,0.83021,0.045015,0.042309,0.043391,NORMAL
2025-06-25,200.8388,0.0,0.844659,0.040088,0.014821,0.024928,NORMAL
2025-06-26,200.634,-0.00102,1.089371,0.05069,0.019754,0.032129,NORMAL
2025-06-26,200.634,0.0,1.093198,0.025352,0.02191,0.023287,NORMAL
2025-06-26,200.634,0.0,1.097052,0.024001,0.021496,0.022498,NORMAL
2025-06-26,200.8189,0.000921,1.100933,0.070672,0.020043,0.040295,NORMAL
2025-06-26,200.8189,0.0,1.104842,0.039732,0.019578,0.02764,NORMAL
2025-06-26,200.8189,0.0,1.108778,0.043658,0.021251,0.030214,NORMAL
2025-06-26,200.8189,0.0,1.112743,0.04767,0.024626,0.033844,NORMAL
2025-06-26,200.8189,0.0,1.116736,0.048779,0.028342,0.036517,NORMAL
2025-06-26,200.8189,0.0,1.120758,0.053904,0.030798,0.04004,NORMAL
2025-06-26,200.8189,0.0,1.12481,0.080875,0.03133,0.051148,NORMAL
2025-06-27,201.0922,0.00136,1.562339,0.270254,0.046134,0.135782,NORMAL
2025-06-27,201.0922,0.0,1.508151,0.202762,0.051908,0.11225,NORMAL
2025-06-27,201.2775,0.000921,1.457597,0.178032,0.052386,0.102644,NORMAL
2025-06-27,201.2775,0.0,1.410321,0.140552,0.050945,0.086788,NORMAL
2025-06-27,201.0922,-0.000921,1.366016,0.144883,0.049114,0.087422,NORMAL
2025-06-27,201.2775,0.000921,1.32441,0.132489,0.047995,0.081793,NORMAL
2025-06-27,201.2775,0.0,1.285264,0.10106,0.046007,0.068028,NORMAL
2025-06-27,201.2775,0.0,1.248365,0.085028,0.041459,0.058887,NORMAL
2025-06-27,201.2775,0.0,1.213526,0.073225,0.034952,0.050261,NORMAL
2025-06-27,201.2775,0.0,1.180578,0.059206,0.030423,0.041937,NORMAL
2025-06-30,201.2117,-0.000327,1.435027,0.158312,0.034345,0.083932,NORMAL
2025-06-30,201.2118,0.0,1.390402,0.13973,0.035654,0.077285,NORMAL
2025-06-30,201.3971,0.00092,1.348468,0.149433,0.036305,0.081556,NORMAL
2025-06-30,201.3971,0.0,1.30899,0.111441,0.036256,0.06633,NORMAL
2025-06-30,201.2117,-0.000921,1.271757,0.135849,0.0361,0.076,NORMAL
2025-06-30,201.3971,0.000921,1.236584,0.107281,0.036367,0.064732,NORMAL
2025-06-30,201.3971,0.0,1.203305,0.067517,0.036577,0.048953,NORMAL
2025-06-30,201.3971,0.0,1.171769,0.068362,0.036541,0.04927,NORMAL
2025-06-30,201.3971,0.0,1.141845,0.063061,0.03623,0.046962,NORMAL
2025-06-30,201.3971,0.0,1.11341,0.063365,0.035816,0.046836,NORMAL
2025-07-01,205.8533,0.021885,0.951204,0.482485,0.04774,0.221638,NORMAL
2025-07-01,205.8533,0.0,0.947999,0.146035,0.052533,0.089934,NORMAL
2025-07-01,205.8533,0.0,0.944816,0.104212,0.054278,0.074252,NORMAL
2025-07-01,206.043,0.000921,0.941654,0.103311,0.05623,0.075063,NORMAL
2025-07-01,206.043,0.0,0.938513,0.071197,0.056226,0.062214,NORMAL
2025-07-01,206.043,0.0,0.935393,0.064779,0.053041,0.057736,NORMAL
2025-07-01,206.043,0.0,0.932294,0.065387,0.046576,0.054101,NORMAL
2025-07-01,206.043,0.0,0.929215,0.066283,0.038741,0.049758,NORMAL
2025-07-01,206.043,0.0,0.926156,0.068777,0.034973,0.048495,NORMAL
2025-07-01,206.043,0.0,0.923118,0.071216,0.046649,0.056476,NORMAL
2025-07-02,208.2762,0.01078,0.807367,0.337686,0.04081,0.15956,NORMAL
2025-07-02,208.0845,-0.000921,0.819032,0.132841,0.035078,0.074184,NORMAL
2025-07-02,208.0845,0.0,0.831039,0.088306,0.029365,0.052942,NORMAL
2025-07-02,208.2762,0.000921,0.843404,0.11019,0.024524,0.05879,NORMAL
2025-07-02,208.0845,-0.000921,0.856142,0.119198,0.021879,0.060806,NORMAL
2025-07-02,208.2762,0.000921,0.869271,0.095177,0.019967,0.050051,NORMAL
2025-07-02,208.2762,0.0,0.882808,0.065466,0.018973,0.03757,NORMAL
2025-07-02,208.2762,0.0,0.896774,0.052542,0.018475,0.032102,NORMAL
2025-07-02,208.2762,0.0,0.911189,0.031748,0.018578,0.023846,NORMAL
2025-07-02,208.2762,0.0,0.926075,0.016487,0.025007,0.021599,NORMAL
2025-07-03,211.3117,0.014469,0.491134,0.516421,0.041692,0.231583,NORMAL
2025-07-03,211.3117,0.0,0.506738,0.274757,0.052788,0.141575,NORMAL
2025-07-03,211.5064,0.000921,0.523366,0.265023,0.057791,0.140683,NORMAL
2025-07-03,211.3117,-0.000921,0.541122,0.227263,0.059206,0.126429,NORMAL
2025-07-03,211.5064,0.000921,0.560126,0.212636,0.060623,0.121429,NORMAL
2025-07-03,211.5064,0.0,0.580512,0.187695,0.061286,0.111849,NORMAL
2025-07-03,211.5064,0.0,0.602439,0.170591,0.06142,0.105088,NORMAL
2025-07-03,211.5064,0.0,0.626088,0.162673,0.060036,0.10109,NORMAL
2025-07-03,211.5064,0.0,0.651669,0.138462,0.055235,0.088526,NORMAL
2025-07-03,211.5064,0.0,0.679429,0.12816,0.04442,0.077916,NORMAL
2025-07-07,211.8396,0.001574,0.993391,0.081288,0.052387,0.063947,NORMAL
2025-07-07,211.8396,0.0,1.011101,0.028883,0.058298,0.046532,NORMAL
2025-07-07,211.8396,0.0,1.029454,0.03965,0.0618,0.05294,NORMAL
2025-07-07,212.0347,0.000921,1.048486,0.071565,0.063595,0.066783,NORMAL
2025-07-07,212.0347,0.0,1.068234,0.046716,0.06507,0.057729,NORMAL
2025-07-07,212.0348,0.0,1.088741,0.044938,0.067084,0.058225,NORMAL
2025-07-07,212.0347,-0.0,1.11005,0.036488,0.069725,0.05643,NORMAL
2025-07-07,212.0347,0.0,1.13221,0.047085,0.072316,0.062224,NORMAL
2025-07-07,212.0347,0.0,1.155273,0.051054,0.074096,0.064879,NORMAL
2025-07-07,212.0347,0.0,1.179295,0.06386,0.077597,0.072102,NORMAL
2025-07-08,209.4626,-0.012205,0.996786,0.323994,0.078033,0.176417,NORMAL
2025-07-08,209.2698,-0.000921,0.987718,0.157263,0.071396,0.105743,NORMAL
2025-07-08,209.2698,0.0,0.978814,0.113101,0.064504,0.083943,NORMAL
2025-07-08,209.2698,0.0,0.970068,0.083579,0.058313,0.068419,NORMAL
2025-07-08,209.4626,0.000921,0.961478,0.078757,0.055867,0.065023,NORMAL
2025-07-08,209.4626,0.0,0.953038,0.044408,0.054926,0.050719,NORMAL
2025-07-08,209.4626,0.0,0.944745,0.04813,0.05365,0.051442,NORMAL
2025-07-08,209.4626,0.0,0.936595,0.049447,0.050338,0.049982,NORMAL
2025-07-08,209.4626,0.0,0.928585,0.049599,0.043171,0.045742,NORMAL
2025-07-08,209.4626,0.0,0.920711,0.052256,0.037608,0.043467,NORMAL
2025-07-09,208.702,-0.003638,1.049165,0.14887,0.034755,0.080401,NORMAL
2025-07-09,208.702,0.0,1.050838,0.069362,0.031601,0.046706,NORMAL
2025-07-09,208.702,0.0,1.052516,0.065551,0.028182,0.04313,NORMAL
2025-07-09,208.8943,0.000921,1.0542,0.07627,0.025882,0.046037,NORMAL
2025-07-09,208.8943,0.0,1.055889,0.043118,0.025175,0.032353,NORMAL
2025-07-09,208.8943,0.0,1.057584,0.039759,0.026457,0.031778,NORMAL
2025-07-09,208.8943,0.0,1.059284,0.034424,0.028749,0.031019,NORMAL
2025-07-09,208.8943,0.0,1.060989,0.032661,0.030002,0.031066,NORMAL
2025-07-09,208.8943,0.0,1.062701,0.036616,0.027702,0.031268,NORMAL
2025-07-09,208.8943,0.0,1.064417,0.050483,0.021356,0.033006,NORMAL
2025-07-10,209.6782,0.003746,0.968716,0.131146,0.024865,0.067377,NORMAL
2025-07-10,209.6781,-0.0,0.967035,0.043963,0.025211,0.032712,NORMAL
2025-07-10,209.8713,0.000921,0.96536,0.063364,0.023244,0.039292,NORMAL
2025-07-10,209.8713,0.0,0.963691,0.044411,0.020415,0.030013,NORMAL
2025-07-10,209.6782,-0.000921,0.962028,0.070889,0.018413,0.039404,NORMAL
2025-07-10,209.8713,0.000921,0.96037,0.058018,0.018369,0.034229,NORMAL
2025-07-10,209.8713,0.0,0.958719,0.040968,0.01994,0.028351,NORMAL
2025-07-10,209.8713,0.0,0.957072,0.038588,0.020308,0.02762,NORMAL
2025-07-10,209.8713,0.0,0.955432,0.037252,0.015853,0.024413,NORMAL
2025-07-10,209.8713,0.0,0.953797,0.033751,0.005898,0.017039,NORMAL
2025-07-11,209.7379,-0.000636,0.861714,0.078079,0.006453,0.035104,NORMAL
2025-07-11,209.7379,0.0,0.870184,0.06011,0.006636,0.028026,NORMAL
2025-07-11,209.7379,0.0,0.878822,0.061337,0.006657,0.028529,NORMAL
2025-07-11,209.9312,0.000921,0.887634,0.061976,0.006784,0.028861,NORMAL
2025-07-11,209.9312,0.0,0.896624,0.045992,0.007332,0.022796,NORMAL
2025-07-11,209.9312,0.0,0.905798,0.049845,0.007691,0.024553,NORMAL
2025-07-11,209.9312,0.0,0.915161,0.05047,0.00763,0.024766,NORMAL
2025-07-11,209.9312,0.0,0.92472,0.051989,0.007005,0.024999,NORMAL
2025-07-11,209.9312,0.0,0.934481,0.055909,0.005906,0.025907,NORMAL
2025-07-11,209.9312,0.0,0.94445,0.062538,0.004391,0.02765,NORMAL
2025-07-14,209.1004,-0.003965,0.928644,0.212237,0.010504,0.091197,NORMAL
2025-07-14,209.1004,0.0,0.934907,0.104989,0.01458,0.050743,NORMAL
2025-07-14,209.2931,0.000921,0.941255,0.081833,0.015246,0.041881,NORMAL
2025-07-14,209.2931,0.0,0.947689,0.052077,0.01608,0.030479,NORMAL
2025-07-14,209.1004,-0.000921,0.954213,0.094697,0.015935,0.04744,NORMAL
2025-07-14,209.2931,0.000921,0.960826,0.080681,0.014077,0.040719,NORMAL
2025-07-14,209.2931,0.0,0.967532,0.047402,0.011221,0.025694,NORMAL
2025-07-14,209.2931,0.0,0.974332,0.048004,0.008224,0.024136,NORMAL
2025-07-14,209.2931,0.0,0.981229,0.047414,0.005963,0.022544,NORMAL
2025-07-14,209.2931,0.0,0.988224,0.048184,0.003943,0.02164,NORMAL
2025-07-15,208.3933,-0.004309,1.072708,0.201768,0.005057,0.083741,NORMAL
2025-07-15,208.3933,0.0,1.069276,0.083802,0.005664,0.036919,NORMAL
2025-07-15,208.5853,0.000921,1.065867,0.071924,0.005492,0.032064,NORMAL
2025-07-15,208.5853,0.0,1.06248,0.034671,0.005225,0.017003,NORMAL
2025-07-15,208.3933,-0.000921,1.059113,0.077489,0.005534,0.034316,NORMAL
2025-07-15,208.5853,0.000921,1.055768,0.058863,0.005613,0.026913,NORMAL
2025-07-15,208.5853,0.0,1.052445,0.030287,0.005419,0.015366,NORMAL
2025-07-15,208.5853,0.0,1.049142,0.030973,0.004948,0.015358,NORMAL
2025-07-15,208.5853,0.0,1.045859,0.034561,0.004455,0.016497,NORMAL
2025-07-15,208.5853,0.0,1.042597,0.040253,0.004756,0.018955,NORMAL
2025-07-16,209.469,0.004228,1.158285,0.1197,0.006914,0.052028,NORMAL
2025-07-16,209.469,0.0,1.146193,0.041472,0.007618,0.02116,NORMAL
2025-07-16,209.469,0.0,1.134352,0.040763,0.007656,0.020899,NORMAL
2025-07-16,209.662,0.000921,1.122753,0.067941,0.007585,0.031728,NORMAL
2025-07-16,209.662,0.0,1.111388,0.039665,0.007326,0.020262,NORMAL
2025-07-16,209.662,0.0,1.100251,0.040205,0.006977,0.020268,NORMAL
2025-07-16,209.662,0.0,1.089336,0.038143,0.006569,0.019198,NORMAL
2025-07-16,209.662,0.0,1.078634,0.037829,0.00614,0.018816,NORMAL
2025-07-16,209.662,0.0,1.068141,0.029954,0.005805,0.015465,NORMAL
2025-07-16,209.662,0.0,1.05785,0.027652,0.005575,0.014405,NORMAL
2025-07-17,209.9312,0.001283,1.063877,0.047093,0.004496,0.021535,NORMAL
2025-07-17,209.7379,-0.000921,1.057125,0.052702,0.003012,0.022888,NORMAL
2025-07-17,209.7379,0.0,1.050458,0.030893,0.002558,0.013892,NORMAL
2025-07-17,209.9312,0.000921,1.043875,0.047348,0.00243,0.020397,NORMAL
2025-07-17,209.7379,-0.000921,1.037373,0.05803,0.001766,0.024272,NORMAL
2025-07-17,209.9312,0.000921,1.030953,0.04998,0.002191,0.021306,NORMAL
2025-07-17,209.9312,0.0,1.024611,0.041676,0.002543,0.018196,NORMAL
2025-07-17,209.9312,0.0,1.018346,0.045105,0.002598,0.019601,NORMAL
2025-07-17,209.9312,0.0,1.012158,0.053595,0.002345,0.022845,NORMAL
2025-07-17,209.9312,0.0,1.006044,0.061989,0.002272,0.026159,NORMAL
2025-07-18,210.2302,0.001423,1.023428,0.103804,0.00206,0.042757,NORMAL
2025-07-18,210.2302,0.0,1.021843,0.062342,0.001449,0.025806,NORMAL
2025-07-18,210.2302,0.0,1.020263,0.062342,0.001522,0.02585,NORMAL
2025-07-18,210.2302,0.0,1.018689,0.060426,0.001747,0.025219,NORMAL
2025-07-18,210.2302,0.0,1.017119,0.060426,0.001566,0.02511,NORMAL
2025-07-18,210.2302,0.0,1.015554,0.057079,0.00173,0.02387,NORMAL
2025-07-18,210.2302,0.0,1.013993,0.056648,0.001359,0.023474,NORMAL
2025-07-18,210.0367,-0.000921,1.012438,0.088437,0.001474,0.036259,NORMAL
2025-07-18,210.0367,0.0,1.010887,0.064102,0.000552,0.025972,NORMAL
2025-07-18,210.0367,0.0,1.009341,0.066239,0.00018,0.026604,NORMAL
2025-07-21,211.2619,0.005816,1.055263,0.166101,0.002342,0.067845,NORMAL
2025-07-21,211.2619,0.0,1.051689,0.054681,0.00345,0.023943,NORMAL
2025-07-21,211.4565,0.000921,1.048139,0.067844,0.004269,0.029699,NORMAL
2025-07-21,211.4565,0.0,1.044613,0.033721,0.004499,0.016188,NORMAL
2025-07-21,211.2619,-0.000921,1.04111,0.05484,0.00449,0.02463,NORMAL
2025-07-21,211.4565,0.000921,1.037631,0.047227,0.004433,0.021551,NORMAL
2025-07-21,211.4565,0.0,1.034175,0.025896,0.004385,0.012989,NORMAL
2025-07-21,211.4565,0.0,1.030742,0.022603,0.004394,0.011678,NORMAL
2025-07-21,211.4565,0.0,1.027332,0.022213,0.004471,0.011568,NORMAL
2025-07-21,211.4565,0.0,1.023944,0.025602,0.004564,0.012979,NORMAL
2025-07-22,212.2978,0.003971,0.927202,0.111546,0.004478,0.047305,NORMAL
2025-07-22,212.2978,0.0,0.929589,0.035923,0.004841,0.017274,NORMAL
2025-07-22,212.4934,0.000921,0.931988,0.049477,0.004908,0.022735,NORMAL
2025-07-22,212.4934,0.0,0.9344,0.027704,0.004305,0.013665,NORMAL
2025-07-22,212.2978,-0.000921,0.936825,0.063039,0.004095,0.027673,NORMAL
2025-07-22,212.4934,0.000921,0.939262,0.044391,0.003727,0.019992,NORMAL
2025-07-22,212.4934,0.0,0.941712,0.023312,0.003532,0.011444,NORMAL
2025-07-22,212.4934,0.0,0.944175,0.022754,0.003713,0.011329,NORMAL
2025-07-22,212.4934,0.0,0.94665,0.018676,0.004387,0.010103,NORMAL
2025-07-22,212.4934,0.0,0.949139,0.023633,0.005194,0.012569,NORMAL
2025-07-23,214.3477,0.008689,0.965441,0.255361,0.007507,0.106649,NORMAL
2025-07-23,214.3477,0.0,0.969813,0.074478,0.008228,0.034728,NORMAL
2025-07-23,214.3477,0.0,0.974224,0.05562,0.007928,0.027005,NORMAL
2025-07-23,214.3477,0.0,0.978676,0.046007,0.007038,0.022625,NORMAL
2025-07-23,214.3477,0.0,0.983169,0.041082,0.00584,0.019936,NORMAL
2025-07-23,214.3477,0.0,0.987703,0.039617,0.004552,0.018578,NORMAL
2025-07-23,214.1504,-0.000921,0.992279,0.058722,0.003609,0.025654,NORMAL
2025-07-23,214.1504,0.0,0.996898,0.031574,0.003727,0.014865,NORMAL
2025-07-23,214.1504,0.0,1.00156,0.030832,0.003875,0.014658,NORMAL
2025-07-23,214.3477,0.000921,1.006266,0.049747,0.004334,0.0225,NORMAL
2025-07-24,213.2511,-0.005129,0.985967,0.143629,0.006525,0.061366,NORMAL
2025-07-24,213.0548,-0.000921,0.98637,0.064511,0.006782,0.029873,NORMAL
2025-07-24,213.0548,0.0,0.986774,0.036413,0.005474,0.01785,NORMAL
2025-07-24,213.2511,0.000921,0.987177,0.070029,0.004728,0.030848,NORMAL
2025-07-24,213.0548,-0.000921,0.987581,0.070115,0.005525,0.031361,NORMAL
2025-07-24,213.251,0.00092,0.987986,0.077502,0.006995,0.035198,NORMAL
2025-07-24,213.251,0.0,0.988391,0.052391,0.008161,0.025853,NORMAL
2025-07-24,213.251,0.0,0.988796,0.054557,0.008544,0.026949,NORMAL
2025-07-24,213.2511,0.0,0.989201,0.054843,0.008067,0.026777,NORMAL
2025-07-24,213.2511,0.0,0.989607,0.053926,0.007571,0.026113,NORMAL
2025-07-25,213.8516,0.002812,0.872187,0.11497,0.007661,0.050584,NORMAL
2025-07-25,213.8516,0.0,0.878581,0.048101,0.006761,0.023297,NORMAL
2025-07-25,213.8516,0.0,0.88507,0.04493,0.005371,0.021195,NORMAL
2025-07-25,214.0486,0.000921,0.891655,0.056008,0.00398,0.024792,NORMAL
2025-07-25,214.0486,0.0,0.898339,0.038595,0.00376,0.017694,NORMAL
2025-07-25,214.0486,0.0,0.905124,0.040984,0.003326,0.01839,NORMAL
2025-07-25,214.0486,0.0,0.912013,0.041089,0.002863,0.018153,NORMAL
2025-07-25,214.0486,0.0,0.919007,0.041272,0.002321,0.017902,NORMAL
2025-07-25,214.0486,0.0,0.926109,0.042531,0.001456,0.017886,NORMAL
2025-07-25,214.0486,0.0,0.933321,0.049439,0.0,0.019775,NORMAL
2025-07-28,213.1843,-0.004046,0.885827,0.148471,0.003411,0.061435,NORMAL
2025-07-28,213.1843,0.0,0.89437,0.059577,0.00512,0.026903,NORMAL
2025-07-28,213.3807,0.000921,0.903079,0.07331,0.005261,0.032481,NORMAL
2025-07-28,213.3807,0.0,0.91196,0.050293,0.005722,0.023551,NORMAL
2025-07-28,213.1843,-0.000921,0.921017,0.078153,0.006483,0.035151,NORMAL
2025-07-28,213.3807,0.000921,0.930256,0.073349,0.007393,0.033775,NORMAL
2025-07-28,213.3807,0.0,0.939682,0.051197,0.009126,0.025955,NORMAL
2025-07-28,213.3807,0.0,0.949301,0.047579,0.009813,0.02492,NORMAL
2025-07-28,213.3807,0.0,0.959119,0.051237,0.008239,0.025438,NORMAL
2025-07-28,213.3807,0.0,0.969142,0.052205,0.0036,0.023042,NORMAL
2025-07-29,213.3337,-0.00022,1.297602,0.122489,0.011195,0.055713,NORMAL
2025-07-29,213.3337,0.0,1.279608,0.105398,0.013575,0.050304,NORMAL
2025-07-29,213.5302,0.000921,1.262106,0.112587,0.012972,0.052818,NORMAL
2025-07-29,213.5302,0.0,1.245077,0.093857,0.011683,0.044553,NORMAL
2025-07-29,213.3337,-0.000921,1.228501,0.122854,0.011539,0.056065,NORMAL
2025-07-29,213.5302,0.000921,1.212361,0.107415,0.011393,0.049801,NORMAL
2025-07-29,213.5302,0.0,1.196639,0.079011,0.011741,0.038649,NORMAL
2025-07-29,213.5302,0.0,1.18132,0.081667,0.012021,0.039879,NORMAL
2025-07-29,213.5302,0.0,1.166388,0.081408,0.011881,0.039692,NORMAL
2025-07-29,213.5302,0.0,1.151829,0.081052,0.011658,0.039416,NORMAL
2025-07-30,211.0627,-0.011623,1.010994,0.342545,0.018288,0.147991,NORMAL
2025-07-30,211.0627,0.0,1.002471,0.160726,0.018269,0.075252,NORMAL
2025-07-30,211.0627,0.0,0.994091,0.141179,0.015594,0.065828,NORMAL
2025-07-30,211.2571,0.000921,0.98585,0.09301,0.013937,0.045566,NORMAL
2025-07-30,211.2571,0.0,0.977744,0.062148,0.014232,0.033398,NORMAL
2025-07-30,211.2571,0.0,0.969771,0.049915,0.015607,0.02933,NORMAL
2025-07-30,211.2571,0.0,0.961926,0.045043,0.016652,0.028008,NORMAL
2025-07-30,211.2571,0.0,0.954207,0.044565,0.016302,0.027607,NORMAL
2025-07-30,211.2571,0.0,0.946612,0.04458,0.014439,0.026495,NORMAL
2025-07-30,211.2571,0.0,0.939136,0.047624,0.012411,0.026496,NORMAL
2025-07-31,207.8575,-0.016223,1.616346,0.626822,0.060144,0.286815,NORMAL
2025-07-31,207.6662,-0.000921,1.57029,0.472149,0.068968,0.23024,NORMAL
2025-07-31,207.6661,-0.0,1.526785,0.366083,0.060352,0.182645,NORMAL
2025-07-31,207.6661,0.0,1.485627,0.344886,0.057248,0.172303,NORMAL
2025-07-31,207.8575,0.000921,1.446629,0.281598,0.057335,0.14704,NORMAL
2025-07-31,207.8575,0.0,1.409626,0.232517,0.056144,0.126693,NORMAL
2025-07-31,207.8575,0.0,1.374468,0.211306,0.053782,0.116791,NORMAL
2025-07-31,207.8575,0.0,1.341022,0.181715,0.051752,0.103738,NORMAL
2025-07-31,207.8575,0.0,1.309165,0.148057,0.049573,0.088967,NORMAL
2025-07-31,207.8575,0.0,1.278787,0.133477,0.048774,0.082655,NORMAL
2025-08-01,210.0367,0.01043,1.581106,0.399827,0.068906,0.201274,NORMAL
2025-08-01,210.0367,0.0,1.513595,0.186419,0.084729,0.125405,NORMAL
2025-08-01,210.0367,0.0,1.451613,0.157467,0.097836,0.121688,NORMAL
2025-08-01,210.2302,0.000921,1.394508,0.16257,0.105082,0.128077,NORMAL
2025-08-01,210.2302,0.0,1.341726,0.116953,0.107594,0.111337,NORMAL
2025-08-01,210.2303,0.0,1.292793,0.099524,0.106,0.10341,NORMAL
2025-08-01,210.2302,-0.0,1.247305,0.077184,0.102255,0.092227,NORMAL
2025-08-01,210.2303,0.0,1.204908,0.066295,0.097092,0.084773,NORMAL
2025-08-01,210.2303,0.0,1.165299,0.050438,0.090669,0.074577,NORMAL
2025-08-01,210.2303,0.0,1.128211,0.041107,0.083619,0.066614,NORMAL
2025-08-04,203.7019,-0.031546,0.813867,0.530621,0.109006,0.277652,NORMAL
2025-08-04,203.7019,0.0,0.816339,0.23839,0.112813,0.163044,NORMAL
2025-08-04,203.7019,0.0,0.818826,0.199896,0.11272,0.14759,NORMAL
2025-08-04,203.8895,0.000921,0.821328,0.201935,0.113083,0.148624,NORMAL
2025-08-04,203.8895,0.0,0.823845,0.172463,0.110586,0.135337,NORMAL
2025-08-04,203.8895,0.0,0.826378,0.176427,0.104441,0.133235,NORMAL
2025-08-04,203.8895,0.0,0.828927,0.180732,0.096647,0.130281,NORMAL
2025-08-04,203.8895,0.0,0.831491,0.182979,0.088459,0.126267,NORMAL
2025-08-04,203.8895,0.0,0.834072,0.189588,0.079335,0.123436,NORMAL
2025-08-04,203.8895,0.0,0.836668,0.186304,0.078022,0.121335,NORMAL
2025-08-05,202.5962,-0.006363,0.508946,0.442197,0.079907,0.224823,NORMAL
2025-08-05,202.5962,0.0,0.527263,0.334028,0.076954,0.179784,NORMAL
2025-08-05,202.5963,0.0,0.546948,0.313424,0.070157,0.167464,NORMAL
2025-08-05,202.7829,0.000921,0.56816,0.317024,0.061805,0.163892,NORMAL
2025-08-05,202.7829,0.0,0.591083,0.28555,0.055604,0.147582,NORMAL
2025-08-05,202.7829,0.0,0.615934,0.250858,0.051424,0.131198,NORMAL
2025-08-05,202.7829,0.0,0.642966,0.237445,0.048967,0.124359,NORMAL
2025-08-05,202.7829,0.0,0.67248,0.183037,0.045984,0.100805,NORMAL
2025-08-05,202.7829,0.0,0.704833,0.128641,0.040521,0.075769,NORMAL
2025-08-05,202.7829,0.0,0.740457,0.115018,0.045608,0.073372,NORMAL
2025-08-06,204.8174,0.009983,1.769682,0.47165,0.141209,0.273385,NORMAL
2025-08-06,204.8174,0.0,1.722786,0.260545,0.153375,0.196243,NORMAL
2025-08-06,205.0062,0.000921,1.678311,0.269214,0.153952,0.200056,NORMAL
2025-08-06,205.0062,0.0,1.636074,0.220967,0.150077,0.178433,NORMAL
2025-08-06,204.8174,-0.000921,1.595911,0.233996,0.134625,0.174373,NORMAL
2025-08-06,205.0062,0.000921,1.557673,0.215109,0.115672,0.155447,NORMAL
2025-08-06,205.0062,0.0,1.521224,0.174837,0.103211,0.131861,NORMAL
2025-08-06,205.0062,0.0,1.486442,0.158629,0.099291,0.123026,NORMAL
2025-08-06,205.0062,0.0,1.453215,0.142325,0.099612,0.116697,NORMAL
2025-08-06,205.0062,0.0,1.421441,0.12823,0.099635,0.111073,NORMAL
2025-08-07,218.0151,0.061524,1.147568,0.77245,0.129159,0.386475,NORMAL
2025-08-07,218.0151,0.0,1.114904,0.50602,0.11888,0.273736,NORMAL
2025-08-07,218.0151,0.0,1.084048,0.472342,0.108523,0.25405,NORMAL
2025-08-07,218.216,0.000921,1.054853,0.428307,0.10153,0.232241,NORMAL
2025-08-07,218.216,0.0,1.02719,0.403571,0.101794,0.222505,NORMAL
2025-08-07,218.216,0.0,1.000941,0.416403,0.105338,0.229764,NORMAL
2025-08-07,218.216,0.0,0.975999,0.438004,0.108467,0.240282,NORMAL
2025-08-07,218.216,0.0,0.952271,0.452199,0.111036,0.247501,NORMAL
2025-08-07,218.216,0.0,0.929669,0.451846,0.113501,0.248839,NORMAL
2025-08-07,218.216,0.0,0.908115,0.451721,0.124653,0.25548,NORMAL
2025-08-08,219.9574,0.007948,1.142854,0.602381,0.146772,0.329015,NORMAL
2025-08-08,219.9574,0.0,1.139782,0.490209,0.174659,0.300879,NORMAL
2025-08-08,220.16,0.000921,1.136726,0.504751,0.20309,0.323754,NORMAL
2025-08-08,220.16,0.0,1.133686,0.477461,0.230943,0.32955,NORMAL
2025-08-08,219.9574,-0.000921,1.130663,0.452694,0.251057,0.331712,NORMAL
2025-08-08,220.16,0.000921,1.127656,0.420182,0.253244,0.320019,NORMAL
2025-08-08,220.16,0.0,1.124664,0.329599,0.238926,0.275195,NORMAL
2025-08-08,220.16,0.0,1.121689,0.261119,0.213927,0.232804,NORMAL
2025-08-08,220.16,0.0,1.118729,0.163245,0.184656,0.176092,NORMAL
2025-08-08,220.16,0.0,1.115785,0.042211,0.183861,0.127201,NORMAL
2025-08-11,227.277,0.031815,0.614262,0.710762,0.171397,0.387143,NORMAL
2025-08-11,227.277,0.0,0.623061,0.411128,0.160564,0.26079,NORMAL
2025-08-11,227.4864,0.000921,0.632115,0.400299,0.156304,0.253902,NORMAL
2025-08-11,227.4864,0.0,0.641437,0.338278,0.161133,0.231991,NORMAL
2025-08-11,227.277,-0.000921,0.651038,0.321262,0.17272,0.232137,NORMAL
2025-08-11,227.4864,0.000921,0.66093,0.311221,0.178315,0.231477,NORMAL
2025-08-11,227.4864,0.0,0.671128,0.271022,0.174084,0.212859,NORMAL
2025-08-11,227.4864,0.0,0.681645,0.259157,0.164614,0.202431,NORMAL
2025-08-11,227.4864,0.0,0.692498,0.250864,0.157363,0.194763,NORMAL
2025-08-11,227.4864,0.0,0.703701,0.246072,0.136061,0.180065,NORMAL
2025-08-12,227.3667,-0.000526,0.655053,0.286237,0.110829,0.180993,NORMAL
2025-08-12,227.3667,0.0,0.678308,0.238599,0.100246,0.155587,NORMAL
2025-08-12,227.3667,0.0,0.703276,0.220321,0.098519,0.14724,NORMAL
2025-08-12,227.5762,0.000921,0.730151,0.231578,0.102068,0.153872,NORMAL
2025-08-12,227.5762,0.0,0.759163,0.179822,0.110166,0.138028,NORMAL
2025-08-12,227.5762,0.0,0.790575,0.180532,0.120619,0.144584,NORMAL
2025-08-12,227.5762,0.0,0.824699,0.140694,0.130783,0.134748,NORMAL
2025-08-12,227.5762,0.0,0.861901,0.102171,0.13746,0.123344,NORMAL
2025-08-12,227.5762,0.0,0.902619,0.065514,0.136706,0.108229,NORMAL
2025-08-12,227.5762,0.0,0.947375,0.08682,0.142134,0.120008,NORMAL
2025-08-13,230.6304,0.013331,1.181982,0.413979,0.152532,0.257111,NORMAL
2025-08-13,230.4181,-0.000921,1.173967,0.140398,0.156793,0.150235,NORMAL
2025-08-13,230.4181,0.0,1.16606,0.089971,0.160354,0.132201,NORMAL
2025-08-13,230.6304,0.000921,1.158259,0.097325,0.16107,0.135572,NORMAL
2025-08-13,230.4181,-0.000921,1.150562,0.099671,0.146835,0.127969,NORMAL
2025-08-13,230.6304,0.000921,1.142966,0.078332,0.115726,0.100768,NORMAL
2025-08-13,230.6304,0.0,1.13547,0.053054,0.083973,0.071606,NORMAL
2025-08-13,230.6304,0.0,1.128071,0.05457,0.05824,0.056772,NORMAL
2025-08-13,230.6304,0.0,1.120769,0.05139,0.044497,0.047254,NORMAL
2025-08-13,230.6304,0.0,1.11356,0.051036,0.031111,0.039081,NORMAL
2025-08-14,233.6147,0.012857,0.829773,0.380166,0.040298,0.176245,NORMAL
2025-08-14,233.6147,0.0,0.832241,0.106427,0.044219,0.069102,NORMAL
2025-08-14,233.6147,0.0,0.834723,0.100046,0.044897,0.066957,NORMAL
2025-08-14,233.6147,0.0,0.83722,0.096673,0.044813,0.065557,NORMAL
2025-08-14,233.6147,0.0,0.839732,0.089167,0.044486,0.062359,NORMAL
2025-08-14,233.6147,0.0,0.842259,0.087839,0.043527,0.061252,NORMAL
2025-08-14,233.6147,0.0,0.844801,0.079476,0.041649,0.05678,NORMAL
2025-08-14,233.3997,-0.000921,0.847359,0.095733,0.038744,0.06154,NORMAL
2025-08-14,233.3997,0.0,0.849932,0.055332,0.035577,0.043479,NORMAL
2025-08-14,233.3997,0.0,0.852521,0.046754,0.033581,0.038851,NORMAL
2025-08-15,233.3399,-0.000256,0.930792,0.06257,0.032515,0.044537,NORMAL
2025-08-15,233.3399,0.0,0.941615,0.044572,0.032885,0.03756,NORMAL
2025-08-15,233.5548,0.000921,0.952692,0.069005,0.034148,0.048091,NORMAL
2025-08-15,233.5548,0.0,0.964033,0.042697,0.035351,0.038289,NORMAL
2025-08-15,233.3399,-0.000921,0.975647,0.089993,0.036356,0.057811,NORMAL
2025-08-15,233.5548,0.000921,0.987545,0.085675,0.035135,0.055351,NORMAL
2025-08-15,233.5548,0.0,0.999737,0.051462,0.031608,0.03955,NORMAL
2025-08-15,233.5548,0.0,1.012233,0.049705,0.026974,0.036066,NORMAL
2025-08-15,233.5548,0.0,1.025045,0.049011,0.023903,0.033946,NORMAL
2025-08-15,233.5548,0.0,1.038186,0.076171,0.021371,0.043291,NORMAL
2025-08-18,231.0463,-0.010799,0.703706,0.371803,0.034647,0.169509,NORMAL
2025-08-18,231.0463,0.0,0.713377,0.209829,0.039755,0.107785,NORMAL
2025-08-18,231.2592,0.000921,0.723318,0.177456,0.039256,0.094536,NORMAL
2025-08-18,231.2592,0.0,0.73354,0.132521,0.036264,0.074767,NORMAL
2025-08-18,231.0463,-0.000921,0.744056,0.156066,0.033938,0.082789,NORMAL
2025-08-18,231.2592,0.000921,0.754877,0.132611,0.033247,0.072993,NORMAL
2025-08-18,231.2592,0.0,0.766017,0.101116,0.033979,0.060834,NORMAL
2025-08-18,231.2592,0.0,0.777491,0.098292,0.033921,0.05967,NORMAL
2025-08-18,231.2592,0.0,0.789314,0.096581,0.029649,0.056422,NORMAL
2025-08-18,231.2592,0.0,0.801502,0.084999,0.020838,0.046503,NORMAL
2025-08-19,230.84,-0.001814,0.857965,0.121842,0.019214,0.060265,NORMAL
2025-08-19,230.84,0.0,0.873791,0.06836,0.017543,0.03787,NORMAL
2025-08-19,230.84,0.0,0.890212,0.062095,0.015907,0.034382,NORMAL
2025-08-19,230.84,0.0,0.907262,0.055836,0.01474,0.031178,NORMAL
2025-08-19,230.84,0.0,0.924978,0.0587,0.014629,0.032257,NORMAL
2025-08-19,230.84,0.0,0.943399,0.055016,0.015881,0.031535,NORMAL
2025-08-19,230.6275,-0.000921,0.962569,0.091664,0.018614,0.047834,NORMAL
2025-08-19,230.6275,0.0,0.982535,0.07695,0.022365,0.044199,NORMAL
2025-08-19,230.6275,0.0,1.003346,0.085053,0.02531,0.049207,NORMAL
2025-08-19,230.84,0.000921,1.025058,0.102424,0.025609,0.056335,NORMAL
2025-08-20,229.5425,-0.005637,1.092689,0.252746,0.026605,0.117061,NORMAL
2025-08-20,229.3312,-0.000921,1.085968,0.177399,0.025012,0.085967,NORMAL
2025-08-20,229.3312,0.0,1.079329,0.122153,0.021314,0.06165,NORMAL
2025-08-20,229.5425,0.000921,1.072771,0.102393,0.017661,0.051554,NORMAL
2025-08-20,229.3312,-0.000921,1.066292,0.107002,0.016534,0.052721,NORMAL
2025-08-20,229.5425,0.000921,1.059891,0.082023,0.018829,0.044107,NORMAL
2025-08-20,229.5425,0.0,1.053566,0.043757,0.021013,0.030111,NORMAL
2025-08-20,229.5425,0.0,1.047316,0.045186,0.019133,0.029554,NORMAL
2025-08-20,229.5425,0.0,1.04114,0.045875,0.013048,0.026179,NORMAL
2025-08-20,229.5425,0.0,1.035036,0.050639,0.009857,0.02617,NORMAL
2025-08-21,225.6317,-0.017184,0.75806,0.511318,0.025891,0.220062,NORMAL
2025-08-21,225.6317,0.0,0.76639,0.288771,0.032341,0.134913,NORMAL
2025-08-21,225.6317,0.0,0.774906,0.266107,0.033439,0.126506,NORMAL
2025-08-21,225.8395,0.000921,0.783612,0.209028,0.031474,0.102496,NORMAL
2025-08-21,225.8396,0.0,0.792517,0.171177,0.027675,0.085076,NORMAL
2025-08-21,225.8396,0.0,0.801627,0.159961,0.024802,0.078866,NORMAL
2025-08-21,225.8396,0.0,0.810948,0.146569,0.022414,0.072076,NORMAL
2025-08-21,225.8396,0.0,0.820489,0.132392,0.020556,0.06529,NORMAL
2025-08-21,225.8396,0.0,0.830256,0.133022,0.019042,0.064634,NORMAL
2025-08-21,225.8395,-0.0,0.84026,0.132348,0.017554,0.063472,NORMAL
2025-08-22,225.5319,-0.001363,1.165268,0.188234,0.026159,0.090989,NORMAL
2025-08-22,225.532,0.0,1.164926,0.152836,0.029465,0.078813,NORMAL
2025-08-22,225.7397,0.000921,1.164585,0.158293,0.028604,0.08048,NORMAL
2025-08-22,225.7397,0.0,1.164243,0.12895,0.026755,0.067633,NORMAL
2025-08-22,225.532,-0.000921,1.163902,0.16046,0.027133,0.080464,NORMAL
2025-08-22,225.7397,0.000921,1.163561,0.136549,0.029029,0.072037,NORMAL
2025-08-22,225.7397,0.0,1.16322,0.097165,0.031209,0.057592,NORMAL
2025-08-22,225.7397,0.0,1.16288,0.085435,0.032559,0.053709,NORMAL
2025-08-22,225.7397,0.0,1.162539,0.07715,0.0326,0.05042,NORMAL
2025-08-22,225.7397,0.0,1.162199,0.113426,0.034923,0.066324,NORMAL
2025-08-25,225.8411,0.000449,0.847283,0.119709,0.041947,0.073051,NORMAL
2025-08-25,225.8411,0.0,0.846864,0.107249,0.041447,0.067768,NORMAL
2025-08-25,226.0491,0.000921,0.846445,0.116856,0.038148,0.069631,NORMAL
2025-08-25,226.0491,0.0,0.846027,0.101535,0.036172,0.062317,NORMAL
2025-08-25,225.8411,-0.000921,0.845609,0.121643,0.034127,0.069134,NORMAL
2025-08-25,226.0491,0.000921,0.845192,0.115266,0.035592,0.067462,NORMAL
2025-08-25,226.0491,0.0,0.844775,0.099491,0.036867,0.061917,NORMAL
2025-08-25,226.0491,0.0,0.844358,0.099491,0.034967,0.060777,NORMAL
2025-08-25,226.0491,0.0,0.843942,0.099885,0.028171,0.056857,NORMAL
2025-08-25,226.0491,0.0,0.843526,0.097626,0.02202,0.052263,NORMAL
2025-08-26,226.23,0.0008,1.461755,0.200655,0.054006,0.112666,NORMAL
2025-08-26,226.23,0.0,1.438451,0.183316,0.072998,0.117125,NORMAL
2025-08-26,226.23,0.0,1.415878,0.171008,0.080372,0.116626,NORMAL
2025-08-26,226.4384,0.000921,1.394003,0.189008,0.08241,0.125049,NORMAL
2025-08-26,226.4384,0.0,1.372794,0.150515,0.087961,0.112983,NORMAL
2025-08-26,226.4384,0.0,1.35222,0.145206,0.105121,0.121155,NORMAL
2025-08-26,226.4384,0.0,1.332253,0.145206,0.129164,0.135581,NORMAL
2025-08-26,226.4384,0.0,1.312868,0.129981,0.137395,0.134429,NORMAL
2025-08-26,226.4384,0.0,1.294039,0.123398,0.122383,0.122789,NORMAL
2025-08-26,226.4384,0.0,1.275742,0.115791,0.097858,0.105031,NORMAL
2025-08-27,228.1751,0.00764,0.730483,0.321749,0.096483,0.186589,NORMAL
2025-08-27,227.9651,-0.000921,0.730247,0.160201,0.085123,0.115154,NORMAL
2025-08-27,227.9651,0.0,0.730011,0.108895,0.07239,0.086992,NORMAL
2025-08-27,228.1751,0.000921,0.729776,0.132345,0.062971,0.09072,NORMAL
2025-08-27,227.9651,-0.000921,0.729541,0.139752,0.057539,0.090424,NORMAL
2025-08-27,228.1751,0.000921,0.729305,0.126506,0.057011,0.084809,NORMAL
2025-08-27,228.1751,0.0,0.72907,0.103193,0.056232,0.075016,NORMAL
2025-08-27,228.1751,0.0,0.728835,0.102956,0.052056,0.072416,NORMAL
2025-08-27,228.1751,0.0,0.728601,0.09944,0.044573,0.06652,NORMAL
2025-08-27,228.1751,0.0,0.728366,0.097209,0.036283,0.060654,NORMAL
2025-08-28,230.1688,0.0087,0.904553,0.260055,0.040633,0.128402,NORMAL
2025-08-28,230.1688,0.0,0.922637,0.068784,0.042342,0.052919,NORMAL
2025-08-28,230.1688,0.0,0.941459,0.055357,0.042525,0.047658,NORMAL
2025-08-28,230.3809,0.000921,0.961064,0.085049,0.042847,0.059728,NORMAL
2025-08-28,230.3809,0.0,0.981504,0.060344,0.044378,0.050764,NORMAL
2025-08-28,230.3809,0.0,1.002832,0.054277,0.04877,0.050973,NORMAL
2025-08-28,230.3809,0.0,1.025107,0.057528,0.054361,0.055628,NORMAL
2025-08-28,230.3809,0.0,1.048395,0.044966,0.055971,0.051569,NORMAL
2025-08-28,230.3809,0.0,1.072765,0.047162,0.046837,0.046967,NORMAL
2025-08-28,230.3809,0.0,1.098295,0.050201,0.034625,0.040856,NORMAL
2025-08-29,232.0677,0.007295,1.12383,0.258255,0.031268,0.122063,NORMAL
2025-08-29,231.8541,-0.000921,1.11091,0.091696,0.02965,0.054468,NORMAL
2025-08-29,231.8541,0.0,1.098283,0.050422,0.029724,0.038003,NORMAL
2025-08-29,231.8541,0.0,1.08594,0.048451,0.031512,0.038287,NORMAL
2025-08-29,232.0677,0.000921,1.073871,0.062386,0.036778,0.047021,NORMAL
2025-08-29,232.0677,0.0,1.062068,0.033354,0.045778,0.040809,NORMAL
2025-08-29,232.0677,0.0,1.050521,0.026578,0.053919,0.042983,NORMAL
2025-08-29,232.0677,0.0,1.039223,0.029841,0.051396,0.042774,NORMAL
2025-08-29,232.0677,0.0,1.028165,0.037592,0.033176,0.034943,NORMAL
2025-08-29,232.0677,0.0,1.01734,0.038809,0.012149,0.022813,NORMAL
2025-09-02,228.8139,-0.01412,1.128795,0.359132,0.019251,0.155203,NORMAL
2025-09-02,228.6033,-0.000921,1.120187,0.164012,0.019107,0.077069,NORMAL
2025-09-02,228.6033,0.0,1.11171,0.118679,0.015791,0.056946,NORMAL
2025-09-02,228.6033,0.0,1.103359,0.114715,0.013288,0.053858,NORMAL
2025-09-02,228.8139,0.000921,1.095134,0.117162,0.013524,0.05498,NORMAL
2025-09-02,228.8139,0.0,1.08703,0.093302,0.015394,0.046557,NORMAL
2025-09-02,228.8139,0.0,1.079045,0.088406,0.018053,0.046194,NORMAL
2025-09-02,228.8139,0.0,1.071176,0.09072,0.020163,0.048386,NORMAL
2025-09-02,228.8139,0.0,1.063422,0.088279,0.020002,0.047313,NORMAL
2025-09-02,228.8139,0.0,1.055779,0.089972,0.016362,0.045806,NORMAL
2025-09-03,236.5408,0.033212,1.541339,0.677331,0.064824,0.309827,NORMAL
2025-09-03,236.5408,0.0,1.494508,0.285103,0.086136,0.165723,NORMAL
2025-09-03,236.5408,0.0,1.450439,0.250368,0.087924,0.152902,NORMAL
2025-09-03,236.7587,0.000921,1.408895,0.264804,0.085952,0.157492,NORMAL
2025-09-03,236.7587,0.0,1.369664,0.212051,0.089146,0.138308,NORMAL
2025-09-03,236.7587,0.0,1.332558,0.212752,0.093417,0.141151,NORMAL
2025-09-03,236.7587,0.0,1.297411,0.207294,0.092961,0.138694,NORMAL
2025-09-03,236.7587,0.0,1.264069,0.214637,0.0891,0.139315,NORMAL
2025-09-03,236.7587,0.0,1.232399,0.221462,0.087673,0.141189,NORMAL
2025-09-03,236.7587,0.0,1.202276,0.226045,0.0901,0.144478,NORMAL
2025-09-04,237.7773,0.004293,0.857899,0.280712,0.092256,0.167638,NORMAL
2025-09-04,237.7773,0.0,0.855219,0.192728,0.090655,0.131484,NORMAL
2025-09-04,237.7773,0.0,0.852556,0.183825,0.085511,0.124837,NORMAL
2025-09-04,237.9964,0.000921,0.849909,0.212847,0.083482,0.135228,NORMAL
2025-09-04,237.9964,0.0,0.847279,0.178862,0.088871,0.124868,NORMAL
2025-09-04,237.9964,0.0,0.844664,0.16724,0.096496,0.124793,NORMAL
2025-09-04,237.9964,0.0,0.842066,0.153429,0.101278,0.122138,NORMAL
2025-09-04,237.9964,0.0,0.839484,0.131275,0.101846,0.113618,NORMAL
2025-09-04,237.9964,0.0,0.836918,0.093054,0.097952,0.095993,NORMAL
2025-09-04,237.9964,0.0,0.834367,0.08349,0.093284,0.089367,NORMAL
2025-09-05,239.5434,0.006479,0.972694,0.260157,0.087852,0.156774,NORMAL
2025-09-05,239.5434,0.0,0.982762,0.093601,0.08192,0.086592,NORMAL
2025-09-05,239.5434,0.0,0.99304,0.085118,0.077012,0.080254,NORMAL
2025-09-05,239.5434,0.0,1.003535,0.072053,0.073475,0.072906,NORMAL
2025-09-05,239.5434,0.0,1.014254,0.070814,0.072147,0.071614,NORMAL
2025-09-05,239.5434,0.0,1.025205,0.07116,0.073084,0.072315,NORMAL
2025-09-05,239.5434,0.0,1.036395,0.072457,0.074737,0.073825,NORMAL
2025-09-05,239.3229,-0.000921,1.047832,0.063546,0.071579,0.068366,NORMAL
2025-09-05,239.3229,0.0,1.059524,0.04208,0.055563,0.05017,NORMAL
2025-09-05,239.3229,0.0,1.07148,0.045074,0.037407,0.040474,NORMAL
2025-09-08,238.6249,-0.002921,0.955484,0.117415,0.035909,0.068512,NORMAL
2025-09-08,238.6249,0.0,0.954135,0.047675,0.034687,0.039883,NORMAL
2025-09-08,238.8448,0.000921,0.952789,0.09324,0.034608,0.058061,NORMAL
2025-09-08,238.8448,0.0,0.951448,0.071807,0.035533,0.050043,NORMAL
2025-09-08,238.6249,-0.000921,0.95011,0.072355,0.036784,0.051013,NORMAL
2025-09-08,238.8448,0.000921,0.948777,0.095254,0.038406,0.061145,NORMAL
2025-09-08,238.8448,0.0,0.947446,0.072767,0.039085,0.052558,NORMAL
2025-09-08,238.8448,0.0,0.94612,0.076285,0.037152,0.052805,NORMAL
2025-09-08,238.8448,0.0,0.944797,0.07587,0.030123,0.048422,NORMAL
2025-09-08,238.8448,0.0,0.943478,0.075787,0.016065,0.039953,NORMAL
2025-09-09,236.3314,-0.010579,1.262951,0.366833,0.026117,0.162403,NORMAL
2025-09-09,236.3314,0.0,1.249336,0.198002,0.031604,0.098163,NORMAL
2025-09-09,236.5491,0.000921,1.236013,0.163566,0.033517,0.085536,NORMAL
2025-09-09,236.5491,0.0,1.22297,0.109019,0.03492,0.06456,NORMAL
2025-09-09,236.3314,-0.000921,1.2102,0.141866,0.037266,0.079106,NORMAL
2025-09-09,236.5491,0.000921,1.197694,0.122692,0.038085,0.071928,NORMAL
2025-09-09,236.5491,0.0,1.185443,0.089712,0.035533,0.057205,NORMAL
2025-09-09,236.5491,0.0,1.173441,0.085506,0.030995,0.052799,NORMAL
2025-09-09,236.5491,0.0,1.161679,0.081004,0.027551,0.048932,NORMAL
2025-09-09,236.5491,0.0,1.150151,0.070417,0.023556,0.042301,NORMAL
2025-09-10,231.7483,-0.020504,1.40523,0.600898,0.04038,0.264587,NORMAL
2025-09-10,231.7483,0.0,1.365625,0.381749,0.045406,0.179943,NORMAL
2025-09-10,231.7483,0.0,1.328191,0.331126,0.042294,0.157827,NORMAL
2025-09-10,231.7483,0.0,1.292755,0.276868,0.039506,0.134451,NORMAL
2025-09-10,231.7483,0.0,1.25916,0.250027,0.040376,0.124237,NORMAL
2025-09-10,231.7483,0.0,1.227267,0.22647,0.043222,0.116521,NORMAL
2025-09-10,231.535,-0.000921,1.19695,0.258033,0.045179,0.130321,NORMAL
2025-09-10,231.535,0.0,1.168095,0.216771,0.046773,0.114772,NORMAL
2025-09-10,231.535,0.0,1.140598,0.208445,0.045965,0.110957,NORMAL
2025-09-10,231.7483,0.000921,1.114366,0.178035,0.043947,0.097582,NORMAL
2025-09-11,226.4484,-0.023135,0.677834,0.637723,0.07237,0.298511,NORMAL
2025-09-11,226.24,-0.000921,0.685284,0.430736,0.093489,0.228388,NORMAL
2025-09-11,226.24,0.0,0.6929,0.370985,0.107191,0.212708,NORMAL
2025-09-11,226.4484,0.000921,0.700687,0.339612,0.114027,0.204261,NORMAL
2025-09-11,226.24,-0.000921,0.70865,0.338156,0.114631,0.204041,NORMAL
2025-09-11,226.4484,0.000921,0.716797,0.306462,0.111234,0.189325,NORMAL
2025-09-11,226.4484,0.0,0.725133,0.262549,0.105793,0.168495,NORMAL
2025-09-11,226.4484,0.0,0.733666,0.250294,0.100949,0.160687,NORMAL
2025-09-11,226.4484,0.0,0.742402,0.23397,0.098504,0.15269,NORMAL
2025-09-11,226.4484,0.0,0.751348,0.203135,0.100678,0.141661,NORMAL
2025-09-12,228.7839,0.010261,0.853009,0.373619,0.109327,0.215044,NORMAL
2025-09-12,228.7839,0.0,0.871395,0.16763,0.114351,0.135663,NORMAL
2025-09-12,228.7839,0.0,0.890591,0.156337,0.115801,0.132016,NORMAL
2025-09-12,228.7839,0.0,0.910652,0.154838,0.112391,0.12937,NORMAL
2025-09-12,228.7839,0.0,0.931637,0.127532,0.105805,0.114496,NORMAL
2025-09-12,228.7839,0.0,0.953612,0.114075,0.098409,0.104675,NORMAL
2025-09-12,228.7839,0.0,0.976649,0.102266,0.090925,0.095461,NORMAL
2025-09-12,228.5734,-0.000921,1.000827,0.110369,0.084221,0.09468,NORMAL
2025-09-12,228.5734,0.0,1.026232,0.085132,0.076132,0.079732,NORMAL
2025-09-12,228.5733,-0.0,1.052961,0.077372,0.072912,0.074696,NORMAL
2025-09-15,236.3314,0.033378,0.811146,0.632614,0.096338,0.310849,NORMAL
2025-09-15,236.3314,0.0,0.816973,0.319235,0.110574,0.194038,NORMAL
2025-09-15,236.3314,0.0,0.822884,0.271566,0.118171,0.179529,NORMAL
2025-09-15,236.5491,0.000921,0.828882,0.264516,0.121352,0.178617,NORMAL
2025-09-15,236.5491,0.0,0.834967,0.220967,0.120623,0.160761,NORMAL
2025-09-15,236.5491,0.0,0.841143,0.212425,0.117813,0.155658,NORMAL
2025-09-15,236.5491,0.0,0.84741,0.204103,0.113478,0.149728,NORMAL
2025-09-15,236.5491,0.0,0.853772,0.206978,0.107155,0.147084,NORMAL
2025-09-15,236.5491,0.0,0.86023,0.192252,0.096416,0.13475,NORMAL
2025-09-15,236.5491,0.0,0.866786,0.178647,0.087919,0.12421,NORMAL
2025-09-16,236.7288,0.000759,1.277577,0.270428,0.10059,0.168525,NORMAL
2025-09-16,236.5109,-0.000921,1.267876,0.280128,0.108358,0.177066,NORMAL
2025-09-16,236.5109,0.0,1.258321,0.218347,0.111281,0.154107,NORMAL
2025-09-16,236.5109,0.0,1.248908,0.217815,0.111575,0.154071,NORMAL
2025-09-16,236.7288,0.000921,1.239636,0.230544,0.108936,0.157579,NORMAL
2025-09-16,236.7288,0.0,1.2305,0.203397,0.106397,0.145197,NORMAL
2025-09-16,236.7288,0.0,1.221498,0.177525,0.103408,0.133055,NORMAL
2025-09-16,236.7288,0.0,1.212626,0.139148,0.099456,0.115333,NORMAL
2025-09-16,236.7288,0.0,1.203883,0.081957,0.094085,0.089234,NORMAL
2025-09-16,236.7288,0.0,1.195265,0.098267,0.09158,0.094255,NORMAL
2025-09-17,238.2958,0.006598,0.873378,0.278501,0.096036,0.169022,NORMAL
2025-09-17,238.2958,0.0,0.870266,0.112653,0.096553,0.102993,NORMAL
2025-09-17,238.2958,0.0,0.867176,0.093634,0.095758,0.094908,NORMAL
2025-09-17,238.5154,0.000921,0.864108,0.108428,0.095656,0.100765,NORMAL
2025-09-17,238.5154,0.0,0.861061,0.089101,0.096137,0.093323,NORMAL
2025-09-17,238.5154,0.0,0.858036,0.0784,0.095593,0.088716,NORMAL
2025-09-17,238.5154,0.0,0.855032,0.075534,0.092897,0.085951,NORMAL
2025-09-17,238.5154,0.0,0.852049,0.077166,0.0873,0.083246,NORMAL
2025-09-17,238.5154,0.0,0.849087,0.078698,0.078407,0.078523,NORMAL
2025-09-17,238.5154,0.0,0.846145,0.077352,0.06046,0.067217,NORMAL
2025-09-18,239.5135,0.004176,0.819346,0.207169,0.051662,0.113865,NORMAL
2025-09-18,239.293,-0.000921,0.834152,0.092386,0.04578,0.064422,NORMAL
2025-09-18,239.293,0.0,0.849503,0.049105,0.04305,0.045472,NORMAL
2025-09-18,239.293,0.0,0.865429,0.043048,0.042535,0.04274,NORMAL
2025-09-18,239.5135,0.000921,0.881964,0.066356,0.043377,0.052569,NORMAL
2025-09-18,239.5135,0.0,0.899143,0.042374,0.044192,0.043465,NORMAL
2025-09-18,239.5135,0.0,0.917004,0.043879,0.043827,0.043848,NORMAL
2025-09-18,239.5135,0.0,0.93559,0.046437,0.041382,0.043404,NORMAL
2025-09-18,239.5135,0.0,0.954944,0.047638,0.034638,0.039838,NORMAL
2025-09-18,239.5135,0.0,0.975116,0.048017,0.030459,0.037483,NORMAL
2025-09-19,240.5495,0.004316,3.195547,0.52489,0.445584,0.477307,LOW
2025-09-19,240.5495,0.0,2.867517,0.40038,0.656138,0.553835,MEDIUM
2025-09-19,240.5495,0.0,2.600563,0.397919,0.580082,0.507217,LOW
2025-09-19,240.7711,0.000921,2.37908,0.421998,0.371513,0.391707,NORMAL
2025-09-19,240.7711,0.0,2.192363,0.377884,0.285233,0.322293,NORMAL
2025-09-19,240.7711,0.0,2.032821,0.365761,0.336182,0.348013,NORMAL
2025-09-19,240.7711,0.0,1.894925,0.344885,0.367429,0.358411,NORMAL
2025-09-19,240.7711,0.0,1.774548,0.324362,0.347526,0.33826,NORMAL
2025-09-19,240.7711,0.0,1.668552,0.281596,0.310672,0.299042,NORMAL
2025-09-19,240.7711,0.0,1.574504,0.239021,0.311969,0.28279,NORMAL
2025-09-22,247.5995,0.027966,0.985602,0.607803,0.381575,0.472066,LOW
2025-09-22,247.5995,0.0,0.958184,0.275167,0.490203,0.404189,LOW
2025-09-22,247.8276,0.000921,0.932251,0.275858,0.601098,0.471002,LOW
2025-09-22,247.8276,0.0,0.907684,0.215677,0.680812,0.494758,LOW
2025-09-22,247.5995,-0.000921,0.884379,0.208674,0.715404,0.512712,LOW
2025-09-22,247.8276,0.000921,0.862241,0.203637,0.711463,0.508333,LOW
2025-09-22,247.8276,0.0,0.841184,0.189473,0.67475,0.480639,LOW
2025-09-22,247.8276,0.0,0.821131,0.205168,0.614711,0.450893,LOW
2025-09-22,247.8276,0.0,0.802011,0.209118,0.550068,0.413688,LOW
2025-09-22,247.8276,0.0,0.783762,0.215424,0.501688,0.387183,NORMAL
2025-09-23,255.1582,0.02915,0.465604,0.801527,0.501517,0.621521,MEDIUM
2025-09-23,255.1581,-0.0,0.484984,0.495462,0.50924,0.503729,LOW
2025-09-23,255.3932,0.000921,0.506049,0.516059,0.514386,0.515055,LOW
2025-09-23,255.3932,0.0,0.529026,0.473282,0.517366,0.499732,LOW
2025-09-23,255.1581,-0.000921,0.554189,0.449222,0.520485,0.49198,LOW
2025-09-23,255.3932,0.000921,0.581866,0.454932,0.527903,0.498715,LOW
2025-09-23,255.3932,0.0,0.612452,0.406176,0.539871,0.486393,LOW
2025-09-23,255.3932,0.0,0.646432,0.388446,0.549153,0.48487,LOW
2025-09-23,255.3932,0.0,0.684404,0.313755,0.543606,0.451666,LOW
2025-09-23,255.3932,0.0,0.727116,0.253835,0.606082,0.465183,LOW
2025-09-24,254.5,-0.003503,0.53055,0.415786,0.425244,0.421461,LOW
2025-09-24,254.5,0.0,0.552448,0.336025,0.299926,0.314365,NORMAL
2025-09-24,254.5,0.0,0.576233,0.326137,0.219077,0.261901,NORMAL
2025-09-24,254.7345,0.000921,0.602157,0.34393,0.177625,0.244147,NORMAL
2025-09-24,254.7345,0.0,0.630524,0.289297,0.161193,0.212435,NORMAL
2025-09-24,254.7345,0.0,0.661696,0.274356,0.152489,0.201236,NORMAL
2025-09-24,254.7345,0.0,0.696111,0.236873,0.146164,0.182448,NORMAL
2025-09-24,254.7345,0.0,0.734301,0.199149,0.144617,0.16643,NORMAL
2025-09-24,254.7345,0.0,0.776926,0.165661,0.128985,0.143656,NORMAL
2025-09-24,254.7345,0.0,0.824803,0.152754,0.092989,0.116895,NORMAL
2025-09-25,252.7283,-0.007907,1.081635,0.316389,0.090088,0.180609,NORMAL
2025-09-25,252.4957,-0.000921,1.087038,0.211409,0.090285,0.138734,NORMAL
2025-09-25,252.4957,0.0,1.092495,0.147703,0.089515,0.11279,NORMAL
2025-09-25,252.4957,0.0,1.098007,0.128163,0.08762,0.103837,NORMAL
2025-09-25,252.7283,0.000921,1.103575,0.140722,0.086366,0.108108,NORMAL
2025-09-25,252.7283,0.0,1.109199,0.10293,0.083595,0.091329,NORMAL
2025-09-25,252.7283,0.0,1.114882,0.098417,0.081811,0.088454,NORMAL
2025-09-25,252.7283,0.0,1.120623,0.095416,0.081355,0.08698,NORMAL
2025-09-25,252.7283,0.0,1.126423,0.094432,0.081787,0.086845,NORMAL
2025-09-25,252.7283,0.0,1.132283,0.099058,0.083402,0.089664,NORMAL
2025-09-26,253.6166,0.003509,0.941456,0.21064,0.069212,0.125783,NORMAL
2025-09-26,253.6166,0.0,0.937841,0.115222,0.059046,0.081516,NORMAL
2025-09-26,253.6166,0.0,0.934254,0.11553,0.050821,0.076705,NORMAL
2025-09-26,253.6166,0.0,0.930695,0.109897,0.044901,0.070899,NORMAL
2025-09-26,253.6166,0.0,0.927162,0.10957,0.041332,0.068627,NORMAL
2025-09-26,253.6166,0.0,0.923656,0.111087,0.038786,0.067706,NORMAL
2025-09-26,253.6166,0.0,0.920177,0.110439,0.036556,0.066109,NORMAL
2025-09-26,253.3832,-0.000921,0.916723,0.145788,0.03487,0.079237,NORMAL
2025-09-26,253.3832,0.0,0.913296,0.118781,0.032693,0.067128,NORMAL
2025-09-26,253.3832,0.0,0.909894,0.125766,0.033991,0.070701,NORMAL
2025-09-29,253.8419,0.001809,0.804396,0.197785,0.037635,0.101695,NORMAL
2025-09-29,253.8419,0.0,0.816736,0.129753,0.041196,0.076619,NORMAL
2025-09-29,253.8419,0.0,0.829461,0.126918,0.043826,0.077063,NORMAL
2025-09-29,254.0757,0.000921,0.842588,0.146963,0.044937,0.085747,NORMAL
2025-09-29,254.0757,0.0,0.856138,0.108061,0.043912,0.069572,NORMAL
2025-09-29,254.0757,0.0,0.87013,0.105692,0.040525,0.066592,NORMAL
2025-09-29,254.0757,0.0,0.884588,0.106936,0.035143,0.06386,NORMAL
2025-09-29,254.0757,0.0,0.899534,0.10977,0.028017,0.060718,NORMAL
2025-09-29,254.0757,0.0,0.914994,0.112352,0.019305,0.056524,NORMAL
2025-09-29,254.0757,0.0,0.930994,0.114031,0.008442,0.050678,NORMAL
2025-09-30,254.3752,0.001178,0.883348,0.165351,0.008741,0.071385,NORMAL
2025-09-30,254.141,-0.000921,0.892097,0.147148,0.009407,0.064504,NORMAL
2025-09-30,254.141,0.0,0.901021,0.125993,0.009881,0.056326,NORMAL
2025-09-30,254.141,0.0,0.910125,0.125155,0.00988,0.05599,NORMAL
2025-09-30,254.3752,0.000921,0.919415,0.150695,0.00974,0.066122,NORMAL
2025-09-30,254.3752,0.0,0.928897,0.120902,0.00954,0.054085,NORMAL
2025-09-30,254.3752,0.0,0.938576,0.117542,0.009123,0.05249,NORMAL
2025-09-30,254.3752,0.0,0.948459,0.111239,0.007964,0.049274,NORMAL
2025-09-30,254.3752,0.0,0.958553,0.114922,0.005346,0.049176,NORMAL
2025-09-30,254.3752,0.0,0.968864,0.127431,0.001777,0.052039,NORMAL
2025-10-01,254.3205,-0.000215,1.238112,0.178078,0.006032,0.07485,NORMAL
2025-10-01,254.3205,0.0,1.224748,0.156044,0.007141,0.066702,NORMAL
2025-10-01,254.3205,0.0,1.21167,0.152547,0.006738,0.065062,NORMAL
2025-10-01,254.5548,0.000921,1.198868,0.168926,0.006214,0.071299,NORMAL
2025-10-01,254.5548,0.0,1.186334,0.136479,0.006096,0.058249,NORMAL
2025-10-01,254.5548,0.0,1.174059,0.12677,0.006416,0.054558,NORMAL
2025-10-01,254.5548,0.0,1.162036,0.127417,0.007033,0.055187,NORMAL
2025-10-01,254.5548,0.0,1.150256,0.12313,0.00781,0.053938,NORMAL
2025-10-01,254.5548,0.0,1.138713,0.12313,0.008664,0.05445,NORMAL
2025-10-01,254.5548,0.0,1.127399,0.124035,0.010176,0.05572,NORMAL
2025-10-02,255.8561,0.005099,0.981011,0.303091,0.012311,0.128623,NORMAL
2025-10-02,255.8561,0.0,0.975482,0.165582,0.012882,0.073962,NORMAL
2025-10-02,255.8561,0.0,0.970015,0.153088,0.012542,0.068761,NORMAL
2025-10-02,256.0919,0.000921,0.964609,0.176855,0.011798,0.077821,NORMAL
2025-10-02,256.0919,0.0,0.959263,0.146919,0.011133,0.065448,NORMAL
2025-10-02,256.0919,0.0,0.953976,0.141014,0.010798,0.062884,NORMAL
2025-10-02,256.0919,0.0,0.948747,0.135515,0.010811,0.060693,NORMAL
2025-10-02,256.0919,0.0,0.943575,0.133739,0.01098,0.060084,NORMAL
2025-10-02,256.0919,0.0,0.938459,0.133691,0.01107,0.060119,NORMAL
2025-10-02,256.0919,0.0,0.933398,0.133406,0.011226,0.060098,NORMAL
2025-10-03,253.9515,-0.008393,1.075753,0.269132,0.020352,0.119864,NORMAL
2025-10-03,253.9515,0.0,1.075233,0.127216,0.025147,0.065975,NORMAL
2025-10-03,253.9515,0.0,1.074714,0.127535,0.025666,0.066413,NORMAL
2025-10-03,254.1855,0.000921,1.074195,0.133002,0.024306,0.067785,NORMAL
2025-10-03,254.1855,0.0,1.073677,0.097215,0.023423,0.05294,NORMAL
2025-10-03,254.1855,0.0,1.07316,0.097215,0.02342,0.052938,NORMAL
2025-10-03,254.1855,0.0,1.072642,0.096155,0.023858,0.052777,NORMAL
2025-10-03,254.1855,0.0,1.072126,0.094905,0.023727,0.052198,NORMAL
2025-10-03,254.1855,0.0,1.071609,0.092963,0.022163,0.050483,NORMAL
2025-10-03,254.1855,0.0,1.071094,0.095889,0.020211,0.050482,NORMAL
2025-10-06,257.2622,0.012031,0.971073,0.352742,0.028664,0.158295,NORMAL
2025-10-06,257.2622,0.0,0.96893,0.093751,0.031785,0.056571,NORMAL
2025-10-06,257.4992,0.000921,0.966798,0.121952,0.032011,0.067987,NORMAL
2025-10-06,257.4992,0.0,0.964674,0.090446,0.030055,0.054211,NORMAL
2025-10-06,257.2622,-0.000921,0.96256,0.131526,0.027365,0.069029,NORMAL
2025-10-06,257.4992,0.000921,0.960455,0.120543,0.024849,0.063127,NORMAL
2025-10-06,257.4992,0.0,0.958359,0.094569,0.022668,0.051428,NORMAL
2025-10-06,257.4992,0.0,0.956272,0.093824,0.020584,0.04988,NORMAL
2025-10-06,257.4992,0.0,0.954195,0.09582,0.018122,0.049201,NORMAL
2025-10-06,257.4992,0.0,0.952126,0.091893,0.015108,0.045822,NORMAL
2025-10-07,256.0855,-0.005505,0.693939,0.295953,0.026102,0.134042,NORMAL
2025-10-07,256.0855,0.0,0.707145,0.184192,0.033353,0.093689,NORMAL
2025-10-07,256.3214,0.000921,0.720864,0.207396,0.036069,0.1046,NORMAL
2025-10-07,256.3215,0.0,0.735125,0.172873,0.036852,0.09126,NORMAL
2025-10-07,256.0855,-0.000921,0.749962,0.181518,0.03742,0.095059,NORMAL
2025-10-07,256.3215,0.000921,0.76541,0.20007,0.038634,0.103208,NORMAL
2025-10-07,256.3215,0.0,0.781508,0.163895,0.039501,0.089259,NORMAL
2025-10-07,256.3215,0.0,0.798298,0.161077,0.037225,0.086766,NORMAL
2025-10-07,256.3214,-0.0,0.815825,0.150536,0.029127,0.077691,NORMAL
2025-10-07,256.3215,0.0,0.834138,0.149274,0.017072,0.069953,NORMAL
2025-10-08,255.7963,-0.002051,0.962938,0.17418,0.01774,0.080316,NORMAL
2025-10-08,255.7963,0.0,0.973426,0.122831,0.017502,0.059633,NORMAL
2025-10-08,255.7963,0.0,0.984145,0.122789,0.01653,0.059034,NORMAL
2025-10-08,256.032,0.000921,0.995103,0.151178,0.015713,0.069899,NORMAL
2025-10-08,256.032,0.0,1.006307,0.114842,0.015821,0.05543,NORMAL
2025-10-08,256.032,0.0,1.017767,0.117138,0.01687,0.056977,NORMAL
2025-10-08,256.032,0.0,1.02949,0.123603,0.018225,0.060376,NORMAL
2025-10-08,256.032,0.0,1.041487,0.120321,0.018759,0.059384,NORMAL
2025-10-08,256.032,0.0,1.053767,0.123782,0.017354,0.059925,NORMAL
2025-10-08,256.032,0.0,1.066339,0.142434,0.013422,0.065027,NORMAL
2025-10-09,257.0827,0.004095,1.109347,0.229376,0.014389,0.100384,NORMAL
2025-10-09,257.0827,0.0,1.099218,0.119186,0.014331,0.056273,NORMAL
2025-10-09,257.0827,0.0,1.089272,0.112457,0.013671,0.053185,NORMAL
2025-10-09,257.3195,0.000921,1.079505,0.141956,0.013068,0.064623,NORMAL
2025-10-09,257.3195,0.0,1.069912,0.107661,0.01297,0.050846,NORMAL
2025-10-09,257.3195,0.0,1.060488,0.100438,0.013662,0.048373,NORMAL
2025-10-09,257.3195,0.0,1.051228,0.094003,0.01417,0.046103,NORMAL
2025-10-09,257.3195,0.0,1.042128,0.092432,0.013098,0.044832,NORMAL
2025-10-09,257.3195,0.0,1.033185,0.094384,0.009732,0.043593,NORMAL
2025-10-09,257.3195,0.0,1.024394,0.099653,0.008683,0.045071,NORMAL
2025-10-10,254.455,-0.011195,1.602683,0.521334,0.039033,0.231953,NORMAL
2025-10-10,254.455,0.0,1.551542,0.323306,0.041875,0.154447,NORMAL
2025-10-10,254.455,0.0,1.503563,0.287498,0.037795,0.137676,NORMAL
2025-10-10,254.455,0.0,1.458463,0.261143,0.04092,0.129009,NORMAL
2025-10-10,254.455,0.0,1.415989,0.247827,0.043506,0.125234,NORMAL
2025-10-10,254.455,0.0,1.37592,0.218545,0.041272,0.112181,NORMAL
2025-10-10,254.455,0.0,1.338056,0.200808,0.039165,0.103822,NORMAL
2025-10-10,254.2208,-0.000921,1.302219,0.217498,0.039121,0.110472,NORMAL
2025-10-10,254.2208,0.0,1.268253,0.176031,0.040407,0.094657,NORMAL
2025-10-10,254.2208,0.0,1.236013,0.172637,0.042193,0.094371,NORMAL
2025-10-13,248.6765,-0.02205,0.760552,0.606146,0.070372,0.284682,NORMAL
2025-10-13,248.6765,0.0,0.760688,0.36722,0.091907,0.202032,NORMAL
2025-10-13,248.6765,0.0,0.760824,0.331758,0.105076,0.195749,NORMAL
2025-10-13,248.9056,0.000921,0.76096,0.298278,0.105972,0.182894,NORMAL
2025-10-13,248.9056,0.0,0.761096,0.259985,0.09749,0.162488,NORMAL
2025-10-13,248.9056,0.0,0.761232,0.256113,0.085436,0.153707,NORMAL
2025-10-13,248.9056,0.0,0.761368,0.25638,0.074381,0.14718,NORMAL
2025-10-13,248.9056,0.0,0.761504,0.24785,0.066655,0.139133,NORMAL
2025-10-13,248.9056,0.0,0.76164,0.232764,0.062853,0.130818,NORMAL
2025-10-13,248.9056,0.0,0.761776,0.226598,0.062154,0.127931,NORMAL
2025-10-14,246.1309,-0.01121,0.727829,0.463645,0.064008,0.223863,NORMAL
2025-10-14,245.9043,-0.000921,0.748183,0.327004,0.065,0.169802,NORMAL
2025-10-14,245.9043,0.0,0.769707,0.279491,0.064891,0.150731,NORMAL
2025-10-14,245.9043,0.0,0.792507,0.272894,0.06397,0.14754,NORMAL
2025-10-14,246.1309,0.000921,0.816699,0.220634,0.062687,0.125866,NORMAL
2025-10-14,246.1309,0.0,0.842414,0.165081,0.061527,0.102948,NORMAL
2025-10-14,246.1309,0.0,0.869802,0.157682,0.060241,0.099218,NORMAL
2025-10-14,246.1309,0.0,0.899029,0.133849,0.056779,0.087607,NORMAL
2025-10-14,246.1309,0.0,0.93029,0.113386,0.047652,0.073946,NORMAL
2025-10-14,246.1309,0.0,0.963802,0.087481,0.044415,0.061641,NORMAL
2025-10-15,248.7862,0.01073,0.926106,0.303348,0.050667,0.151739,NORMAL
2025-10-15,248.7862,0.0,0.931513,0.091239,0.054648,0.069285,NORMAL
2025-10-15,248.7862,0.0,0.936985,0.09035,0.056148,0.069829,NORMAL
2025-10-15,249.0154,0.000921,0.942521,0.110947,0.056077,0.078025,NORMAL
2025-10-15,249.0154,0.0,0.948122,0.086398,0.055238,0.067702,NORMAL
2025-10-15,249.0154,0.0,0.953791,0.087705,0.054571,0.067824,NORMAL
2025-10-15,249.0154,0.0,0.959528,0.089943,0.053456,0.068051,NORMAL
2025-10-15,249.0154,0.0,0.965335,0.090626,0.048511,0.065357,NORMAL
2025-10-15,249.0154,0.0,0.971212,0.091933,0.037088,0.059026,NORMAL
2025-10-15,249.0154,0.0,0.977161,0.087866,0.030032,0.053165,NORMAL
2025-10-16,247.7777,-0.004983,1.139718,0.211761,0.03741,0.10715,NORMAL
2025-10-16,247.5497,-0.000921,1.132741,0.122295,0.043363,0.074936,NORMAL
2025-10-16,247.5497,0.0,1.12585,0.092059,0.044421,0.063476,NORMAL
2025-10-16,247.5497,0.0,1.119041,0.089643,0.042902,0.061598,NORMAL
2025-10-16,247.7777,0.000921,1.112315,0.12383,0.040081,0.073581,NORMAL
2025-10-16,247.7777,0.0,1.105669,0.085779,0.038007,0.057115,NORMAL
2025-10-16,247.7777,0.0,1.099102,0.082122,0.036407,0.054693,NORMAL
2025-10-16,247.7777,0.0,1.092613,0.081184,0.033884,0.052804,NORMAL
2025-10-16,247.7777,0.0,1.086199,0.08719,0.029145,0.052363,NORMAL
2025-10-16,247.7777,0.0,1.079861,0.085998,0.024231,0.048938,NORMAL
2025-10-17,247.3203,-0.001848,1.307172,0.192144,0.026253,0.09261,NORMAL
2025-10-17,247.3203,0.0,1.281183,0.136225,0.027192,0.070805,NORMAL
2025-10-17,247.3203,0.0,1.256208,0.126154,0.027643,0.067047,NORMAL
2025-10-17,247.5482,0.000921,1.232187,0.145932,0.027329,0.07477,NORMAL
2025-10-17,247.5482,0.0,1.209068,0.106041,0.028471,0.059499,NORMAL
2025-10-17,247.5482,0.0,1.186801,0.109133,0.030101,0.061714,NORMAL
2025-10-17,247.5482,0.0,1.165339,0.10401,0.030586,0.059955,NORMAL
2025-10-17,247.5482,0.0,1.14464,0.096033,0.028032,0.055232,NORMAL
2025-10-17,247.5482,0.0,1.124663,0.101586,0.022484,0.054125,NORMAL
2025-10-17,247.5482,0.0,1.105371,0.117275,0.015761,0.056367,NORMAL
2025-10-20,255.1681,0.030317,1.925281,0.813113,0.092072,0.380488,NORMAL
2025-10-20,255.1681,0.0,1.826736,0.475818,0.117855,0.26104,NORMAL
2025-10-20,255.4032,0.000921,1.737789,0.478162,0.117452,0.261736,NORMAL
2025-10-20,255.4032,0.0,1.657101,0.385033,0.109228,0.21955,NORMAL
2025-10-20,255.1681,-0.000921,1.583573,0.362628,0.108389,0.210085,NORMAL
2025-10-20,255.4032,0.000921,1.516294,0.345584,0.116285,0.208004,NORMAL
2025-10-20,255.4032,0.0,1.454498,0.298048,0.126064,0.194858,NORMAL
2025-10-20,255.4032,0.0,1.397542,0.296287,0.129944,0.196481,NORMAL
2025-10-20,255.4032,0.0,1.344878,0.280582,0.124853,0.187145,NORMAL
2025-10-20,255.4032,0.0,1.29604,0.257879,0.11557,0.172493,NORMAL
2025-10-21,261.1412,0.022218,0.670028,0.665667,0.157196,0.360584,NORMAL
2025-10-21,261.1412,0.0,0.671208,0.391512,0.184116,0.267074,NORMAL
2025-10-21,261.3818,0.000921,0.672393,0.422001,0.203266,0.29076,NORMAL
2025-10-21,261.3818,0.0,0.673582,0.378129,0.216802,0.281332,NORMAL
2025-10-21,261.1412,-0.000921,0.674775,0.397453,0.223627,0.293157,NORMAL
2025-10-21,261.3818,0.000921,0.675972,0.400752,0.226268,0.296062,NORMAL
2025-10-21,261.3818,0.0,0.677173,0.333347,0.225252,0.26849,NORMAL
2025-10-21,261.3818,0.0,0.678379,0.300677,0.222472,0.253754,NORMAL
2025-10-21,261.3818,0.0,0.679589,0.260012,0.219547,0.235733,NORMAL
2025-10-21,261.3818,0.0,0.680803,0.217147,0.217423,0.217313,NORMAL
2025-10-22,261.909,0.002015,0.678799,0.311298,0.196625,0.242494,NORMAL
2025-10-22,262.1503,0.000921,0.702895,0.254454,0.176359,0.207597,NORMAL
2025-10-22,262.1503,0.0,0.728765,0.215899,0.159041,0.181784,NORMAL
2025-10-22,262.1503,0.0,0.756612,0.209084,0.147724,0.172268,NORMAL
2025-10-22,262.1503,0.0,0.786671,0.202137,0.141292,0.16563,NORMAL
2025-10-22,262.1503,0.0,0.819218,0.1765,0.139236,0.154142,NORMAL
2025-10-22,262.1503,0.0,0.854573,0.149969,0.139816,0.143877,NORMAL
2025-10-22,262.1503,0.0,0.893119,0.141439,0.136042,0.138201,NORMAL
2025-10-22,261.909,-0.000921,0.935305,0.169309,0.116382,0.137553,NORMAL
2025-10-22,261.909,0.0,0.981675,0.129189,0.107472,0.116159,NORMAL
2025-10-23,259.2067,-0.010371,0.725331,0.410123,0.109394,0.229686,NORMAL
2025-10-23,259.4455,0.000921,0.736703,0.267111,0.111121,0.173517,NORMAL
2025-10-23,259.2067,-0.000921,0.748436,0.234526,0.112335,0.161211,NORMAL
2025-10-23,259.2067,0.0,0.76055,0.201094,0.113642,0.148623,NORMAL
2025-10-23,259.4455,0.000921,0.773062,0.199719,0.116678,0.149894,NORMAL
2025-10-23,259.4455,0.0,0.785992,0.16825,0.11565,0.13669,NORMAL
2025-10-23,259.4455,0.0,0.799363,0.156212,0.109702,0.128306,NORMAL
2025-10-23,259.4455,0.0,0.813196,0.150476,0.101059,0.120826,NORMAL
2025-10-23,259.4455,0.0,0.827517,0.138581,0.080948,0.104001,NORMAL
2025-10-23,259.4455,0.0,0.842351,0.13538,0.050121,0.084224,NORMAL
2025-10-24,260.4532,0.003877,0.992391,0.236617,0.044474,0.121331,NORMAL
2025-10-24,260.4531,-0.0,1.001171,0.134236,0.038179,0.076601,NORMAL
2025-10-24,260.4531,0.0,1.010109,0.130452,0.031613,0.071149,NORMAL
2025-10-24,260.6931,0.000921,1.019208,0.149581,0.025784,0.075303,NORMAL
2025-10-24,260.6931,0.0,1.028472,0.118471,0.022284,0.060759,NORMAL
2025-10-24,260.6931,0.0,1.037906,0.101826,0.021118,0.053402,NORMAL
2025-10-24,260.6931,0.0,1.047514,0.105243,0.023069,0.055939,NORMAL
2025-10-24,260.6931,0.0,1.057303,0.107908,0.027576,0.059709,NORMAL
2025-10-24,260.6931,0.0,1.067276,0.109328,0.033663,0.063929,NORMAL
2025-10-24,260.6931,0.0,1.077439,0.112453,0.039722,0.068815,NORMAL
2025-10-27,264.1327,0.013108,1.243063,0.496512,0.041585,0.223556,NORMAL
2025-10-27,264.1328,0.0,1.222524,0.206124,0.040853,0.106962,NORMAL
2025-10-27,264.3761,0.000921,1.202654,0.223459,0.038557,0.112518,NORMAL
2025-10-27,264.3761,0.0,1.183419,0.159779,0.035511,0.085218,NORMAL
2025-10-27,264.1328,-0.000921,1.164789,0.183234,0.032526,0.092809,NORMAL
2025-10-27,264.3761,0.000921,1.146737,0.164773,0.029995,0.083906,NORMAL
2025-10-27,264.3761,0.0,1.129236,0.126138,0.027677,0.067061,NORMAL
2025-10-27,264.3761,0.0,1.112261,0.126806,0.024309,0.065307,NORMAL
2025-10-27,264.3761,0.0,1.095789,0.125763,0.021877,0.063431,NORMAL
2025-10-27,264.3761,0.0,1.079797,0.130881,0.021324,0.065147,NORMAL
2025-10-28,268.2311,0.014476,0.995203,0.474836,0.025959,0.20551,NORMAL
2025-10-28,268.2311,0.0,0.991306,0.194015,0.029357,0.09522,NORMAL
2025-10-28,268.4783,0.000921,0.98744,0.215922,0.031913,0.105517,NORMAL
2025-10-28,268.4783,0.0,0.983604,0.180115,0.033271,0.092009,NORMAL
2025-10-28,268.2311,-0.000921,0.979797,0.192023,0.033438,0.096872,NORMAL
2025-10-28,268.4783,0.000921,0.97602,0.18326,0.032581,0.092853,NORMAL
2025-10-28,268.4783,0.0,0.972272,0.145372,0.030786,0.07662,NORMAL
2025-10-28,268.4783,0.0,0.968552,0.134786,0.028248,0.070863,NORMAL
2025-10-28,268.4783,0.0,0.964861,0.132049,0.0252,0.06794,NORMAL
2025-10-28,268.4783,0.0,0.961198,0.125781,0.021463,0.06319,NORMAL
2025-10-29,268.5203,0.000156,1.173829,0.145887,0.024067,0.072795,NORMAL
2025-10-29,268.5203,0.0,1.165529,0.142533,0.024724,0.071848,NORMAL
2025-10-29,268.5203,0.0,1.157345,0.142017,0.024063,0.071245,NORMAL
2025-10-29,268.7677,0.000921,1.149276,0.166522,0.022881,0.080338,NORMAL
2025-10-29,268.7677,0.0,1.141318,0.131222,0.022332,0.065888,NORMAL
2025-10-29,268.7677,0.0,1.13347,0.124999,0.022457,0.063474,NORMAL
2025-10-29,268.7677,0.0,1.125729,0.126234,0.022883,0.064224,NORMAL
2025-10-29,268.7677,0.0,1.118094,0.130679,0.02331,0.066258,NORMAL
2025-10-29,268.7677,0.0,1.110561,0.130223,0.024171,0.066592,NORMAL
2025-10-29,268.7677,0.0,1.103128,0.164384,0.029185,0.083264,NORMAL
2025-10-30,271.2227,0.009093,1.464256,0.557024,0.03935,0.246419,NORMAL
2025-10-30,271.2227,0.0,1.42202,0.345808,0.042422,0.163776,NORMAL
2025-10-30,271.2227,0.0,1.382153,0.296469,0.042389,0.144021,NORMAL
2025-10-30,271.4725,0.000921,1.34446,0.30865,0.041813,0.148548,NORMAL
2025-10-30,271.4725,0.0,1.308768,0.243213,0.042231,0.122624,NORMAL
2025-10-30,271.4725,0.0,1.274923,0.22027,0.042793,0.113784,NORMAL
2025-10-30,271.4725,0.0,1.242784,0.210561,0.043724,0.110459,NORMAL
2025-10-30,271.4725,0.0,1.212225,0.194782,0.044457,0.104587,NORMAL
2025-10-30,271.4725,0.0,1.183133,0.186238,0.044132,0.100975,NORMAL
2025-10-30,271.4725,0.0,1.155405,0.187057,0.04219,0.100136,NORMAL
2025-10-31,276.4631,0.018217,1.384419,0.700539,0.053746,0.312464,NORMAL
2025-10-31,276.4631,0.0,1.346474,0.388359,0.057066,0.189583,NORMAL
2025-10-31,276.4631,0.0,1.310553,0.336603,0.055637,0.168024,NORMAL
2025-10-31,276.4631,0.0,1.276499,0.309545,0.052506,0.155321,NORMAL
2025-10-31,276.4631,0.0,1.24417,0.299833,0.049719,0.149765,NORMAL
2025-10-31,276.4631,0.0,1.213438,0.282469,0.04729,0.141361,NORMAL
2025-10-31,276.4631,0.0,1.184188,0.274976,0.045881,0.137519,NORMAL
2025-10-31,276.2086,-0.000921,1.156314,0.271665,0.046195,0.136383,NORMAL
2025-10-31,276.2086,0.0,1.129723,0.225896,0.049422,0.120012,NORMAL
2025-10-31,276.2086,0.0,1.104327,0.221404,0.055717,0.121992,NORMAL
2025-11-03,269.6571,-0.024005,0.651521,0.578225,0.110125,0.297365,NORMAL
2025-11-03,269.6571,0.0,0.659955,0.342193,0.135424,0.218131,NORMAL
2025-11-03,269.9056,0.000921,0.66861,0.369754,0.136497,0.2298,NORMAL
2025-11-03,269.9056,0.0,0.677496,0.330772,0.122744,0.205955,NORMAL
2025-11-03,269.6571,-0.000921,0.686621,0.347521,0.105193,0.202124,NORMAL
2025-11-03,269.9056,0.000921,0.695995,0.35178,0.089903,0.194654,NORMAL
2025-11-03,269.9056,0.0,0.705628,0.313108,0.079691,0.173058,NORMAL
2025-11-03,269.9056,0.0,0.715532,0.311347,0.075168,0.169639,NORMAL
2025-11-03,269.9056,0.0,0.725718,0.304247,0.075526,0.167014,NORMAL
2025-11-03,269.9056,0.0,0.736198,0.305208,0.078804,0.169366,NORMAL
2025-11-04,267.573,-0.00868,0.742804,0.464516,0.073114,0.229675,NORMAL
2025-11-04,267.573,0.0,0.76405,0.301571,0.066856,0.160742,NORMAL
2025-11-04,267.8195,0.000921,0.786547,0.335166,0.059641,0.169851,NORMAL
2025-11-04,267.8195,0.0,0.810409,0.285974,0.0526,0.14595,NORMAL
2025-11-04,267.573,-0.000921,0.835764,0.304294,0.047336,0.150119,NORMAL
2025-11-04,267.8195,0.000921,0.862757,0.285307,0.043988,0.140515,NORMAL
2025-11-04,267.8195,0.0,0.891552,0.23087,0.041965,0.117527,NORMAL
2025-11-04,267.8195,0.0,0.922336,0.200709,0.039403,0.103925,NORMAL
2025-11-04,267.8195,0.0,0.955321,0.176805,0.034806,0.091606,NORMAL
2025-11-04,267.8195,0.0,0.990753,0.157166,0.035122,0.08394,NORMAL
2025-11-05,267.8522,0.000122,0.88411,0.17593,0.033468,0.090453,NORMAL
2025-11-05,268.099,0.000921,0.889974,0.187023,0.034362,0.095426,NORMAL
2025-11-05,268.099,0.0,0.895917,0.155579,0.035795,0.083709,NORMAL
2025-11-05,268.099,0.0,0.90194,0.152454,0.036228,0.082718,NORMAL
2025-11-05,268.099,0.0,0.908044,0.151341,0.035981,0.082125,NORMAL
2025-11-05,268.099,0.0,0.914231,0.150737,0.036128,0.081971,NORMAL
2025-11-05,268.099,0.0,0.920503,0.151468,0.036676,0.082593,NORMAL
2025-11-05,268.099,0.0,0.926862,0.159294,0.036015,0.085327,NORMAL
2025-11-05,267.8522,-0.000921,0.933309,0.199453,0.028872,0.097105,NORMAL
2025-11-05,267.8522,0.0,0.939847,0.189972,0.019688,0.087802,NORMAL
2025-11-06,267.1343,-0.002684,1.099378,0.293441,0.02032,0.129568,NORMAL
2025-11-06,267.3804,0.000921,1.097106,0.228333,0.018834,0.102633,NORMAL
2025-11-06,267.1343,-0.000921,1.094843,0.231869,0.017765,0.103407,NORMAL
2025-11-06,267.1343,0.0,1.09259,0.192667,0.016739,0.08711,NORMAL
2025-11-06,267.3804,0.000921,1.090346,0.204585,0.015775,0.091299,NORMAL
2025-11-06,267.3804,0.0,1.088111,0.169941,0.015385,0.077208,NORMAL
2025-11-06,267.3804,0.0,1.085885,0.170163,0.015028,0.077082,NORMAL
2025-11-06,267.3804,0.0,1.083668,0.167879,0.014349,0.075761,NORMAL
2025-11-06,267.3804,0.0,1.08146,0.167879,0.013761,0.075408,NORMAL
2025-11-06,267.3804,0.0,1.079262,0.168046,0.014468,0.0759,NORMAL
2025-11-07,269.0389,0.006184,1.011677,0.312922,0.018477,0.136255,NORMAL
2025-11-07,269.0389,0.0,1.006878,0.150285,0.020613,0.072482,NORMAL
2025-11-07,269.0389,0.0,1.002124,0.146029,0.021709,0.071437,NORMAL
2025-11-07,269.2867,0.000921,0.997415,0.168277,0.021712,0.080338,NORMAL
2025-11-07,269.2867,0.0,0.99275,0.134798,0.019923,0.065873,NORMAL
2025-11-07,269.2867,0.0,0.988128,0.127088,0.017385,0.061266,NORMAL
2025-11-07,269.2867,0.0,0.983549,0.128124,0.0142,0.05977,NORMAL
2025-11-07,269.2867,0.0,0.979013,0.124243,0.011246,0.056445,NORMAL
2025-11-07,269.2867,0.0,0.974518,0.122811,0.009783,0.054994,NORMAL
2025-11-07,269.2867,0.0,0.970064,0.124178,0.010322,0.055864,NORMAL
2025-11-10,268.7086,-0.002149,0.839323,0.235683,0.016069,0.103914,NORMAL
2025-11-10,268.4612,-0.000921,0.847842,0.193471,0.021388,0.090221,NORMAL
2025-11-10,268.4612,0.0,0.856536,0.161488,0.024088,0.079048,NORMAL
2025-11-10,268.4612,0.0,0.86541,0.161551,0.024564,0.079359,NORMAL
2025-11-10,268.7086,0.000921,0.87447,0.198919,0.023058,0.093403,NORMAL
2025-11-10,268.7086,0.0,0.883721,0.172346,0.021272,0.081701,NORMAL
2025-11-10,268.7086,0.0,0.893171,0.168691,0.019055,0.07891,NORMAL
2025-11-10,268.7086,0.0,0.902824,0.161723,0.016378,0.074516,NORMAL
2025-11-10,268.7086,0.0,0.912689,0.164984,0.013247,0.073942,NORMAL
2025-11-10,268.7086,0.0,0.922772,0.172974,0.009311,0.074776,NORMAL
2025-11-11,269.5578,0.003155,1.034461,0.226117,0.009206,0.09597,NORMAL
2025-11-11,269.3096,-0.000921,1.036805,0.18037,0.008448,0.077217,NORMAL
2025-11-11,269.3096,0.0,1.039159,0.152093,0.007495,0.065334,NORMAL
2025-11-11,269.3096,0.0,1.041523,0.151937,0.006602,0.064736,NORMAL
2025-11-11,269.5578,0.000921,1.043899,0.184674,0.006503,0.077771,NORMAL
2025-11-11,269.5578,0.0,1.046285,0.148009,0.006918,0.063354,NORMAL
2025-11-11,269.5578,0.0,1.048682,0.148009,0.007387,0.063636,NORMAL
2025-11-11,269.5578,0.0,1.05109,0.14678,0.007314,0.0631,NORMAL
2025-11-11,269.5578,0.0,1.053509,0.142196,0.006247,0.060626,NORMAL
2025-11-11,269.5578,0.0,1.05594,0.146409,0.00416,0.06106,NORMAL
2025-11-12,274.49,0.018132,1.097096,0.599594,0.011122,0.246511,NORMAL
2025-11-12,274.4901,0.0,1.088356,0.311112,0.015137,0.133527,NORMAL
2025-11-12,274.49,-0.0,1.079754,0.268958,0.017118,0.117854,NORMAL
2025-11-12,274.7429,0.000921,1.071286,0.272617,0.018196,0.119964,NORMAL
2025-11-12,274.7429,0.0,1.062951,0.233053,0.018707,0.104445,NORMAL
2025-11-12,274.7429,0.0,1.054744,0.224829,0.019231,0.10147,NORMAL
2025-11-12,274.7429,0.0,1.046663,0.219114,0.01982,0.099538,NORMAL
2025-11-12,274.7429,0.0,1.038704,0.219581,0.019968,0.099813,NORMAL
2025-11-12,274.7429,0.0,1.030866,0.225307,0.019192,0.101638,NORMAL
2025-11-12,274.7429,0.0,1.023145,0.224386,0.018917,0.101104,NORMAL
2025-11-13,273.8537,-0.003242,1.044866,0.307694,0.023312,0.137065,NORMAL
2025-11-13,273.6017,-0.000921,1.041144,0.268986,0.027391,0.124029,NORMAL
2025-11-13,273.6016,-0.0,1.037448,0.239622,0.029525,0.113564,NORMAL
2025-11-13,273.6017,0.0,1.033778,0.236044,0.029776,0.112283,NORMAL
2025-11-13,273.8537,0.000921,1.030134,0.250281,0.028405,0.117156,NORMAL
2025-11-13,273.8537,0.0,1.026516,0.211107,0.026802,0.100524,NORMAL
2025-11-13,273.8537,0.0,1.022923,0.208399,0.025839,0.098863,NORMAL
2025-11-13,273.8537,0.0,1.019355,0.202973,0.025764,0.096647,NORMAL
2025-11-13,273.8537,0.0,1.015812,0.186384,0.025732,0.089993,NORMAL
2025-11-13,273.8537,0.0,1.012294,0.196411,0.024505,0.093267,NORMAL
2025-11-14,270.7966,-0.011226,0.968934,0.425692,0.027447,0.186745,NORMAL
2025-11-14,270.7966,0.0,0.969891,0.264437,0.028706,0.122998,NORMAL
2025-11-14,270.7966,0.0,0.970851,0.229404,0.029561,0.109498,NORMAL
2025-11-14,270.7966,0.0,0.971812,0.207696,0.030115,0.101148,NORMAL
2025-11-14,270.7966,0.0,0.972776,0.208532,0.030062,0.10145,NORMAL
2025-11-14,270.7966,0.0,0.973741,0.199559,0.03009,0.097877,NORMAL
2025-11-14,270.5473,-0.000921,0.974708,0.230598,0.03014,0.110323,NORMAL
2025-11-14,270.5474,0.0,0.975677,0.199203,0.02977,0.097543,NORMAL
2025-11-14,270.5473,-0.0,0.976648,0.194546,0.027892,0.094553,NORMAL
2025-11-14,270.7966,0.000921,0.977621,0.212587,0.023497,0.099133,NORMAL
2025-11-17,268.3215,-0.009182,0.932291,0.393579,0.022561,0.170968,NORMAL
2025-11-17,268.5687,0.000921,0.936738,0.229781,0.021603,0.104874,NORMAL
2025-11-17,268.3215,-0.000921,0.941227,0.22701,0.020863,0.103321,NORMAL
2025-11-17,268.3215,0.0,0.94576,0.186945,0.020121,0.086851,NORMAL
2025-11-17,268.5687,0.000921,0.950336,0.210253,0.019424,0.095756,NORMAL
2025-11-17,268.5687,0.0,0.954957,0.169454,0.018919,0.079133,NORMAL
2025-11-17,268.5687,0.0,0.959623,0.171059,0.018558,0.079558,NORMAL
2025-11-17,268.5687,0.0,0.964335,0.163854,0.01825,0.076492,NORMAL
2025-11-17,268.5687,0.0,0.969094,0.16268,0.017705,0.075695,NORMAL
2025-11-17,268.5687,0.0,0.973899,0.162326,0.016362,0.074747,NORMAL
2025-11-18,269.4893,0.003422,0.990034,0.244755,0.016412,0.107749,NORMAL
2025-11-18,269.4893,0.0,0.99192,0.156811,0.015843,0.07223,NORMAL
2025-11-18,269.4893,0.0,0.993812,0.157425,0.015043,0.071996,NORMAL
2025-11-18,269.7376,0.000921,0.995712,0.185438,0.014203,0.082697,NORMAL
2025-11-18,269.7376,0.0,0.997619,0.151237,0.013407,0.068539,NORMAL
2025-11-18,269.7376,0.0,0.999534,0.150753,0.012276,0.067667,NORMAL
2025-11-18,269.7376,0.0,1.001456,0.147899,0.010718,0.06559,NORMAL
2025-11-18,269.7376,0.0,1.003385,0.144031,0.008865,0.062932,NORMAL
2025-11-18,269.7376,0.0,1.005322,0.14592,0.00713,0.062646,NORMAL
2025-11-18,269.7376,0.0,1.007266,0.145043,0.006209,0.061742,NORMAL
2025-11-19,265.2818,-0.016657,0.895971,0.495242,0.021883,0.211227,NORMAL
2025-11-19,265.0376,-0.000921,0.900555,0.30877,0.029609,0.141274,NORMAL
2025-11-19,265.0376,0.0,0.905187,0.267586,0.030427,0.12529,NORMAL
2025-11-19,265.2818,0.000921,0.909867,0.219883,0.026548,0.103882,NORMAL
2025-11-19,265.0376,-0.000921,0.914595,0.230914,0.022161,0.105662,NORMAL
2025-11-19,265.2818,0.000921,0.919373,0.209361,0.01906,0.09518,NORMAL
2025-11-19,265.2818,0.0,0.9242,0.1825,0.016613,0.082968,NORMAL
2025-11-19,265.2818,0.0,0.929079,0.179822,0.013849,0.080238,NORMAL
2025-11-19,265.2818,0.0,0.93401,0.180604,0.009989,0.078235,NORMAL
2025-11-19,265.2818,0.0,0.938993,0.179594,0.007941,0.076602,NORMAL
2025-11-20,270.3277,0.018842,1.064224,0.426355,0.021283,0.183312,NORMAL
2025-11-20,270.3277,0.0,1.064044,0.161896,0.025356,0.079972,NORMAL
2025-11-20,270.3277,0.0,1.063863,0.162298,0.024044,0.079345,NORMAL
2025-11-20,270.5768,0.000921,1.063682,0.193652,0.019486,0.089152,NORMAL
2025-11-20,270.5768,0.0,1.063502,0.165617,0.0155,0.075547,NORMAL
2025-11-20,270.5768,0.0,1.063321,0.165256,0.014364,0.074721,NORMAL
2025-11-20,270.5768,0.0,1.063141,0.166319,0.015768,0.075989,NORMAL
2025-11-20,270.5768,0.0,1.06296,0.167129,0.018079,0.077699,NORMAL
2025-11-20,270.5768,0.0,1.06278,0.166713,0.020377,0.078911,NORMAL
2025-11-20,270.5768,0.0,1.0626,0.172745,0.022222,0.082431,NORMAL
2025-11-21,265.7014,-0.018183,1.339953,0.513714,0.057319,0.239877,NORMAL
2025-11-21,265.4568,-0.000921,1.312242,0.308016,0.077281,0.169575,NORMAL
2025-11-21,265.4568,0.0,1.285654,0.26238,0.078773,0.152216,NORMAL
2025-11-21,265.4568,0.0,1.260122,0.247828,0.074292,0.143706,NORMAL
2025-11-21,265.7014,0.000921,1.235584,0.286209,0.073239,0.158427,NORMAL
2025-11-21,265.7014,0.0,1.211984,0.245195,0.075912,0.143625,NORMAL
2025-11-21,265.7014,0.0,1.189268,0.236844,0.076676,0.140743,NORMAL
2025-11-21,265.7014,0.0,1.167388,0.229152,0.068719,0.132892,NORMAL
2025-11-21,265.7014,0.0,1.146298,0.222487,0.052083,0.120245,NORMAL
2025-11-21,265.7014,0.0,1.125958,0.216523,0.038161,0.109506,NORMAL
2025-11-24,270.3976,0.01752,1.227846,0.463373,0.052077,0.216595,NORMAL
2025-11-24,270.3976,0.0,1.205546,0.195817,0.05777,0.112989,NORMAL
2025-11-24,270.3976,0.0,1.18404,0.189229,0.057729,0.110329,NORMAL
2025-11-24,270.6468,0.000921,1.163289,0.202959,0.054566,0.113923,NORMAL
2025-11-24,270.6468,0.0,1.143252,0.172969,0.051338,0.09999,NORMAL
2025-11-24,270.6468,0.0,1.123894,0.1694,0.050141,0.097845,NORMAL
2025-11-24,270.6468,0.0,1.105181,0.167902,0.050792,0.097636,NORMAL
2025-11-24,270.6468,0.0,1.08708,0.170001,0.050534,0.098321,NORMAL
2025-11-24,270.6468,0.0,1.069563,0.167117,0.046581,0.094796,NORMAL
2025-11-24,270.6468,0.0,1.052601,0.163391,0.038981,0.088745,NORMAL
2025-11-25,274.7595,0.015082,0.760329,0.552508,0.051931,0.252162,NORMAL
2025-11-25,274.7595,0.0,0.767869,0.263532,0.060282,0.141582,NORMAL
2025-11-25,275.0127,0.000921,0.775559,0.287917,0.065527,0.154483,NORMAL
2025-11-25,275.0127,0.0,0.783405,0.262188,0.068319,0.145866,NORMAL
2025-11-25,274.7595,-0.000921,0.791411,0.282757,0.069418,0.154754,NORMAL
2025-11-25,275.0127,0.000921,0.799583,0.271336,0.071032,0.151154,NORMAL
2025-11-25,275.0127,0.0,0.807925,0.232694,0.074337,0.13768,NORMAL
2025-11-25,275.0127,0.0,0.816444,0.23657,0.079256,0.142182,NORMAL
2025-11-25,275.0127,0.0,0.825143,0.219426,0.081324,0.136565,NORMAL
2025-11-25,275.0127,0.0,0.83403,0.195157,0.074412,0.12271,NORMAL
2025-11-26,276.4464,0.0052,0.611823,0.427831,0.080691,0.219547,NORMAL
2025-11-26,276.4464,0.0,0.63037,0.300765,0.082521,0.169819,NORMAL
2025-11-26,276.4464,0.0,0.650077,0.282302,0.080307,0.161105,NORMAL
2025-11-26,276.7011,0.000921,0.671056,0.311695,0.075079,0.169725,NORMAL
2025-11-26,276.7011,0.0,0.693434,0.265262,0.068408,0.147149,NORMAL
2025-11-26,276.7011,0.0,0.717355,0.256198,0.061718,0.13951,NORMAL
2025-11-26,276.7011,0.0,0.742987,0.24504,0.055315,0.131205,NORMAL
2025-11-26,276.7011,0.0,0.770518,0.230163,0.047641,0.12065,NORMAL
2025-11-26,276.7011,0.0,0.800167,0.225997,0.036861,0.112516,NORMAL
2025-11-26,276.7011,0.0,0.83219,0.221614,0.028549,0.105775,NORMAL
2025-11-28,276.7458,0.000162,0.518506,0.366884,0.040804,0.171236,NORMAL
2025-11-28,276.7458,0.0,0.537022,0.350729,0.049419,0.169943,NORMAL
2025-11-28,277.0008,0.000921,0.556909,0.364992,0.055314,0.179185,NORMAL
2025-11-28,277.0008,0.0,0.578325,0.337855,0.058947,0.17051,NORMAL
2025-11-28,276.7458,-0.000921,0.601455,0.331055,0.061917,0.169572,NORMAL
2025-11-28,277.0008,0.000921,0.626512,0.345332,0.064273,0.176697,NORMAL
2025-11-28,277.0008,0.0,0.653747,0.307371,0.065808,0.162433,NORMAL
2025-11-28,277.0008,0.0,0.683458,0.285843,0.064616,0.153107,NORMAL
2025-11-28,277.0008,0.0,0.715998,0.282601,0.05769,0.147654,NORMAL
2025-11-28,277.0008,0.0,0.751791,0.287669,0.043425,0.141123,NORMAL
2025-12-01,277.4945,0.001781,1.697721,0.485391,0.110235,0.260297,NORMAL
2025-12-01,277.4945,0.0,1.657977,0.412788,0.141785,0.250186,NORMAL
2025-12-01,277.7501,0.000921,1.62005,0.429355,0.140124,0.255817,NORMAL
2025-12-01,277.7501,0.0,1.583821,0.37845,0.124848,0.226289,NORMAL
2025-12-01,277.4945,-0.000921,1.549176,0.394591,0.123592,0.231992,NORMAL
2025-12-01,277.7501,0.000921,1.516014,0.374733,0.126466,0.225773,NORMAL
2025-12-01,277.7501,0.0,1.484242,0.343574,0.126899,0.213569,NORMAL
2025-12-01,277.7501,0.0,1.453775,0.32933,0.123228,0.205668,NORMAL
2025-12-01,277.7501,0.0,1.424533,0.320588,0.117594,0.198792,NORMAL
2025-12-01,277.7501,0.0,1.396445,0.307608,0.116149,0.192733,NORMAL
2025-12-02,282.4752,0.016869,1.531736,0.714626,0.132176,0.365156,NORMAL
2025-12-02,282.4752,0.0,1.461785,0.424432,0.148164,0.258671,NORMAL
2025-12-02,282.4752,0.0,1.397944,0.378667,0.162013,0.248675,NORMAL
2025-12-02,282.7354,0.000921,1.339446,0.356136,0.170273,0.244618,NORMAL
2025-12-02,282.7354,0.0,1.285647,0.295488,0.171976,0.221381,NORMAL
2025-12-02,282.7354,0.0,1.236003,0.282717,0.169252,0.214638,NORMAL
2025-12-02,282.7354,0.0,1.19005,0.258063,0.164287,0.201798,NORMAL
2025-12-02,282.7354,0.0,1.147392,0.253114,0.15784,0.19595,NORMAL
2025-12-02,282.7354,0.0,1.107686,0.255867,0.1511,0.193007,NORMAL
2025-12-02,282.7354,0.0,1.070636,0.256381,0.150337,0.192755,NORMAL
2025-12-03,285.9325,0.011244,0.87119,0.517694,0.158033,0.301897,NORMAL
2025-12-03,285.6693,-0.000921,0.873855,0.280179,0.173963,0.216449,NORMAL
2025-12-03,285.6693,0.0,0.876537,0.239836,0.192596,0.211492,NORMAL
2025-12-03,285.9325,0.000921,0.879236,0.259558,0.206445,0.22769,NORMAL
2025-12-03,285.6693,-0.000921,0.881951,0.285846,0.210906,0.240882,NORMAL
2025-12-03,285.9325,0.000921,0.884683,0.262216,0.198389,0.22392,NORMAL
2025-12-03,285.9325,0.0,0.887432,0.243673,0.171531,0.200388,NORMAL
2025-12-03,285.9325,0.0,0.890198,0.238174,0.135813,0.176757,NORMAL
2025-12-03,285.9325,0.0,0.892982,0.218295,0.099554,0.14705,NORMAL
2025-12-03,285.9325,0.0,0.895782,0.208401,0.083467,0.133441,NORMAL
2025-12-04,283.8344,-0.007365,0.914153,0.398919,0.078349,0.206577,NORMAL
2025-12-04,283.8344,0.0,0.923441,0.24817,0.071543,0.142194,NORMAL
2025-12-04,283.8344,0.0,0.93292,0.245039,0.062631,0.135594,NORMAL
2025-12-04,283.8344,0.0,0.942596,0.240966,0.053732,0.128626,NORMAL
2025-12-04,283.8344,0.0,0.952475,0.235867,0.047511,0.122853,NORMAL
2025-12-04,283.8344,0.0,0.962563,0.239365,0.042247,0.121094,NORMAL
2025-12-04,283.8344,0.0,0.972867,0.240715,0.038567,0.119426,NORMAL
2025-12-04,283.5731,-0.000921,0.983394,0.269123,0.036217,0.129379,NORMAL
2025-12-04,283.5731,0.0,0.994151,0.243774,0.035772,0.118973,NORMAL
2025-12-04,283.5731,0.0,1.005146,0.240999,0.040222,0.120533,NORMAL
2025-12-05,280.0197,-0.01261,1.075439,0.540762,0.036574,0.238249,NORMAL
2025-12-05,280.0197,0.0,1.070898,0.370065,0.033016,0.167836,NORMAL
2025-12-05,280.2777,0.000921,1.066395,0.329176,0.030033,0.14969,NORMAL
2025-12-05,280.2777,0.0,1.06193,0.291873,0.027752,0.133401,NORMAL
2025-12-05,280.0197,-0.000921,1.057503,0.31408,0.026348,0.141441,NORMAL
2025-12-05,280.2777,0.000921,1.053112,0.301625,0.025578,0.135997,NORMAL
2025-12-05,280.2777,0.0,1.048757,0.266996,0.024419,0.12145,NORMAL
2025-12-05,280.2777,0.0,1.044439,0.261323,0.02231,0.117915,NORMAL
2025-12-05,280.2777,0.0,1.040155,0.249016,0.01895,0.110977,NORMAL
2025-12-05,280.2777,0.0,1.035907,0.245218,0.01384,0.106391,NORMAL
2025-12-08,277.6142,-0.009549,0.84281,0.473488,0.021855,0.202508,NORMAL
2025-12-08,277.6142,0.0,0.848214,0.3333,0.026301,0.149101,NORMAL
2025-12-08,277.87,0.000921,0.853688,0.296965,0.027459,0.135261,NORMAL
2025-12-08,277.87,0.0,0.859233,0.265778,0.026937,0.122473,NORMAL
2025-12-08,277.6142,-0.000921,0.864851,0.301804,0.025785,0.136193,NORMAL
2025-12-08,277.87,0.000921,0.870542,0.295125,0.02407,0.132492,NORMAL
2025-12-08,277.87,0.0,0.876309,0.256385,0.022278,0.115921,NORMAL
2025-12-08,277.87,0.0,0.882153,0.248412,0.02051,0.111671,NORMAL
2025-12-08,277.87,0.0,0.888075,0.240776,0.018578,0.107457,NORMAL
2025-12-08,277.87,0.0,0.894078,0.236859,0.016261,0.1045,NORMAL
2025-12-09,277.9,0.000108,0.766778,0.284566,0.018036,0.124648,NORMAL
2025-12-09,277.9,0.0,0.780793,0.27164,0.019225,0.120191,NORMAL
2025-12-09,277.9,0.0,0.79533,0.273392,0.019976,0.121343,NORMAL
2025-12-09,277.9,0.0,0.810418,0.264767,0.02037,0.118129,NORMAL
2025-12-09,277.9,0.0,0.82609,0.255202,0.020419,0.114332,NORMAL
2025-12-09,277.9,0.0,0.842381,0.250472,0.019989,0.112183,NORMAL
2025-12-09,277.6441,-0.000921,0.859326,0.277343,0.019343,0.122543,NORMAL
2025-12-09,277.6442,0.0,0.876967,0.24703,0.018322,0.109805,NORMAL
2025-12-09,277.6441,-0.0,0.895348,0.253084,0.0167,0.111253,NORMAL
2025-12-09,277.9,0.000921,0.914516,0.266198,0.015688,0.115892,NORMAL
2025-12-10,277.4903,-0.001475,0.945468,0.297168,0.014767,0.127727,NORMAL
2025-12-10,277.2349,-0.000921,0.952519,0.301209,0.013964,0.128862,NORMAL
2025-12-10,277.2349,0.0,0.959676,0.260075,0.013463,0.112108,NORMAL
2025-12-10,277.4903,0.000921,0.966941,0.258943,0.012155,0.11087,NORMAL
2025-12-10,277.2349,-0.000921,0.974317,0.27585,0.010574,0.116685,NORMAL
2025-12-10,277.4903,0.000921,0.981807,0.260832,0.00978,0.110201,NORMAL
2025-12-10,277.4903,0.0,0.989413,0.231682,0.009253,0.098225,NORMAL
2025-12-10,277.4903,0.0,0.997137,0.23019,0.008341,0.097081,NORMAL
2025-12-10,277.4903,0.0,1.004983,0.230658,0.006554,0.096195,NORMAL
2025-12-10,277.4903,0.0,1.012954,0.223995,0.008064,0.094437,NORMAL
2025-12-11,278.5824,0.003928,1.017738,0.331272,0.008548,0.137638,NORMAL
2025-12-11,278.5824,0.0,1.016097,0.221594,0.008623,0.093811,NORMAL
2025-12-11,278.5824,0.0,1.014463,0.218461,0.009047,0.092813,NORMAL
2025-12-11,278.8391,0.000921,1.012833,0.247916,0.009313,0.104755,NORMAL
2025-12-11,278.8391,0.0,1.011208,0.210757,0.008906,0.089646,NORMAL
2025-12-11,278.8391,0.0,1.009589,0.205158,0.008872,0.087386,NORMAL
2025-12-11,278.8391,0.0,1.007975,0.197957,0.008809,0.084468,NORMAL
2025-12-11,278.8391,0.0,1.006366,0.196461,0.008799,0.083864,NORMAL
2025-12-11,278.8391,0.0,1.004762,0.197677,0.009309,0.084657,NORMAL
2025-12-11,278.8391,0.0,1.003164,0.194898,0.0119,0.085099,NORMAL
2025-12-12,277.3846,-0.00523,1.181219,0.364513,0.020756,0.158259,NORMAL
2025-12-12,277.3846,0.0,1.169868,0.2511,0.025759,0.115895,NORMAL
2025-12-12,277.6402,0.000921,1.158733,0.258004,0.025355,0.118415,NORMAL
2025-12-12,277.6402,0.0,1.147808,0.221943,0.023499,0.102876,NORMAL
2025-12-12,277.3846,-0.000921,1.137088,0.259781,0.021593,0.116868,NORMAL
2025-12-12,277.6402,0.000921,1.126565,0.249715,0.020313,0.112074,NORMAL
2025-12-12,277.6402,0.0,1.116236,0.217953,0.019186,0.098693,NORMAL
2025-12-12,277.6402,0.0,1.106094,0.217953,0.01833,0.098179,NORMAL
2025-12-12,277.6402,0.0,1.096135,0.223249,0.017507,0.099804,NORMAL
2025-12-12,277.6402,0.0,1.086354,0.220222,0.017573,0.098633,NORMAL
2025-12-15,279.6305,0.007143,1.353319,0.412676,0.026882,0.1812,NORMAL
2025-12-15,279.6305,0.0,1.322846,0.252487,0.030591,0.11935,NORMAL
2025-12-15,279.8881,0.000921,1.293715,0.277062,0.030972,0.129408,NORMAL
2025-12-15,279.8881,0.0,1.265839,0.225402,0.030808,0.108646,NORMAL
2025-12-15,279.6305,-0.000921,1.23914,0.266948,0.029676,0.124585,NORMAL
2025-12-15,279.8881,0.000921,1.213543,0.241252,0.029103,0.113963,NORMAL
2025-12-15,279.8881,0.0,1.188983,0.20773,0.028479,0.100179,NORMAL
2025-12-15,279.8881,0.0,1.165397,0.20357,0.027583,0.097977,NORMAL
2025-12-15,279.8881,0.0,1.142728,0.199009,0.026264,0.095362,NORMAL
2025-12-15,279.8881,0.0,1.120925,0.197145,0.024696,0.093675,NORMAL
2025-12-16,272.3141,-0.027434,0.838933,0.611041,0.061022,0.281029,NORMAL
2025-12-16,272.3141,0.0,0.840698,0.356588,0.072705,0.186258,NORMAL
2025-12-16,272.3141,0.0,0.84247,0.330952,0.072306,0.175764,NORMAL
2025-12-16,272.565,0.000921,0.84425,0.326675,0.066349,0.170479,NORMAL
2025-12-16,272.565,0.0,0.846037,0.2829,0.059489,0.148854,NORMAL
2025-12-16,272.565,0.0,0.847832,0.276082,0.052646,0.142021,NORMAL
2025-12-16,272.565,0.0,0.849635,0.276495,0.045931,0.138157,NORMAL
2025-12-16,272.565,0.0,0.851445,0.279778,0.040082,0.13596,NORMAL
2025-12-16,272.565,0.0,0.853263,0.278831,0.035364,0.132751,NORMAL
2025-12-16,272.565,0.0,0.855089,0.282432,0.032538,0.132495,NORMAL
2025-12-17,274.7529,0.007995,1.139119,0.490821,0.046949,0.224498,NORMAL
2025-12-17,274.5,-0.000921,1.139469,0.347878,0.055064,0.172189,NORMAL
2025-12-17,274.5,0.0,1.139819,0.299359,0.055995,0.15334,NORMAL
2025-12-17,274.7529,0.000921,1.14017,0.339495,0.050785,0.166269,NORMAL
2025-12-17,274.5,-0.000921,1.14052,0.313928,0.042563,0.151109,NORMAL
2025-12-17,274.7529,0.000921,1.140871,0.31475,0.036695,0.147917,NORMAL
2025-12-17,274.7529,0.0,1.141222,0.252764,0.034903,0.122047,NORMAL
2025-12-17,274.7529,0.0,1.141574,0.226298,0.035767,0.111979,NORMAL
2025-12-17,274.7529,0.0,1.141925,0.20303,0.035947,0.102781,NORMAL
2025-12-17,274.7529,0.0,1.142277,0.187692,0.036822,0.09717,NORMAL
2025-12-18,273.1026,-0.006025,1.157827,0.322774,0.041444,0.153976,NORMAL
2025-12-18,273.1026,0.0,1.139955,0.178574,0.042452,0.096901,NORMAL
2025-12-18,273.1026,0.0,1.122627,0.171736,0.040629,0.093072,NORMAL
2025-12-18,273.3542,0.000921,1.105818,0.200081,0.03925,0.103583,NORMAL
2025-12-18,273.3542,0.0,1.089504,0.160029,0.040804,0.088494,NORMAL
2025-12-18,273.3542,0.0,1.073665,0.164861,0.046149,0.093634,NORMAL
2025-12-18,273.3542,0.0,1.05828,0.161794,0.053422,0.096771,NORMAL
2025-12-18,273.3542,0.0,1.043329,0.153075,0.056949,0.095399,NORMAL
2025-12-18,273.3542,0.0,1.028795,0.161171,0.048553,0.0936,NORMAL
2025-12-18,273.3542,0.0,1.014661,0.15725,0.030462,0.081177,NORMAL
2025-12-19,271.8956,-0.00535,2.600857,0.636643,0.206939,0.378821,NORMAL
2025-12-19,271.6453,-0.000921,2.397188,0.561875,0.171419,0.327601,NORMAL
2025-12-19,271.6453,0.0,2.2231,0.506392,0.183569,0.312698,NORMAL
2025-12-19,271.6453,0.0,2.072586,0.492973,0.228533,0.334309,NORMAL
2025-12-19,271.8956,0.000921,1.94116,0.509631,0.243194,0.349769,NORMAL
2025-12-19,271.8956,0.0,1.825408,0.43448,0.222253,0.307144,NORMAL
2025-12-19,271.8956,0.0,1.722684,0.402505,0.198469,0.280084,NORMAL
2025-12-19,271.8956,0.0,1.630906,0.372116,0.195192,0.265961,NORMAL
2025-12-19,271.8956,0.0,1.548412,0.331879,0.200396,0.252989,NORMAL
2025-12-19,271.8956,0.0,1.473861,0.31117,0.198899,0.243808,NORMAL
2025-12-22,272.6049,0.002605,0.375564,0.451748,0.228593,0.317855,NORMAL
2025-12-22,272.354,-0.000921,0.37849,0.385227,0.245024,0.301106,NORMAL
2025-12-22,272.354,0.0,0.381463,0.370258,0.258121,0.302976,NORMAL
2025-12-22,272.354,0.0,0.384482,0.369913,0.257569,0.302506,NORMAL
2025-12-22,272.6049,0.000921,0.38755,0.391339,0.241743,0.301582,NORMAL
2025-12-22,272.6049,0.0,0.390667,0.36509,0.220648,0.278424,NORMAL
2025-12-22,272.6049,0.0,0.393835,0.368945,0.204762,0.270435,NORMAL
2025-12-22,272.6049,0.0,0.397054,0.370286,0.197386,0.266546,NORMAL
2025-12-22,272.6049,0.0,0.400327,0.370538,0.198541,0.26734,NORMAL
2025-12-22,272.6049,0.0,0.403654,0.373353,0.207747,0.27399,NORMAL
2025-12-23,270.3377,-0.008352,0.349336,0.554291,0.226986,0.357908,NORMAL
2025-12-23,270.3377,0.0,0.374727,0.448149,0.246956,0.327433,NORMAL
2025-12-23,270.3377,0.0,0.404099,0.425243,0.269498,0.331796,NORMAL
2025-12-23,270.5868,0.000921,0.438466,0.394728,0.294567,0.334631,NORMAL
2025-12-23,270.5868,0.0,0.479222,0.339396,0.322612,0.329326,NORMAL
2025-12-23,270.5868,0.0,0.528332,0.327105,0.357971,0.345625,NORMAL
2025-12-23,270.5868,0.0,0.588656,0.29327,0.394951,0.354278,NORMAL
2025-12-23,270.5868,0.0,0.664531,0.262236,0.390226,0.33903,NORMAL
2025-12-23,270.5868,0.0,0.76286,0.207153,0.313817,0.271151,NORMAL
2025-12-23,270.5868,0.0,0.895342,0.157795,0.321919,0.256269,NORMAL
2025-12-24,271.8349,0.004602,0.556682,0.383526,0.287372,0.325834,NORMAL
2025-12-24,271.8349,0.0,0.573308,0.27498,0.259923,0.265946,NORMAL
2025-12-24,271.8349,0.0,0.590958,0.276118,0.236476,0.252333,NORMAL
2025-12-24,272.0854,0.000921,0.60973,0.283952,0.215098,0.242639,NORMAL
2025-12-24,272.0854,0.0,0.629733,0.258409,0.19237,0.218786,NORMAL
2025-12-24,272.0854,0.0,0.651092,0.249206,0.175948,0.205252,NORMAL
2025-12-24,272.0854,0.0,0.673952,0.234637,0.185012,0.204862,NORMAL
2025-12-24,272.0854,0.0,0.698475,0.210783,0.185494,0.19561,NORMAL
2025-12-24,272.0854,0.0,0.724851,0.199533,0.131874,0.158938,NORMAL
2025-12-24,272.0854,0.0,0.753296,0.187373,0.1083,0.139929,NORMAL
2025-12-26,273.9037,0.006661,0.920904,0.329868,0.115038,0.20097,NORMAL
2025-12-26,273.9037,0.0,0.937186,0.143663,0.117,0.127665,NORMAL
2025-12-26,273.9037,0.0,0.954054,0.136818,0.115018,0.123738,NORMAL
2025-12-26,273.9037,0.0,0.97154,0.131661,0.110463,0.118942,NORMAL
2025-12-26,273.9037,0.0,0.989679,0.131972,0.105384,0.116019,NORMAL
2025-12-26,273.9037,0.0,1.008508,0.120946,0.100007,0.108383,NORMAL
2025-12-26,273.9037,0.0,1.028067,0.130377,0.09472,0.108983,NORMAL
2025-12-26,273.6516,-0.000921,1.048401,0.165879,0.090404,0.120594,NORMAL
2025-12-26,273.6516,0.0,1.069554,0.144719,0.087242,0.110233,NORMAL
2025-12-26,273.6516,0.0,1.09158,0.147634,0.087325,0.111448,NORMAL
2025-12-29,272.1843,-0.005376,1.185379,0.299281,0.08199,0.168906,NORMAL
2025-12-29,272.1843,0.0,1.168429,0.173297,0.072841,0.113024,NORMAL
2025-12-29,272.4351,0.000921,1.151956,0.190953,0.061539,0.113305,NORMAL
2025-12-29,272.4351,0.0,1.135942,0.153702,0.053032,0.0933,NORMAL
2025-12-29,272.1843,-0.000921,1.120367,0.184813,0.046488,0.101818,NORMAL
2025-12-29,272.4351,0.000921,1.105213,0.186708,0.041784,0.099754,NORMAL
2025-12-29,272.4351,0.0,1.090464,0.15227,0.037898,0.083647,NORMAL
2025-12-29,272.4351,0.0,1.076103,0.154975,0.033755,0.082243,NORMAL
2025-12-29,272.4351,0.0,1.062115,0.150891,0.029318,0.077948,NORMAL
2025-12-29,272.4351,0.0,1.048487,0.147515,0.031017,0.077616,NORMAL
2025-12-30,272.3041,-0.000481,0.977492,0.162162,0.031277,0.083631,NORMAL
2025-12-30,272.3041,0.0,0.976161,0.144551,0.031382,0.076649,NORMAL
2025-12-30,272.555,0.000921,0.974833,0.187696,0.030241,0.093223,NORMAL
2025-12-30,272.555,0.0,0.973509,0.165347,0.028972,0.083522,NORMAL
2025-12-30,272.3041,-0.000921,0.972188,0.177905,0.027875,0.087887,NORMAL
2025-12-30,272.555,0.000921,0.970872,0.191059,0.024853,0.091335,NORMAL
2025-12-30,272.555,0.0,0.969558,0.161941,0.02092,0.077329,NORMAL
2025-12-30,272.555,0.0,0.968248,0.166052,0.016084,0.076071,NORMAL
2025-12-30,272.555,0.0,0.966942,0.174349,0.01056,0.076076,NORMAL
2025-12-30,272.555,0.0,0.965639,0.184819,0.004981,0.076916,NORMAL
2025-12-31,272.8047,0.000916,1.181218,0.221626,0.007531,0.093169,NORMAL
2025-12-31,272.8047,0.0,1.172142,0.189285,0.008807,0.080998,NORMAL
2025-12-31,272.8047,0.0,1.163204,0.188157,0.009081,0.080712,NORMAL
2025-12-31,272.8047,0.0,1.154401,0.184671,0.008958,0.079243,NORMAL
2025-12-31,272.8047,0.0,1.145731,0.180163,0.008995,0.077462,NORMAL
2025-12-31,272.8047,0.0,1.13719,0.180163,0.009281,0.077633,NORMAL
2025-12-31,272.5536,-0.000921,1.128775,0.219348,0.010384,0.09397,NORMAL
2025-12-31,272.5536,0.0,1.120484,0.184264,0.011607,0.08067,NORMAL
2025-12-31,272.5536,0.0,1.112314,0.184927,0.01124,0.080715,NORMAL
2025-12-31,272.8047,0.000921,1.104262,0.203595,0.009814,0.087326,NORMAL
2026-01-02,272.0055,-0.002934,1.483758,0.426156,0.021532,0.183382,NORMAL
2026-01-02,271.7551,-0.000921,1.439453,0.377962,0.024491,0.16588,NORMAL
2026-01-02,271.7551,0.0,1.397716,0.331481,0.024073,0.147036,NORMAL
2026-01-02,272.0055,0.000921,1.358332,0.298816,0.023593,0.133682,NORMAL
2026-01-02,271.7551,-0.000921,1.321106,0.296672,0.022712,0.132296,NORMAL
2026-01-02,272.0055,0.000921,1.285866,0.251345,0.022994,0.114335,NORMAL
2026-01-02,272.0055,0.0,1.252458,0.203247,0.023192,0.095214,NORMAL
2026-01-02,272.0055,0.0,1.220741,0.191652,0.023628,0.090837,NORMAL
2026-01-02,272.0055,0.0,1.190592,0.178804,0.024747,0.08637,NORMAL
2026-01-02,272.0055,0.0,1.161895,0.173542,0.026992,0.085612,NORMAL
2026-01-05,270.1381,-0.006889,1.363273,0.463242,0.036439,0.20716,NORMAL
2026-01-05,270.1381,0.0,1.326907,0.314917,0.040872,0.15049,NORMAL
2026-01-05,270.387,0.000921,1.29243,0.273059,0.042529,0.134741,NORMAL
2026-01-05,270.387,0.0,1.2597,0.213387,0.043084,0.111205,NORMAL
2026-01-05,270.1381,-0.000921,1.228586,0.252268,0.042419,0.126359,NORMAL
2026-01-05,270.387,0.000921,1.198973,0.223623,0.042273,0.114813,NORMAL
2026-01-05,270.387,0.0,1.170753,0.167979,0.041593,0.092147,NORMAL
2026-01-05,270.387,0.0,1.143831,0.161009,0.040673,0.088807,NORMAL
2026-01-05,270.387,0.0,1.11812,0.153403,0.039884,0.085291,NORMAL
2026-01-05,270.387,0.0,1.093539,0.152595,0.039335,0.084639,NORMAL
2026-01-06,266.5049,-0.014462,1.232732,0.538007,0.045335,0.242404,NORMAL
2026-01-06,266.7504,0.000921,1.212021,0.328062,0.046569,0.159166,NORMAL
2026-01-06,266.7504,0.0,1.191994,0.232258,0.045334,0.120104,NORMAL
2026-01-06,266.7504,0.0,1.172619,0.202518,0.043331,0.107006,NORMAL
2026-01-06,266.7504,0.0,1.153863,0.196313,0.041427,0.103381,NORMAL
2026-01-06,266.7504,0.0,1.135698,0.188508,0.039628,0.09918,NORMAL
2026-01-06,266.7504,0.0,1.118096,0.178328,0.037791,0.094006,NORMAL
2026-01-06,266.5049,-0.000921,1.101031,0.212984,0.035565,0.106532,NORMAL
2026-01-06,266.5049,0.0,1.084479,0.173236,0.033807,0.089578,NORMAL
2026-01-06,266.7504,0.000921,1.068418,0.190953,0.037052,0.098612,NORMAL
2026-01-07,262.7119,-0.015255,0.98325,0.481495,0.039933,0.216558,NORMAL
2026-01-07,262.954,0.000921,0.980593,0.251266,0.039348,0.124115,NORMAL
2026-01-07,262.7119,-0.000921,0.97795,0.24955,0.036917,0.12197,NORMAL
2026-01-07,262.7119,0.0,0.975322,0.20525,0.033892,0.102435,NORMAL
2026-01-07,262.954,0.000921,0.972707,0.216299,0.030328,0.104717,NORMAL
2026-01-07,262.954,0.0,0.970107,0.182313,0.028167,0.089825,NORMAL
2026-01-07,262.954,0.0,0.96752,0.176309,0.026976,0.086709,NORMAL
2026-01-07,262.954,0.0,0.964948,0.152848,0.026674,0.077144,NORMAL
2026-01-07,262.954,0.0,0.962388,0.15209,0.02728,0.077204,NORMAL
2026-01-07,262.954,0.0,0.959843,0.132466,0.030863,0.071504,NORMAL
2026-01-08,256.5434,-0.024681,1.003683,0.625785,0.042722,0.275947,NORMAL
2026-01-08,256.5434,0.0,1.005617,0.365378,0.047237,0.174493,NORMAL
2026-01-08,256.5434,0.0,1.007559,0.317245,0.047665,0.155497,NORMAL
2026-01-08,256.7797,0.000921,1.009509,0.281652,0.043827,0.138957,NORMAL
2026-01-08,256.7797,0.0,1.011466,0.234967,0.038355,0.117,NORMAL
2026-01-08,256.7797,0.0,1.013431,0.231004,0.035822,0.113895,NORMAL
2026-01-08,256.7797,0.0,1.015403,0.236158,0.035016,0.115473,NORMAL
2026-01-08,256.7797,0.0,1.017383,0.237034,0.034947,0.115782,NORMAL
2026-01-08,256.7797,0.0,1.019371,0.230057,0.03431,0.112609,NORMAL
2026-01-08,256.7797,0.0,1.021367,0.212133,0.035238,0.105996,NORMAL
2026-01-09,258.8378,0.007983,0.817117,0.386863,0.04155,0.179675,NORMAL
2026-01-09,258.5995,-0.000921,0.824115,0.241748,0.043367,0.12272,NORMAL
2026-01-09,258.5995,0.0,0.831234,0.209538,0.042493,0.109311,NORMAL
2026-01-09,258.8378,0.000921,0.838477,0.229087,0.040919,0.116186,NORMAL
2026-01-09,258.5995,-0.000921,0.845847,0.206102,0.039152,0.105932,NORMAL
2026-01-09,258.8378,0.000921,0.853347,0.17656,0.037235,0.092965,NORMAL
2026-01-09,258.8378,0.0,0.860982,0.138758,0.035371,0.076726,NORMAL
2026-01-09,258.8378,0.0,0.868755,0.12274,0.033805,0.069379,NORMAL
2026-01-09,258.8378,0.0,0.87667,0.120805,0.032813,0.06801,NORMAL
2026-01-09,258.8378,0.0,0.88473,0.119274,0.036808,0.069794,NORMAL
2026-01-12,258.6794,-0.000612,1.006973,0.135147,0.039276,0.077624,NORMAL
2026-01-12,258.6794,0.0,1.012781,0.119967,0.041988,0.073179,NORMAL
2026-01-12,258.6794,0.0,1.018656,0.119175,0.042173,0.072974,NORMAL
2026-01-12,258.9177,0.000921,1.0246,0.13403,0.039467,0.077293,NORMAL
2026-01-12,258.9177,0.0,1.030614,0.100251,0.035603,0.061462,NORMAL
2026-01-12,258.9177,0.0,1.036698,0.102047,0.031464,0.059697,NORMAL
2026-01-12,258.9177,0.0,1.042855,0.100333,0.028961,0.05751,NORMAL
2026-01-12,258.9177,0.0,1.049086,0.098834,0.027967,0.056314,NORMAL
2026-01-12,258.9177,0.0,1.055391,0.104492,0.025363,0.057014,NORMAL
2026-01-12,258.9177,0.0,1.061773,0.12689,0.01861,0.061922,NORMAL
2026-01-13,258.2402,-0.00262,1.065562,0.216819,0.017444,0.097194,NORMAL
2026-01-13,258.2402,0.0,1.058491,0.148523,0.017341,0.069814,NORMAL
2026-01-13,258.4781,0.000921,1.051513,0.152431,0.016935,0.071133,NORMAL
2026-01-13,258.4781,0.0,1.044627,0.117704,0.017736,0.057723,NORMAL
2026-01-13,258.2402,-0.000921,1.03783,0.15202,0.019172,0.072311,NORMAL
2026-01-13,258.4781,0.000921,1.031122,0.169165,0.020531,0.079985,NORMAL
2026-01-13,258.4781,0.0,1.024499,0.139898,0.021872,0.069083,NORMAL
2026-01-13,258.4781,0.0,1.017961,0.133301,0.022144,0.066607,NORMAL
2026-01-13,258.4781,0.0,1.011506,0.133073,0.018034,0.06405,NORMAL
2026-01-13,258.4781,0.0,1.005132,0.131577,0.011492,0.059526,NORMAL
2026-01-14,259.0088,0.002051,0.884698,0.184393,0.013448,0.081826,NORMAL
2026-01-14,259.0088,0.0,0.889857,0.117845,0.014707,0.055962,NORMAL
2026-01-14,259.2474,0.000921,0.895076,0.145867,0.015552,0.067678,NORMAL
2026-01-14,259.2474,0.0,0.900356,0.118269,0.015994,0.056904,NORMAL
2026-01-14,259.0088,-0.000921,0.905699,0.147059,0.015996,0.068421,NORMAL
2026-01-14,259.2474,0.000921,0.911106,0.144694,0.014613,0.066646,NORMAL
2026-01-14,259.2474,0.0,0.916578,0.117783,0.012475,0.054598,NORMAL
2026-01-14,259.2474,0.0,0.922116,0.115957,0.010132,0.052462,NORMAL
2026-01-14,259.2474,0.0,0.927721,0.116046,0.008151,0.051309,NORMAL
2026-01-14,259.2474,0.0,0.933395,0.112884,0.006004,0.048756,NORMAL
2026-01-15,260.1666,0.003539,0.925528,0.216697,0.005338,0.089882,NORMAL
2026-01-15,260.1666,0.0,0.932476,0.102271,0.004923,0.043862,NORMAL
2026-01-15,260.1666,0.0,0.939529,0.099453,0.004775,0.042646,NORMAL
2026-01-15,260.4063,0.000921,0.94669,0.125666,0.004822,0.053159,NORMAL
2026-01-15,260.4063,0.0,0.953961,0.09486,0.004724,0.040779,NORMAL
2026-01-15,260.4063,0.0,0.961344,0.095734,0.004349,0.040903,NORMAL
2026-01-15,260.4063,0.0,0.968842,0.093974,0.003666,0.039789,NORMAL
2026-01-15,260.4063,0.0,0.976459,0.08925,0.002846,0.037408,NORMAL
2026-01-15,260.4063,0.0,0.984196,0.084826,0.002275,0.035295,NORMAL
2026-01-15,260.4063,0.0,0.992056,0.08518,0.001841,0.035176,NORMAL
2026-01-16,257.4217,-0.011528,1.746369,0.589927,0.055571,0.269313,NORMAL
2026-01-16,257.4217,0.0,1.68101,0.398675,0.050676,0.189876,NORMAL
2026-01-16,257.4217,0.0,1.620367,0.34022,0.036651,0.158079,NORMAL
2026-01-16,257.6589,0.000921,1.563947,0.310947,0.034244,0.144925,NORMAL
2026-01-16,257.6589,0.0,1.511323,0.257033,0.035179,0.12392,NORMAL
2026-01-16,257.6589,0.0,1.462126,0.234002,0.039229,0.117138,NORMAL
2026-01-16,257.6589,0.0,1.416031,0.214327,0.045217,0.112861,NORMAL
2026-01-16,257.6589,0.0,1.372753,0.191611,0.051219,0.107376,NORMAL
2026-01-16,257.6589,0.0,1.332043,0.174171,0.055757,0.103123,NORMAL
2026-01-16,257.6589,0.0,1.293677,0.157571,0.059194,0.098545,NORMAL
2026-01-20,252.2613,-0.021171,1.388479,0.644679,0.076166,0.303571,NORMAL
2026-01-20,252.2613,0.0,1.341064,0.413502,0.088554,0.218533,NORMAL
2026-01-20,252.2613,0.0,1.29678,0.337447,0.09479,0.191853,NORMAL
2026-01-20,252.4937,0.000921,1.255328,0.273744,0.095516,0.166807,NORMAL
2026-01-20,252.4937,0.0,1.216443,0.219973,0.09475,0.14484,NORMAL
2026-01-20,252.4937,0.0,1.179895,0.198972,0.09374,0.135833,NORMAL
2026-01-20,252.4937,0.0,1.145479,0.1877,0.092368,0.130501,NORMAL
2026-01-20,252.4937,0.0,1.113014,0.185473,0.090677,0.128595,NORMAL
2026-01-20,252.4937,0.0,1.082338,0.171314,0.088826,0.121821,NORMAL
2026-01-20,252.4937,0.0,1.053308,0.164704,0.087277,0.118248,NORMAL
2026-01-21,248.4675,-0.016074,0.725363,0.529598,0.101443,0.272705,NORMAL
2026-01-21,248.2388,-0.000921,0.733889,0.354818,0.116259,0.211683,NORMAL
2026-01-21,248.2388,0.0,0.742616,0.304724,0.129759,0.199745,NORMAL
2026-01-21,248.2388,0.0,0.751554,0.297973,0.140323,0.203383,NORMAL
2026-01-21,248.4675,0.000921,0.76071,0.263325,0.145922,0.192883,NORMAL
2026-01-21,248.4675,0.0,0.770091,0.224521,0.145297,0.176987,NORMAL
2026-01-21,248.4675,0.0,0.779707,0.2091,0.138042,0.166465,NORMAL
2026-01-21,248.4675,0.0,0.789566,0.197856,0.125097,0.154201,NORMAL
2026-01-21,248.4675,0.0,0.799678,0.182124,0.109213,0.138377,NORMAL
2026-01-21,248.4675,0.0,0.810052,0.157041,0.107285,0.127188,NORMAL
2026-01-22,248.967,0.002008,0.606913,0.263114,0.10022,0.165378,NORMAL
2026-01-22,248.7379,-0.000921,0.626327,0.215115,0.091299,0.140826,NORMAL
2026-01-22,248.7379,0.0,0.647024,0.186471,0.082034,0.123809,NORMAL
2026-01-22,248.7379,0.0,0.669135,0.162726,0.074544,0.109817,NORMAL
2026-01-22,248.967,0.000921,0.692811,0.168615,0.068648,0.108635,NORMAL
2026-01-22,248.967,0.0,0.718223,0.125251,0.063565,0.088239,NORMAL
2026-01-22,248.967,0.0,0.745571,0.10879,0.05857,0.078658,NORMAL
2026-01-22,248.967,0.0,0.775085,0.097501,0.052667,0.070601,NORMAL
2026-01-22,248.967,0.0,0.807031,0.084021,0.045284,0.060779,NORMAL
2026-01-22,248.967,0.0,0.841723,0.089383,0.04363,0.061931,NORMAL
2026-01-23,246.8614,-0.008493,0.89601,0.316449,0.046906,0.154723,NORMAL
2026-01-23,246.8614,0.0,0.908658,0.164664,0.051157,0.096559,NORMAL
2026-01-23,246.8614,0.0,0.921669,0.134845,0.052308,0.085323,NORMAL
2026-01-23,247.0888,0.000921,0.935057,0.097884,0.049615,0.068923,NORMAL
2026-01-23,247.0888,0.0,0.94884,0.061003,0.044411,0.051048,NORMAL
2026-01-23,247.0888,0.0,0.963035,0.059785,0.039098,0.047373,NORMAL
2026-01-23,247.0888,0.0,0.977661,0.060603,0.035403,0.045483,NORMAL
2026-01-23,247.0888,0.0,0.992739,0.060883,0.031416,0.043203,NORMAL
2026-01-23,247.0888,0.0,1.008289,0.055788,0.02393,0.036673,NORMAL
2026-01-23,247.0888,0.0,1.024334,0.061974,0.020868,0.03731,NORMAL
2026-01-26,251.0136,0.015759,1.348275,0.442543,0.039894,0.200954,NORMAL
2026-01-26,251.0136,0.0,1.322376,0.142458,0.049836,0.086885,NORMAL
2026-01-26,251.0137,0.0,1.297452,0.120424,0.054316,0.080759,NORMAL
2026-01-26,251.2449,0.000921,1.27345,0.126073,0.055063,0.083467,NORMAL
2026-01-26,251.2449,0.0,1.250321,0.095867,0.054975,0.071332,NORMAL
2026-01-26,251.2449,0.0,1.228016,0.087146,0.055697,0.068277,NORMAL
2026-01-26,251.2449,0.0,1.206494,0.078751,0.05644,0.065365,NORMAL
2026-01-26,251.2449,0.0,1.185713,0.08338,0.055797,0.066831,NORMAL
2026-01-26,251.2449,0.0,1.165635,0.077855,0.054644,0.063928,NORMAL
2026-01-26,251.2449,0.0,1.146226,0.072932,0.058028,0.06399,NORMAL
2026-01-27,258.6894,0.0292,1.008557,0.66953,0.0709,0.310352,NORMAL
2026-01-27,258.6894,0.0,1.000469,0.346452,0.077959,0.185356,NORMAL
2026-01-27,258.6894,0.0,0.99251,0.276316,0.080726,0.158962,NORMAL
2026-01-27,258.9277,0.000921,0.984676,0.293195,0.080696,0.165696,NORMAL
2026-01-27,258.9277,0.0,0.976965,0.257457,0.079596,0.15074,NORMAL
2026-01-27,258.9277,0.0,0.969374,0.25801,0.077439,0.149668,NORMAL
2026-01-27,258.9277,0.0,0.961899,0.258279,0.075109,0.148377,NORMAL
2026-01-27,258.9277,0.0,0.95454,0.237883,0.072973,0.138937,NORMAL
2026-01-27,258.9277,0.0,0.947292,0.230259,0.0705,0.134404,NORMAL
2026-01-27,258.9277,0.0,0.940153,0.212507,0.065519,0.124314,NORMAL
2026-01-28,257.1722,-0.006803,0.792861,0.381021,0.068486,0.1935,NORMAL
2026-01-28,257.1722,0.0,0.804197,0.260043,0.071335,0.146818,NORMAL
2026-01-28,257.4091,0.000921,0.815862,0.273229,0.07351,0.153398,NORMAL
2026-01-28,257.4091,0.0,0.827871,0.225701,0.077143,0.136566,NORMAL
2026-01-28,257.1722,-0.000921,0.840238,0.236096,0.081419,0.14329,NORMAL
2026-01-28,257.4091,0.000921,0.85298,0.222282,0.084283,0.139483,NORMAL
2026-01-28,257.4091,0.0,0.866115,0.1836,0.084353,0.124052,NORMAL
2026-01-28,257.4091,0.0,0.879661,0.159909,0.07991,0.11191,NORMAL
2026-01-28,257.4091,0.0,0.893637,0.1357,0.071377,0.097107,NORMAL
2026-01-28,257.4091,0.0,0.908064,0.122427,0.065919,0.088522,NORMAL
2026-01-29,257.5215,0.000437,1.451032,0.240064,0.08858,0.149173,NORMAL
2026-01-29,257.5215,0.0,1.423988,0.216224,0.093096,0.142347,NORMAL
2026-01-29,257.7588,0.000921,1.397934,0.222432,0.086022,0.140586,NORMAL
2026-01-29,257.7588,0.0,1.372816,0.181226,0.073348,0.116499,NORMAL
2026-01-29,257.5215,-0.000921,1.348585,0.209682,0.062846,0.121581,NORMAL
2026-01-29,257.7588,0.000921,1.325194,0.183158,0.056894,0.1074,NORMAL
2026-01-29,257.7588,0.0,1.302601,0.15253,0.055501,0.094313,NORMAL
2026-01-29,257.7588,0.0,1.280765,0.143282,0.056478,0.0912,NORMAL
2026-01-29,257.7588,0.0,1.259649,0.139592,0.058093,0.090693,NORMAL
2026-01-29,257.7588,0.0,1.239218,0.161625,0.056942,0.098815,NORMAL
2026-01-30,254.6968,-0.01195,1.626715,0.546487,0.068366,0.259614,NORMAL
2026-01-30,254.6968,0.0,1.556652,0.354008,0.071266,0.184363,NORMAL
2026-01-30,254.6968,0.0,1.492375,0.309702,0.072647,0.167469,NORMAL
2026-01-30,254.9314,0.000921,1.433196,0.26395,0.077329,0.151977,NORMAL
2026-01-30,254.9314,0.0,1.378531,0.202662,0.0835,0.131165,NORMAL
2026-01-30,254.9314,0.0,1.327883,0.172627,0.089298,0.12263,NORMAL
2026-01-30,254.9314,0.0,1.280825,0.143326,0.093352,0.113342,NORMAL
2026-01-30,254.9314,0.0,1.236988,0.137009,0.093901,0.111144,NORMAL
2026-01-30,254.9314,0.0,1.196052,0.121502,0.089608,0.102365,NORMAL
2026-01-30,254.9314,0.0,1.157739,0.110608,0.08142,0.093095,NORMAL
2026-02-02,259.7869,0.018867,0.921829,0.392055,0.098318,0.215812,NORMAL
2026-02-02,259.5478,-0.000921,0.918016,0.127963,0.101402,0.112027,NORMAL
2026-02-02,259.5478,0.0,0.914235,0.094284,0.099089,0.097167,NORMAL
2026-02-02,259.5478,0.0,0.910485,0.091873,0.096549,0.094679,NORMAL
2026-02-02,259.7869,0.000921,0.906765,0.123326,0.09459,0.106084,NORMAL
2026-02-02,259.7869,0.0,0.903075,0.104818,0.09204,0.097151,NORMAL
2026-02-02,259.7869,0.0,0.899416,0.107058,0.086338,0.094626,NORMAL
2026-02-02,259.7869,0.0,0.895786,0.111005,0.074477,0.089088,NORMAL
2026-02-02,259.7869,0.0,0.892185,0.109511,0.059216,0.079334,NORMAL
2026-02-02,259.7869,0.0,0.888613,0.114941,0.052182,0.077285,NORMAL
2026-02-03,268.7008,0.033737,0.787453,0.760888,0.073622,0.348528,NORMAL
2026-02-03,268.7008,0.0,0.801193,0.448495,0.086242,0.231143,NORMAL
2026-02-03,268.7008,0.0,0.815421,0.375465,0.096229,0.207924,NORMAL
2026-02-03,268.9484,0.000921,0.830164,0.389001,0.107727,0.220236,NORMAL
2026-02-03,268.9484,0.0,0.84545,0.346421,0.118962,0.209946,NORMAL
2026-02-03,268.9484,0.0,0.861309,0.32569,0.129575,0.208021,NORMAL
2026-02-03,268.9484,0.0,0.877774,0.336415,0.137449,0.217035,NORMAL
2026-02-03,268.9484,0.0,0.894881,0.323668,0.140682,0.213876,NORMAL
2026-02-03,268.9484,0.0,0.912669,0.312025,0.137101,0.207071,NORMAL
2026-02-03,268.9484,0.0,0.931178,0.283551,0.132304,0.192803,NORMAL
2026-02-04,272.0355,0.011413,1.293775,0.586938,0.142929,0.320533,NORMAL
2026-02-04,271.785,-0.000921,1.278582,0.382636,0.137351,0.235465,NORMAL
2026-02-04,271.785,0.0,1.263742,0.330931,0.123923,0.206726,NORMAL
2026-02-04,271.785,0.0,1.249242,0.319269,0.11066,0.194104,NORMAL
2026-02-04,272.0355,0.000921,1.235071,0.347866,0.100719,0.199578,NORMAL
2026-02-04,272.0355,0.0,1.221218,0.283549,0.094198,0.169938,NORMAL
2026-02-04,272.0355,0.0,1.207673,0.263637,0.089702,0.159276,NORMAL
2026-02-04,272.0355,0.0,1.194424,0.22964,0.086245,0.143603,NORMAL
2026-02-04,272.0355,0.0,1.181464,0.177473,0.084535,0.12171,NORMAL
2026-02-04,272.0355,0.0,1.168781,0.126154,0.091096,0.105119,NORMAL
2026-02-05,277.6142,0.0203,0.688919,0.653322,0.112956,0.329103,NORMAL
2026-02-05,277.6142,0.0,0.694071,0.326323,0.123144,0.204416,NORMAL
2026-02-05,277.6142,0.0,0.699301,0.289991,0.12566,0.191392,NORMAL
2026-02-05,277.87,0.000921,0.704611,0.305308,0.124349,0.196733,NORMAL
2026-02-05,277.87,0.0,0.710002,0.268345,0.120479,0.179625,NORMAL
2026-02-05,277.87,0.0,0.715476,0.266113,0.11611,0.176111,NORMAL
2026-02-05,277.87,0.0,0.721035,0.261389,0.111851,0.171666,NORMAL
2026-02-05,277.87,0.0,0.726681,0.253668,0.106679,0.165475,NORMAL
2026-02-05,277.87,0.0,0.732416,0.258653,0.098961,0.162838,NORMAL
2026-02-05,277.87,0.0,0.738242,0.256565,0.090129,0.156703,NORMAL
2026-02-06,276.6061,-0.004559,0.723274,0.356027,0.077761,0.189067,NORMAL
2026-02-06,276.6061,0.0,0.744674,0.272494,0.071038,0.15162,NORMAL
2026-02-06,276.8609,0.000921,0.767379,0.294471,0.068602,0.158949,NORMAL
2026-02-06,276.8609,0.0,0.791512,0.257257,0.06928,0.144471,NORMAL
2026-02-06,276.6061,-0.000921,0.817212,0.258756,0.0733,0.147483,NORMAL
2026-02-06,276.8609,0.000921,0.844637,0.243346,0.077758,0.143993,NORMAL
2026-02-06,276.8609,0.0,0.873966,0.20053,0.082416,0.129662,NORMAL
2026-02-06,276.8609,0.0,0.905406,0.184873,0.08549,0.125243,NORMAL
2026-02-06,276.8609,0.0,0.939192,0.172153,0.084822,0.119754,NORMAL
2026-02-06,276.8609,0.0,0.975597,0.177366,0.090038,0.124969,NORMAL
2026-02-09,277.6542,0.002861,0.869891,0.256697,0.095565,0.160018,NORMAL
2026-02-09,277.6542,0.0,0.877032,0.176368,0.098999,0.129947,NORMAL
2026-02-09,277.6542,0.0,0.884292,0.175122,0.096385,0.12788,NORMAL
2026-02-09,277.91,0.000921,0.891673,0.202625,0.087036,0.133271,NORMAL
2026-02-09,277.91,0.0,0.899178,0.170781,0.072529,0.11183,NORMAL
2026-02-09,277.91,0.0,0.90681,0.170167,0.058501,0.103168,NORMAL
2026-02-09,277.91,0.0,0.914573,0.1697,0.047096,0.096137,NORMAL
2026-02-09,277.91,0.0,0.92247,0.171177,0.037283,0.09084,NORMAL
2026-02-09,277.91,0.0,0.930505,0.171357,0.028588,0.085696,NORMAL
2026-02-09,277.91,0.0,0.938681,0.166574,0.013241,0.074574,NORMAL
2026-02-10,274.637,-0.011847,0.735577,0.463765,0.025156,0.2006,NORMAL
2026-02-10,274.637,0.0,0.748451,0.291006,0.033574,0.136547,NORMAL
2026-02-10,274.89,0.000921,0.761782,0.27872,0.037486,0.13398,NORMAL
2026-02-10,274.89,0.0,0.775598,0.230125,0.039392,0.115685,NORMAL
2026-02-10,274.637,-0.000921,0.789924,0.260563,0.040348,0.128434,NORMAL
2026-02-10,274.89,0.000921,0.804788,0.232873,0.040368,0.11737,NORMAL
2026-02-10,274.89,0.0,0.820224,0.193609,0.039598,0.101202,NORMAL
2026-02-10,274.89,0.0,0.836262,0.191542,0.037077,0.098863,NORMAL
2026-02-10,274.89,0.0,0.852941,0.176743,0.03184,0.089801,NORMAL
2026-02-10,274.89,0.0,0.870298,0.177152,0.023324,0.084855,NORMAL
2026-02-11,274.4471,-0.001612,1.302661,0.275366,0.02851,0.127252,NORMAL
2026-02-11,274.4471,0.0,1.29083,0.226789,0.027458,0.10719,NORMAL
2026-02-11,274.7,0.000921,1.279212,0.246593,0.023814,0.112925,NORMAL
2026-02-11,274.7,0.0,1.2678,0.204797,0.022995,0.095716,NORMAL
2026-02-11,274.4471,-0.000921,1.256591,0.238255,0.026315,0.111091,NORMAL
2026-02-11,274.7,0.000921,1.245578,0.228682,0.029425,0.109128,NORMAL
2026-02-11,274.7,0.0,1.234757,0.194554,0.031306,0.096605,NORMAL
2026-02-11,274.7,0.0,1.224122,0.176147,0.032394,0.089895,NORMAL
2026-02-11,274.7,0.0,1.213668,0.179196,0.03394,0.092043,NORMAL
2026-02-11,274.7,0.0,1.203392,0.204763,0.036198,0.103624,NORMAL
2026-02-12,275.3363,0.002314,1.782343,0.478454,0.070755,0.233834,NORMAL
2026-02-12,275.3363,0.0,1.69532,0.394804,0.089129,0.211399,NORMAL
2026-02-12,275.3363,0.0,1.616399,0.357646,0.096563,0.200996,NORMAL
2026-02-12,275.59,0.000921,1.544499,0.356949,0.098134,0.20166,NORMAL
2026-02-12,275.59,0.0,1.478724,0.306177,0.09713,0.180749,NORMAL
2026-02-12,275.59,0.0,1.418322,0.269018,0.095532,0.164926,NORMAL
2026-02-12,275.59,0.0,1.36266,0.239859,0.092857,0.151658,NORMAL
2026-02-12,275.59,0.0,1.311203,0.218552,0.088472,0.140504,NORMAL
2026-02-12,275.59,0.0,1.26349,0.197863,0.083978,0.129532,NORMAL
2026-02-12,275.59,0.0,1.219128,0.18194,0.0857,0.124196,NORMAL
2026-02-13,262.01,-0.050532,0.843657,0.764018,0.173735,0.409848,LOW
2026-02-13,261.7688,-0.000921,0.84091,0.562912,0.188353,0.338177,NORMAL
2026-02-13,261.7688,0.0,0.838181,0.512514,0.161876,0.302131,NORMAL
2026-02-13,262.01,0.000921,0.835469,0.477802,0.14572,0.278553,NORMAL
2026-02-13,261.7688,-0.000921,0.832775,0.472019,0.13937,0.272429,NORMAL
2026-02-13,262.01,0.000921,0.830099,0.46045,0.135079,0.265227,NORMAL
2026-02-13,262.01,0.0,0.827439,0.42915,0.130436,0.249921,NORMAL
2026-02-13,262.01,0.0,0.824796,0.448293,0.125067,0.254357,NORMAL
2026-02-13,262.01,0.0,0.82217,0.463696,0.119983,0.257469,NORMAL
2026-02-13,262.01,0.0,0.819561,0.45714,0.117122,0.253129,NORMAL
2026-02-17,257.8125,-0.01615,0.865522,0.652693,0.123718,0.335308,NORMAL
2026-02-17,257.8125,0.0,0.880252,0.506079,0.129786,0.280303,NORMAL
2026-02-17,257.8125,0.0,0.895492,0.489527,0.13607,0.277453,NORMAL
2026-02-17,258.05,0.000921,0.911268,0.487224,0.138108,0.277754,NORMAL
2026-02-17,258.05,0.0,0.927611,0.428267,0.134646,0.252094,NORMAL
2026-02-17,258.05,0.0,0.94455,0.412039,0.1288,0.242095,NORMAL
2026-02-17,258.05,0.0,0.96212,0.378527,0.120218,0.223542,NORMAL
2026-02-17,258.05,0.0,0.980356,0.333591,0.108843,0.198742,NORMAL
2026-02-17,258.05,0.0,0.999296,0.252727,0.096723,0.159125,NORMAL
2026-02-17,258.05,0.0,1.018982,0.152344,0.105326,0.124134,NORMAL
2026-02-18,263.3574,0.020359,0.607783,0.512878,0.125971,0.280734,NORMAL
2026-02-18,263.3574,0.0,0.619949,0.238782,0.150396,0.185751,NORMAL
2026-02-18,263.3574,0.0,0.632612,0.235753,0.175445,0.199568,NORMAL
2026-02-18,263.6,0.000921,0.645803,0.263696,0.193735,0.22172,NORMAL
2026-02-18,263.6,0.0,0.659556,0.227036,0.204272,0.213378,NORMAL
2026-02-18,263.6,0.0,0.673908,0.214925,0.211272,0.212733,NORMAL
2026-02-18,263.6,0.0,0.688898,0.200289,0.215971,0.209698,NORMAL
2026-02-18,263.6,0.0,0.70457,0.195936,0.209289,0.203948,NORMAL
2026-02-18,263.6,0.0,0.720972,0.192139,0.178102,0.183716,NORMAL
2026-02-18,263.6,0.0,0.738155,0.194639,0.129696,0.155673,NORMAL
2026-02-19,262.6,-0.003801,0.686137,0.311342,0.110495,0.190834,NORMAL
2026-02-19,262.3583,-0.000921,0.707886,0.251739,0.099681,0.160505,NORMAL
2026-02-19,262.3583,0.0,0.731059,0.216743,0.094769,0.143559,NORMAL
2026-02-19,262.3583,0.0,0.7558,0.202383,0.095077,0.137999,NORMAL
2026-02-19,262.6,0.000921,0.782275,0.216596,0.095535,0.143959,NORMAL
2026-02-19,262.6,0.0,0.810672,0.171758,0.098216,0.127633,NORMAL
2026-02-19,262.6,0.0,0.841208,0.14779,0.102051,0.120346,NORMAL
2026-02-19,262.6,0.0,0.874134,0.127806,0.104916,0.114072,NORMAL
2026-02-19,262.6,0.0,0.909744,0.119055,0.109402,0.113263,NORMAL
2026-02-19,262.6,0.0,0.948377,0.123864,0.111228,0.116282,NORMAL
2026-02-20,258.7316,-0.014841,1.278053,0.486275,0.128636,0.271692,NORMAL
2026-02-20,258.7316,0.0,1.26296,0.261295,0.118733,0.175758,NORMAL
2026-02-20,258.7316,0.0,1.248221,0.239403,0.105718,0.159192,NORMAL
2026-02-20,258.97,0.000921,1.233821,0.209223,0.092018,0.1389,NORMAL
2026-02-20,258.97,0.0,1.219749,0.167537,0.079618,0.114786,NORMAL
2026-02-20,258.97,0.0,1.205995,0.163338,0.068287,0.106307,NORMAL
2026-02-20,258.97,0.0,1.192548,0.157563,0.060494,0.099322,NORMAL
2026-02-20,258.97,0.0,1.179397,0.147735,0.055215,0.092223,NORMAL
2026-02-20,258.97,0.0,1.166534,0.135193,0.049317,0.083667,NORMAL
2026-02-20,258.97,0.0,1.153947,0.131248,0.045098,0.079558,NORMAL
2026-02-23,263.2474,0.016382,1.014332,0.370634,0.058726,0.183489,NORMAL
2026-02-23,263.2474,0.0,1.005498,0.102229,0.06341,0.078937,NORMAL
2026-02-23,263.49,0.000921,0.996817,0.129782,0.061587,0.088865,NORMAL
2026-02-23,263.49,0.0,0.988284,0.108267,0.055577,0.076653,NORMAL
2026-02-23,263.2474,-0.000921,0.979896,0.153558,0.048232,0.090362,NORMAL
2026-02-23,263.49,0.000921,0.971649,0.157339,0.041206,0.087659,NORMAL
2026-02-23,263.49,0.0,0.96354,0.128016,0.035998,0.072805,NORMAL
2026-02-23,263.49,0.0,0.955565,0.130321,0.033712,0.072356,NORMAL
2026-02-23,263.49,0.0,0.947722,0.126158,0.034755,0.071316,NORMAL
2026-02-23,263.49,0.0,0.940005,0.12843,0.038788,0.074645,NORMAL
2026-02-24,267.6134,0.015528,1.177232,0.47532,0.04414,0.216612,NORMAL
2026-02-24,267.6134,0.0,1.16999,0.172171,0.046611,0.096835,NORMAL
2026-02-24,267.6134,0.0,1.162836,0.168917,0.047291,0.095942,NORMAL
2026-02-24,267.86,0.000921,1.15577,0.20697,0.04748,0.111276,NORMAL
2026-02-24,267.86,0.0,1.148788,0.166108,0.048492,0.095538,NORMAL
2026-02-24,267.86,0.0,1.141891,0.155885,0.049992,0.09235,NORMAL
2026-02-24,267.86,0.0,1.135076,0.153425,0.050244,0.091517,NORMAL
2026-02-24,267.86,0.0,1.128342,0.153334,0.04706,0.08957,NORMAL
2026-02-24,267.86,0.0,1.121687,0.13499,0.039476,0.077682,NORMAL
2026-02-24,267.86,0.0,1.11511,0.121377,0.030373,0.066774,NORMAL
2026-02-25,271.5298,0.013607,0.803071,0.482959,0.046031,0.220802,NORMAL
2026-02-25,271.5298,0.0,0.806523,0.219554,0.057002,0.122023,NORMAL
2026-02-25,271.78,0.000921,0.810005,0.241661,0.064817,0.135555,NORMAL
2026-02-25,271.78,0.0,0.813518,0.209129,0.06938,0.12528,NORMAL
2026-02-25,271.5298,-0.000921,0.81706,0.197962,0.069687,0.120997,NORMAL
2026-02-25,271.78,0.000921,0.820634,0.19569,0.06707,0.118518,NORMAL
2026-02-25,271.78,0.0,0.824239,0.173377,0.062154,0.106643,NORMAL
2026-02-25,271.78,0.0,0.827876,0.155733,0.055271,0.095456,NORMAL
2026-02-25,271.78,0.0,0.831545,0.147907,0.045912,0.08671,NORMAL
2026-02-25,271.78,0.0,0.835247,0.131365,0.035302,0.073727,NORMAL
2026-02-26,274.6969,0.010675,0.816157,0.406322,0.035562,0.183866,NORMAL
2026-02-26,274.6969,0.0,0.831547,0.184625,0.033943,0.094216,NORMAL
2026-02-26,274.95,0.000921,0.847529,0.20522,0.031538,0.101011,NORMAL
2026-02-26,274.95,0.0,0.864136,0.166851,0.02894,0.084105,NORMAL
2026-02-26,274.6969,-0.000921,0.881408,0.182268,0.027135,0.089189,NORMAL
2026-02-26,274.95,0.000921,0.899384,0.164617,0.026518,0.081757,NORMAL
2026-02-26,274.95,0.0,0.918109,0.137522,0.026898,0.071148,NORMAL
2026-02-26,274.95,0.0,0.93763,0.126184,0.027085,0.066724,NORMAL
2026-02-26,274.95,0.0,0.957999,0.129323,0.025231,0.066868,NORMAL
2026-02-26,274.95,0.0,0.979273,0.114576,0.025519,0.061142,NORMAL
2026-02-27,272.5589,-0.008735,2.069843,0.597555,0.122512,0.312529,NORMAL
2026-02-27,272.5589,0.0,1.961422,0.449781,0.114864,0.248831,NORMAL
2026-02-27,272.5589,0.0,1.863794,0.426953,0.114033,0.239201,NORMAL
2026-02-27,272.81,0.000921,1.775423,0.440622,0.116625,0.246224,NORMAL
2026-02-27,272.81,0.0,1.695054,0.373927,0.107092,0.213826,NORMAL
2026-02-27,272.81,0.0,1.621645,0.341275,0.097613,0.195078,NORMAL
2026-02-27,272.81,0.0,1.554331,0.30399,0.093768,0.177857,NORMAL
2026-02-27,272.81,0.0,1.492383,0.27684,0.097419,0.169187,NORMAL
2026-02-27,272.81,0.0,1.435183,0.251397,0.103805,0.162842,NORMAL
2026-02-27,272.81,0.0,1.382206,0.22645,0.111581,0.157529,NORMAL
2026-03-02,262.41,-0.038867,0.791746,0.726073,0.155947,0.383997,NORMAL
2026-03-02,262.1684,-0.000921,0.784704,0.538362,0.170296,0.317522,NORMAL
2026-03-02,262.1684,0.0,0.777785,0.483132,0.173243,0.297199,NORMAL
2026-03-02,262.41,0.000921,0.770988,0.454981,0.167141,0.282277,NORMAL
2026-03-02,262.1684,-0.000921,0.764308,0.433423,0.154071,0.265811,NORMAL
2026-03-02,262.41,0.000921,0.757743,0.407997,0.138284,0.246169,NORMAL
2026-03-02,262.41,0.0,0.75129,0.374864,0.124018,0.224357,NORMAL
2026-03-02,262.41,0.0,0.744946,0.37718,0.114512,0.219579,NORMAL
2026-03-02,262.41,0.0,0.738708,0.388486,0.110393,0.22163,NORMAL
2026-03-02,262.41,0.0,0.732574,0.363931,0.11245,0.213042,NORMAL
2026-03-03,263.48,0.004069,0.696098,0.49181,0.12044,0.268988,NORMAL
2026-03-03,263.48,0.0,0.717996,0.372657,0.133116,0.228932,NORMAL
2026-03-03,263.48,0.0,0.741317,0.355775,0.152507,0.233814,NORMAL
2026-03-03,263.48,0.0,0.766203,0.330437,0.177698,0.238793,NORMAL
2026-03-03,263.48,0.0,0.792819,0.31412,0.20002,0.24566,NORMAL
2026-03-03,263.48,0.0,0.82135,0.297251,0.211646,0.245888,NORMAL
2026-03-03,263.48,0.0,0.852012,0.247654,0.212214,0.22639,NORMAL
2026-03-03,263.2375,-0.000921,0.885051,0.239383,0.193715,0.211982,NORMAL
2026-03-03,263.2375,0.0,0.920756,0.152236,0.147981,0.149683,NORMAL
2026-03-03,263.2375,0.0,0.959464,0.119313,0.122475,0.12121,NORMAL
2026-03-04,264.4064,0.004431,0.992666,0.249817,0.100728,0.160364,NORMAL
2026-03-04,264.4064,0.0,0.995179,0.132616,0.088758,0.106301,NORMAL
2026-03-04,264.4064,0.0,0.997704,0.125006,0.082173,0.099307,NORMAL
2026-03-04,264.65,0.000921,1.000243,0.138129,0.074373,0.099875,NORMAL
2026-03-04,264.65,0.0,1.002794,0.109483,0.064665,0.082592,NORMAL
2026-03-04,264.65,0.0,1.005358,0.106194,0.059579,0.078225,NORMAL
2026-03-04,264.65,0.0,1.007936,0.10412,0.06419,0.080162,NORMAL
2026-03-04,264.65,0.0,1.010526,0.104875,0.070907,0.084494,NORMAL
2026-03-04,264.65,0.0,1.01313,0.102754,0.061106,0.077765,NORMAL
2026-03-04,264.65,0.0,1.015748,0.099277,0.031076,0.058356,NORMAL
2026-03-05,260.79,-0.014693,1.249572,0.453555,0.034981,0.202411,NORMAL
2026-03-05,260.55,-0.000921,1.232377,0.282381,0.038069,0.135793,NORMAL
2026-03-05,260.55,0.0,1.215649,0.212573,0.040233,0.109169,NORMAL
2026-03-05,260.55,0.0,1.199369,0.193776,0.043401,0.103551,NORMAL
2026-03-05,260.79,0.000921,1.183519,0.172982,0.045652,0.096584,NORMAL
2026-03-05,260.79,0.0,1.168083,0.134387,0.046022,0.081368,NORMAL
2026-03-05,260.79,0.0,1.153044,0.125452,0.043931,0.07654,NORMAL
2026-03-05,260.79,0.0,1.138387,0.125896,0.040735,0.074799,NORMAL
2026-03-05,260.79,0.0,1.124099,0.12276,0.036957,0.071278,NORMAL
2026-03-05,260.79,0.0,1.110164,0.11883,0.034079,0.06798,NORMAL
2026-03-06,258.63,-0.008317,0.917925,0.338352,0.03772,0.157972,NORMAL
2026-03-06,258.63,0.0,0.916578,0.185229,0.043749,0.100341,NORMAL
2026-03-06,258.63,0.0,0.915234,0.183625,0.05173,0.104488,NORMAL
2026-03-06,258.63,0.0,0.913895,0.179847,0.059348,0.107548,NORMAL
2026-03-06,258.63,0.0,0.91256,0.17612,0.062315,0.107837,NORMAL
2026-03-06,258.63,0.0,0.911228,0.171982,0.057125,0.103068,NORMAL
2026-03-06,258.3919,-0.000921,0.9099,0.221149,0.045221,0.115592,NORMAL
2026-03-06,258.3919,0.0,0.908576,0.180789,0.031265,0.091075,NORMAL
2026-03-06,258.3919,0.0,0.907257,0.18177,0.022503,0.08621,NORMAL
2026-03-06,258.63,0.000921,0.90594,0.122789,0.018189,0.060029,NORMAL
2026-03-09,255.69,-0.011433,0.852762,0.397116,0.020065,0.170885,NORMAL
2026-03-09,255.4546,-0.000921,0.863787,0.255409,0.021385,0.114995,NORMAL
2026-03-09,255.4546,0.0,0.8751,0.189626,0.021662,0.088848,NORMAL
2026-03-09,255.4546,0.0,0.886714,0.191086,0.021726,0.08947,NORMAL
2026-03-09,255.69,0.000921,0.89864,0.136514,0.022376,0.068031,NORMAL
2026-03-09,255.69,0.0,0.910891,0.110391,0.023788,0.058429,NORMAL
2026-03-09,255.69,0.0,0.923481,0.106013,0.025184,0.057516,NORMAL
2026-03-09,255.69,0.0,0.936424,0.096815,0.02483,0.053624,NORMAL
2026-03-09,255.69,0.0,0.949734,0.092231,0.020255,0.049045,NORMAL
2026-03-09,255.69,0.0,0.963429,0.082432,0.014184,0.041483,NORMAL
2026-03-10,257.65,0.007636,0.781518,0.30458,0.023087,0.135684,NORMAL
2026-03-10,257.65,0.0,0.792173,0.143445,0.026903,0.07352,NORMAL
2026-03-10,257.65,0.0,0.803122,0.130561,0.026687,0.068237,NORMAL
2026-03-10,257.65,0.0,0.814378,0.127713,0.024536,0.065807,NORMAL
2026-03-10,257.65,0.0,0.825954,0.121857,0.022741,0.062387,NORMAL
2026-03-10,257.65,0.0,0.837863,0.110073,0.021535,0.05695,NORMAL
2026-03-10,257.65,0.0,0.850122,0.110006,0.020956,0.056576,NORMAL
2026-03-10,257.4128,-0.000921,0.862744,0.132087,0.021511,0.065741,NORMAL
2026-03-10,257.4128,0.0,0.875747,0.113782,0.022248,0.058862,NORMAL
2026-03-10,257.4128,0.0,0.889147,0.112128,0.025818,0.060342,NORMAL
2026-03-11,260.8497,0.013263,0.7756,0.416173,0.028405,0.183512,NORMAL
2026-03-11,260.8497,0.0,0.789614,0.153082,0.029333,0.078833,NORMAL
2026-03-11,261.09,0.000921,0.804145,0.147498,0.029572,0.076743,NORMAL
2026-03-11,261.09,0.0,0.81922,0.110002,0.029125,0.061476,NORMAL
2026-03-11,260.8497,-0.000921,0.834871,0.140435,0.028124,0.073049,NORMAL
2026-03-11,261.09,0.000921,0.851131,0.112438,0.027124,0.06125,NORMAL
2026-03-11,261.09,0.0,0.868038,0.08144,0.026115,0.048245,NORMAL
2026-03-11,261.09,0.0,0.88563,0.083761,0.025399,0.048743,NORMAL
2026-03-11,261.09,0.0,0.903949,0.08167,0.024093,0.047124,NORMAL
2026-03-11,261.09,0.0,0.923043,0.076119,0.022576,0.043993,NORMAL
2026-03-12,258.4219,-0.010272,1.410824,0.405722,0.049567,0.192029,NORMAL
2026-03-12,258.4219,0.0,1.386364,0.209026,0.058132,0.11849,NORMAL
2026-03-12,258.66,0.000921,1.362738,0.215565,0.054687,0.119038,NORMAL
2026-03-12,258.66,0.0,1.339903,0.179731,0.049359,0.101508,NORMAL
2026-03-12,258.4219,-0.000921,1.317821,0.198487,0.045708,0.10682,NORMAL
2026-03-12,258.66,0.000921,1.296455,0.188545,0.04376,0.101674,NORMAL
2026-03-12,258.66,0.0,1.275771,0.144869,0.04377,0.084209,NORMAL
2026-03-12,258.66,0.0,1.255736,0.137502,0.045433,0.08226,NORMAL
2026-03-12,258.66,0.0,1.236321,0.140492,0.048261,0.085153,NORMAL
2026-03-12,258.66,0.0,1.217497,0.120944,0.052508,0.079882,NORMAL
2026-03-13,255.48,-0.01237,1.084836,0.384771,0.056761,0.187965,NORMAL
2026-03-13,255.48,0.0,1.068034,0.165476,0.056464,0.100069,NORMAL
2026-03-13,255.48,0.0,1.051744,0.132051,0.053746,0.085068,NORMAL
2026-03-13,255.48,0.0,1.035943,0.127426,0.049707,0.080794,NORMAL
2026-03-13,255.48,0.0,1.020611,0.13599,0.045428,0.081653,NORMAL
2026-03-13,255.48,0.0,1.005725,0.116949,0.041797,0.071858,NORMAL
2026-03-13,255.2448,-0.000921,0.991267,0.157103,0.038795,0.086118,NORMAL
2026-03-13,255.2448,0.0,0.97722,0.122434,0.035547,0.070302,NORMAL
2026-03-13,255.2448,0.0,0.963564,0.107297,0.031154,0.061611,NORMAL
2026-03-13,255.48,0.000921,0.950286,0.117753,0.026023,0.062715,NORMAL
2026-03-16,251.8779,-0.0142,0.8347,0.422344,0.028177,0.185844,NORMAL
2026-03-16,252.11,0.000921,0.84428,0.198216,0.031227,0.098023,NORMAL
2026-03-16,251.8779,-0.000921,0.854081,0.186871,0.035729,0.096186,NORMAL
2026-03-16,251.8779,0.0,0.864114,0.143576,0.040499,0.08173,NORMAL
2026-03-16,252.11,0.000921,0.874384,0.152938,0.044914,0.088123,NORMAL
2026-03-16,252.11,0.0,0.884902,0.119599,0.047907,0.076584,NORMAL
2026-03-16,252.11,0.0,0.895675,0.104552,0.048641,0.071005,NORMAL
2026-03-16,252.11,0.0,0.906715,0.096721,0.045548,0.066017,NORMAL
2026-03-16,252.11,0.0,0.91803,0.089807,0.035917,0.057473,NORMAL
2026-03-16,252.11,0.0,0.92963,0.079733,0.024521,0.046606,NORMAL
2026-03-17,252.7272,0.002445,0.944211,0.168874,0.023727,0.081785,NORMAL
2026-03-17,252.7272,0.0,0.950546,0.085001,0.022787,0.047673,NORMAL
2026-03-17,252.7272,0.0,0.956967,0.083909,0.021938,0.046726,NORMAL
2026-03-17,252.96,0.000921,0.963475,0.10983,0.021176,0.056637,NORMAL
2026-03-17,252.96,0.0,0.970072,0.091936,0.01986,0.04869,NORMAL
2026-03-17,252.96,0.0,0.97676,0.090988,0.018684,0.047606,NORMAL
2026-03-17,252.96,0.0,0.983541,0.080589,0.017484,0.042726,NORMAL
2026-03-17,252.96,0.0,0.990416,0.084582,0.016129,0.04351,NORMAL
2026-03-17,252.96,0.0,0.997389,0.083801,0.014555,0.042253,NORMAL
2026-03-17,252.96,0.0,1.00446,0.095309,0.015099,0.047183,NORMAL
2026-03-18,252.3975,-0.002226,1.103568,0.128984,0.018352,0.062605,NORMAL
2026-03-18,252.3975,0.0,1.09733,0.07391,0.019651,0.041355,NORMAL
2026-03-18,252.63,0.000921,1.091163,0.096592,0.018036,0.049459,NORMAL
2026-03-18,252.63,0.0,1.085064,0.071663,0.015713,0.038093,NORMAL
2026-03-18,252.3975,-0.000921,1.079033,0.093509,0.013367,0.045424,NORMAL
2026-03-18,252.63,0.000921,1.073069,0.120355,0.011442,0.055007,NORMAL
2026-03-18,252.63,0.0,1.067171,0.089436,0.009794,0.041651,NORMAL
2026-03-18,252.63,0.0,1.061337,0.09094,0.008241,0.04132,NORMAL
2026-03-18,252.63,0.0,1.055566,0.091307,0.006028,0.04014,NORMAL
2026-03-18,252.63,0.0,1.049858,0.097709,0.005247,0.042232,NORMAL
2026-03-19,249.1704,-0.013789,1.019869,0.421356,0.013479,0.17663,NORMAL
2026-03-19,249.1704,0.0,1.01615,0.202917,0.018878,0.092493,NORMAL
2026-03-19,249.4,0.000921,1.012457,0.158135,0.02024,0.075398,NORMAL
2026-03-19,249.4,0.0,1.008792,0.102009,0.019377,0.052429,NORMAL
2026-03-19,249.1704,-0.000921,1.005153,0.129809,0.018313,0.062912,NORMAL
2026-03-19,249.4,0.000921,1.00154,0.103185,0.01678,0.051342,NORMAL
2026-03-19,249.4,0.0,0.997953,0.073881,0.015287,0.038724,NORMAL
2026-03-19,249.4,0.0,0.994391,0.070327,0.013542,0.036256,NORMAL
2026-03-19,249.4,0.0,0.990855,0.069729,0.011322,0.034685,NORMAL
2026-03-19,249.4,0.0,0.987344,0.068024,0.008655,0.032403,NORMAL
2026-03-20,247.7517,-0.006631,2.3282,0.5579,0.154847,0.316068,NORMAL
2026-03-20,247.7517,0.0,2.177342,0.430047,0.169312,0.273606,NORMAL
2026-03-20,247.7517,0.0,2.044844,0.427578,0.139516,0.254741,NORMAL
2026-03-20,247.98,0.000921,1.927548,0.413486,0.127163,0.241692,NORMAL
2026-03-20,247.98,0.0,1.822978,0.350704,0.131877,0.219408,NORMAL
2026-03-20,247.98,0.0,1.72917,0.315626,0.142973,0.212034,NORMAL
2026-03-20,247.98,0.0,1.644544,0.278257,0.152449,0.202772,NORMAL
2026-03-20,247.98,0.0,1.567814,0.233498,0.155539,0.186723,NORMAL
2026-03-20,247.98,0.0,1.497926,0.197065,0.152284,0.170196,NORMAL
2026-03-20,247.98,0.0,1.434002,0.186428,0.14768,0.163179,NORMAL
2026-03-23,253.97,0.023868,0.65522,0.588084,0.154495,0.327931,NORMAL
2026-03-23,253.7362,-0.000921,0.652225,0.267843,0.158053,0.201969,NORMAL
2026-03-23,253.7362,0.0,0.649258,0.207149,0.154848,0.175769,NORMAL
2026-03-23,253.7362,0.0,0.646318,0.191022,0.143712,0.162636,NORMAL
2026-03-23,253.97,0.000921,0.643404,0.212045,0.133759,0.165074,NORMAL
2026-03-23,253.97,0.0,0.640516,0.186938,0.133177,0.154681,NORMAL
2026-03-23,253.97,0.0,0.637655,0.185857,0.139047,0.157771,NORMAL
2026-03-23,253.97,0.0,0.634818,0.185673,0.142276,0.159635,NORMAL
2026-03-23,253.97,0.0,0.632007,0.196849,0.137518,0.16125,NORMAL
2026-03-23,253.97,0.0,0.629221,0.201807,0.130057,0.158757,NORMAL
2026-03-24,250.1196,-0.015277,0.724993,0.424783,0.138761,0.25317,NORMAL
2026-03-24,250.1196,0.0,0.751027,0.191841,0.150396,0.166974,NORMAL
2026-03-24,250.1196,0.0,0.779001,0.17367,0.162567,0.167008,NORMAL
2026-03-24,250.35,0.000921,0.80914,0.189044,0.171272,0.178381,NORMAL
2026-03-24,250.35,0.0,0.841704,0.137915,0.177391,0.161601,NORMAL
2026-03-24,250.35,0.0,0.877,0.122392,0.183531,0.159075,NORMAL
2026-03-24,250.35,0.0,0.915385,0.111127,0.187631,0.157029,NORMAL
2026-03-24,250.35,0.0,0.957284,0.094149,0.17891,0.145005,NORMAL
2026-03-24,250.35,0.0,1.003203,0.092875,0.152439,0.128613,NORMAL
2026-03-24,250.35,0.0,1.053749,0.069223,0.163083,0.125539,NORMAL
2026-03-25,254.1,0.014868,0.674073,0.432135,0.193599,0.289013,NORMAL
2026-03-25,253.8661,-0.000921,0.683841,0.186105,0.209023,0.199856,NORMAL
2026-03-25,253.8661,0.0,0.693897,0.146789,0.20189,0.179849,NORMAL
2026-03-25,253.8661,0.0,0.704253,0.142565,0.180199,0.165146,NORMAL
2026-03-25,254.1,0.000921,0.714923,0.165063,0.154689,0.158839,NORMAL
2026-03-25,254.1,0.0,0.725921,0.130442,0.134645,0.132963,NORMAL
2026-03-25,254.1,0.0,0.737263,0.131166,0.120218,0.124597,NORMAL
2026-03-25,254.1,0.0,0.748964,0.128538,0.104196,0.113933,NORMAL
2026-03-25,254.1,0.0,0.761043,0.119278,0.076046,0.093339,NORMAL
2026-03-25,254.1,0.0,0.773519,0.113596,0.032847,0.065147,NORMAL
2026-03-26,252.12,-0.007823,1.14053,0.243967,0.045874,0.125111,NORMAL
2026-03-26,251.8879,-0.000921,1.145776,0.118367,0.058405,0.08239,NORMAL
2026-03-26,251.8879,0.0,1.15107,0.088283,0.067139,0.075597,NORMAL
2026-03-26,251.8879,0.0,1.156414,0.092432,0.072251,0.080323,NORMAL
2026-03-26,252.12,0.000921,1.161807,0.119424,0.075314,0.092958,NORMAL
2026-03-26,252.12,0.0,1.167251,0.090405,0.082613,0.08573,NORMAL
2026-03-26,252.12,0.0,1.172746,0.088811,0.098453,0.094596,NORMAL
2026-03-26,252.12,0.0,1.178293,0.08104,0.114523,0.10113,NORMAL
2026-03-26,252.12,0.0,1.183892,0.080182,0.114686,0.100884,NORMAL
2026-03-26,252.12,0.0,1.189545,0.088644,0.087196,0.087775,NORMAL
2026-03-27,253.6663,0.006114,1.326581,0.24213,0.082338,0.146255,NORMAL
2026-03-27,253.6663,0.0,1.291835,0.101721,0.076342,0.086494,NORMAL
2026-03-27,253.6663,0.0,1.258863,0.090999,0.070303,0.078581,NORMAL
2026-03-27,253.9,0.000921,1.227533,0.103214,0.064963,0.080263,NORMAL
2026-03-27,253.9,0.0,1.197724,0.070613,0.061736,0.065287,NORMAL
2026-03-27,253.9,0.0,1.169328,0.066026,0.060032,0.06243,NORMAL
2026-03-27,253.9,0.0,1.142248,0.058675,0.057738,0.058113,NORMAL
2026-03-27,253.9,0.0,1.116393,0.056495,0.052184,0.053908,NORMAL
2026-03-27,253.9,0.0,1.091684,0.055524,0.041249,0.046959,NORMAL
2026-03-27,253.9,0.0,1.068044,0.050965,0.025611,0.035752,NORMAL
2026-03-30,250.07,-0.0152,0.881857,0.365287,0.038648,0.169304,NORMAL
2026-03-30,249.8398,-0.000921,0.88418,0.169652,0.045017,0.094871,NORMAL
2026-03-30,249.8398,0.0,0.886516,0.112273,0.046896,0.073047,NORMAL
2026-03-30,249.8398,0.0,0.888863,0.10538,0.046328,0.069949,NORMAL
2026-03-30,250.07,0.000921,0.891224,0.102434,0.044951,0.067944,NORMAL
2026-03-30,250.07,0.0,0.893596,0.083529,0.043681,0.05962,NORMAL
2026-03-30,250.07,0.0,0.895982,0.08393,0.042449,0.059041,NORMAL
2026-03-30,250.07,0.0,0.89838,0.082673,0.039364,0.056687,NORMAL
2026-03-30,250.07,0.0,0.900791,0.083295,0.031167,0.052018,NORMAL
2026-03-30,250.07,0.0,0.903215,0.084053,0.016697,0.043639,NORMAL
2026-03-31,247.6818,-0.009596,1.133463,0.339582,0.021783,0.148903,NORMAL
2026-03-31,247.6818,0.0,1.131268,0.180718,0.023574,0.086431,NORMAL
2026-03-31,247.6818,0.0,1.129082,0.176344,0.023855,0.084851,NORMAL
2026-03-31,247.91,0.000921,1.126904,0.148038,0.024057,0.07365,NORMAL
2026-03-31,247.91,0.0,1.124734,0.109947,0.025851,0.059489,NORMAL
2026-03-31,247.91,0.0,1.122573,0.11369,0.028488,0.062569,NORMAL
2026-03-31,247.91,0.0,1.12042,0.10829,0.030233,0.061456,NORMAL
2026-03-31,247.91,0.0,1.118275,0.094614,0.029238,0.055388,NORMAL
2026-03-31,247.91,0.0,1.116138,0.079208,0.025031,0.046702,NORMAL
2026-03-31,247.91,0.0,1.11401,0.069459,0.02064,0.040168,NORMAL
2026-04-01,253.8461,0.023662,0.899144,0.466051,0.042786,0.212092,NORMAL
2026-04-01,253.8461,0.0,0.898526,0.117421,0.051899,0.078108,NORMAL
2026-04-01,254.08,0.000921,0.897908,0.125804,0.053818,0.082613,NORMAL
2026-04-01,254.08,0.0,0.897292,0.080848,0.052926,0.064095,NORMAL
2026-04-01,253.8461,-0.000921,0.896676,0.119804,0.051095,0.078578,NORMAL
2026-04-01,254.08,0.000921,0.896061,0.109221,0.048826,0.072984,NORMAL
2026-04-01,254.08,0.0,0.895447,0.090238,0.045362,0.063312,NORMAL
2026-04-01,254.08,0.0,0.894834,0.090456,0.039797,0.060061,NORMAL
2026-04-01,254.08,0.0,0.894221,0.100182,0.031555,0.059006,NORMAL
2026-04-01,254.08,0.0,0.89361,0.109343,0.024578,0.058484,NORMAL
2026-04-02,253.966,-0.000449,0.712526,0.194763,0.028043,0.094731,NORMAL
2026-04-02,253.966,0.0,0.727696,0.1757,0.030224,0.088414,NORMAL
2026-04-02,254.2,0.000921,0.743526,0.191927,0.03073,0.095209,NORMAL
2026-04-02,254.2,0.0,0.76006,0.150995,0.030171,0.078501,NORMAL
2026-04-02,253.966,-0.000921,0.777346,0.183576,0.029952,0.091402,NORMAL
2026-04-02,254.2,0.000921,0.795436,0.170507,0.02955,0.085933,NORMAL
2026-04-02,254.2,0.0,0.814389,0.122627,0.028918,0.066401,NORMAL
2026-04-02,254.2,0.0,0.834267,0.093893,0.027629,0.054135,NORMAL
2026-04-02,254.2,0.0,0.855139,0.085008,0.024838,0.048906,NORMAL
2026-04-02,254.2,0.0,0.877083,0.105349,0.022776,0.055805,NORMAL
2026-04-06,256.2739,0.008125,0.834708,0.294331,0.024866,0.132652,NORMAL
2026-04-06,256.2739,0.0,0.847649,0.125257,0.025748,0.065551,NORMAL
2026-04-06,256.2739,0.0,0.860999,0.096783,0.025527,0.05403,NORMAL
2026-04-06,256.51,0.000921,0.874775,0.114963,0.0254,0.061225,NORMAL
2026-04-06,256.51,0.0,0.889,0.088448,0.026138,0.051062,NORMAL
2026-04-06,256.51,0.0,0.903694,0.076861,0.028402,0.047786,NORMAL
2026-04-06,256.51,0.0,0.918883,0.073752,0.030661,0.047897,NORMAL
2026-04-06,256.51,0.0,0.934591,0.07051,0.029979,0.046191,NORMAL
2026-04-06,256.51,0.0,0.950846,0.067797,0.024683,0.041928,NORMAL
2026-04-06,256.51,0.0,0.967675,0.070444,0.013792,0.036453,NORMAL
2026-04-07,255.9242,-0.002286,1.951114,0.437288,0.098963,0.234293,NORMAL
2026-04-07,255.9242,0.0,1.860969,0.361995,0.114604,0.21356,NORMAL
2026-04-07,255.9242,0.0,1.778786,0.346235,0.105368,0.201715,NORMAL
2026-04-07,256.16,0.000921,1.703554,0.341603,0.099402,0.196282,NORMAL
2026-04-07,256.16,0.0,1.634429,0.280906,0.091037,0.166985,NORMAL
2026-04-07,256.16,0.0,1.570694,0.243717,0.082771,0.147149,NORMAL
2026-04-07,256.16,0.0,1.511743,0.223047,0.077921,0.135971,NORMAL
2026-04-07,256.16,0.0,1.457057,0.20648,0.077213,0.128919,NORMAL
2026-04-07,256.16,0.0,1.40619,0.190088,0.080541,0.12436,NORMAL
2026-04-07,256.16,0.0,1.358754,0.184027,0.088726,0.126846,NORMAL
2026-04-08,258.45,0.0089,0.885777,0.336984,0.094194,0.19131,NORMAL
2026-04-08,258.45,0.0,0.874727,0.138013,0.094856,0.112119,NORMAL
2026-04-08,258.45,0.0,0.863951,0.112605,0.092798,0.10072,NORMAL
2026-04-08,258.45,0.0,0.853436,0.107862,0.08867,0.096347,NORMAL
2026-04-08,258.45,0.0,0.843174,0.106533,0.08468,0.093421,NORMAL
2026-04-08,258.45,0.0,0.833156,0.104279,0.079123,0.089186,NORMAL
2026-04-08,258.45,0.0,0.823374,0.115576,0.072995,0.090027,NORMAL
2026-04-08,258.2121,-0.000921,0.813818,0.135293,0.067835,0.094818,NORMAL
2026-04-08,258.2121,0.0,0.804482,0.116943,0.064537,0.0855,NORMAL
2026-04-08,258.2121,0.0,0.795357,0.122113,0.060175,0.08495,NORMAL
2026-04-09,258.7616,0.002126,0.563682,0.259322,0.065662,0.143126,NORMAL
2026-04-09,258.7616,0.0,0.583584,0.189454,0.073558,0.119916,NORMAL
2026-04-09,259.0,0.000921,0.604942,0.203734,0.082747,0.131142,NORMAL
2026-04-09,259.0,0.0,0.627923,0.182935,0.091925,0.128329,NORMAL
2026-04-09,258.7616,-0.000921,0.652719,0.221781,0.099784,0.148583,NORMAL
2026-04-09,259.0,0.000921,0.679553,0.191737,0.105586,0.140046,NORMAL
2026-04-09,259.0,0.0,0.708689,0.147276,0.106771,0.122973,NORMAL
2026-04-09,259.0,0.0,0.740435,0.135959,0.097352,0.112795,NORMAL
2026-04-09,259.0,0.0,0.775158,0.133046,0.070987,0.09581,NORMAL
2026-04-09,259.0,0.0,0.813299,0.141403,0.055827,0.090057,NORMAL
2026-04-10,259.7407,0.002856,0.917905,0.202311,0.047901,0.109665,NORMAL
2026-04-10,259.7407,0.0,0.93121,0.101376,0.043283,0.06652,NORMAL
2026-04-10,259.98,0.000921,0.944906,0.126072,0.040487,0.074721,NORMAL
2026-04-10,259.98,0.0,0.959011,0.100056,0.037936,0.062784,NORMAL
2026-04-10,259.7407,-0.000921,0.973543,0.129409,0.035663,0.073161,NORMAL
2026-04-10,259.98,0.000921,0.988523,0.121688,0.034295,0.069252,NORMAL
2026-04-10,259.98,0.0,1.003971,0.083178,0.034772,0.054134,NORMAL
2026-04-10,259.98,0.0,1.019909,0.082205,0.034856,0.053795,NORMAL
2026-04-10,259.98,0.0,1.036361,0.079306,0.028428,0.048779,NORMAL
2026-04-10,259.98,0.0,1.053354,0.076123,0.012918,0.0382,NORMAL
2026-04-13,259.4909,-0.001883,1.203323,0.17318,0.014306,0.077855,NORMAL
2026-04-13,259.73,0.000921,1.187328,0.154239,0.014674,0.0705,NORMAL
2026-04-13,259.73,0.0,1.171752,0.116846,0.016315,0.056527,NORMAL
2026-04-13,259.73,0.0,1.15658,0.115619,0.018902,0.057588,NORMAL
2026-04-13,259.73,0.0,1.141796,0.113164,0.020987,0.057858,NORMAL
2026-04-13,259.73,0.0,1.127385,0.113257,0.021069,0.057944,NORMAL
2026-04-13,259.73,0.0,1.113333,0.119638,0.018397,0.058893,NORMAL
2026-04-13,259.73,0.0,1.099628,0.12088,0.015106,0.057416,NORMAL
2026-04-13,259.4909,-0.000921,1.086255,0.145655,0.013178,0.066169,NORMAL
2026-04-13,259.4909,0.0,1.073204,0.124738,0.017146,0.060183,NORMAL
2026-04-14,259.0114,-0.00185,1.397308,0.322063,0.023109,0.142691,NORMAL
2026-04-14,259.25,0.000921,1.363668,0.245211,0.022942,0.111849,NORMAL
2026-04-14,259.0114,-0.000921,1.33161,0.242409,0.020976,0.109549,NORMAL
2026-04-14,259.0114,0.0,1.301024,0.190231,0.019395,0.087729,NORMAL
2026-04-14,259.25,0.000921,1.271812,0.195908,0.019777,0.090229,NORMAL
2026-04-14,259.25,0.0,1.243883,0.159568,0.020754,0.076279,NORMAL
2026-04-14,259.25,0.0,1.217154,0.144345,0.021559,0.070674,NORMAL
2026-04-14,259.25,0.0,1.19155,0.137641,0.021936,0.068218,NORMAL
2026-04-14,259.25,0.0,1.167,0.126852,0.021968,0.063922,NORMAL
2026-04-14,259.25,0.0,1.143442,0.119917,0.021102,0.060628,NORMAL
2026-04-15,257.9224,-0.005134,1.16114,0.298682,0.02347,0.133555,NORMAL
2026-04-15,257.9224,0.0,1.142955,0.164985,0.024054,0.080426,NORMAL
2026-04-15,257.9224,0.0,1.125331,0.144708,0.023386,0.071915,NORMAL
2026-04-15,258.16,0.000921,1.108242,0.123507,0.02177,0.062464,NORMAL
2026-04-15,258.16,0.0,1.091664,0.090078,0.020646,0.048419,NORMAL
2026-04-15,258.16,0.0,1.075575,0.089868,0.019609,0.047713,NORMAL
2026-04-15,258.16,0.0,1.059953,0.087426,0.019062,0.046408,NORMAL
2026-04-15,258.16,0.0,1.044779,0.080834,0.019251,0.043884,NORMAL
2026-04-15,258.16,0.0,1.030033,0.082332,0.020141,0.045018,NORMAL
2026-04-15,258.16,0.0,1.015697,0.085218,0.021453,0.046959,NORMAL
2026-04-16,266.5544,0.031999,0.886139,0.646377,0.057139,0.292834,NORMAL
2026-04-16,266.5544,0.0,0.890737,0.273338,0.077295,0.155712,NORMAL
2026-04-16,266.8,0.000921,0.895384,0.285281,0.085202,0.165234,NORMAL
2026-04-16,266.8,0.0,0.900078,0.208891,0.085835,0.135057,NORMAL
2026-04-16,266.5544,-0.000921,0.904823,0.228998,0.082176,0.140905,NORMAL
2026-04-16,266.8,0.000921,0.909618,0.241001,0.077027,0.142616,NORMAL
2026-04-16,266.8,0.0,0.914463,0.207502,0.071068,0.125641,NORMAL
2026-04-16,266.8,0.0,0.919361,0.211765,0.064942,0.123671,NORMAL
2026-04-16,266.8,0.0,0.924311,0.226839,0.058343,0.125742,NORMAL
2026-04-16,266.8,0.0,0.929315,0.23378,0.055727,0.126948,NORMAL
2026-04-17,266.7143,-0.000321,1.301768,0.31747,0.076352,0.172799,NORMAL
2026-04-17,266.7143,0.0,1.286068,0.289477,0.090556,0.170124,NORMAL
2026-04-17,266.96,0.000921,1.270742,0.302839,0.093485,0.177226,NORMAL
2026-04-17,266.96,0.0,1.255777,0.268456,0.086832,0.159482,NORMAL
2026-04-17,266.7143,-0.000921,1.241161,0.304739,0.074658,0.16669,NORMAL
2026-04-17,266.96,0.000921,1.226881,0.274179,0.063504,0.147774,NORMAL
2026-04-17,266.96,0.0,1.212926,0.218015,0.055429,0.120463,NORMAL
2026-04-17,266.96,0.0,1.199284,0.183516,0.051311,0.104193,NORMAL
2026-04-17,266.96,0.0,1.185947,0.130493,0.051497,0.083095,NORMAL
2026-04-17,266.96,0.0,1.172902,0.140222,0.0596,0.091849,NORMAL
2026-04-20,270.0811,0.011623,0.703076,0.478693,0.078962,0.238855,NORMAL
2026-04-20,270.0811,0.0,0.707654,0.227096,0.093484,0.146929,NORMAL
2026-04-20,270.0811,0.0,0.712291,0.200464,0.103031,0.142004,NORMAL
2026-04-20,270.33,0.000921,0.71699,0.217362,0.110973,0.153529,NORMAL
2026-04-20,270.33,0.0,0.721751,0.176814,0.116442,0.140591,NORMAL
2026-04-20,270.33,0.0,0.726576,0.175423,0.117753,0.140821,NORMAL
2026-04-20,270.33,0.0,0.731466,0.17235,0.113475,0.137025,NORMAL
2026-04-20,270.33,0.0,0.736422,0.172765,0.103395,0.131143,NORMAL
2026-04-20,270.33,0.0,0.741445,0.176915,0.08796,0.123542,NORMAL
2026-04-20,270.33,0.0,0.746538,0.174791,0.065005,0.10892,NORMAL
2026-04-21,271.2501,0.003398,1.036282,0.214652,0.066875,0.125986,NORMAL
2026-04-21,271.2501,0.0,1.048428,0.130108,0.071015,0.094652,NORMAL
2026-04-21,271.2501,0.0,1.060862,0.132436,0.07581,0.098461,NORMAL
2026-04-21,271.5,0.000921,1.073595,0.170054,0.080198,0.116141,NORMAL
2026-04-21,271.5,0.0,1.086637,0.144556,0.083039,0.107646,NORMAL
2026-04-21,271.5,0.0,1.1,0.13228,0.083947,0.10328,NORMAL
2026-04-21,271.5,0.0,1.113695,0.132203,0.083166,0.10278,NORMAL
2026-04-21,271.5,0.0,1.127736,0.141418,0.081104,0.10523,NORMAL
2026-04-21,271.5,0.0,1.142136,0.14369,0.076453,0.103348,NORMAL
2026-04-21,271.5,0.0,1.156908,0.153544,0.07552,0.106729,NORMAL
2026-04-22,267.82,-0.013647,0.988939,0.387292,0.096019,0.212529,NORMAL
2026-04-22,267.82,0.0,0.981466,0.206362,0.102245,0.143892,NORMAL
2026-04-22,267.82,0.0,0.974106,0.174086,0.096159,0.127329,NORMAL
2026-04-22,267.82,0.0,0.966856,0.152462,0.086683,0.112994,NORMAL
2026-04-22,267.82,0.0,0.959712,0.149012,0.079716,0.107434,NORMAL
2026-04-22,267.82,0.0,0.952674,0.136037,0.074196,0.098932,NORMAL
2026-04-22,267.82,0.0,0.945738,0.135097,0.069398,0.095678,NORMAL
2026-04-22,267.5735,-0.000921,0.938902,0.167977,0.061473,0.104074,NORMAL
2026-04-22,267.5735,0.0,0.932164,0.143029,0.049815,0.087101,NORMAL
2026-04-22,267.5735,0.0,0.925522,0.138955,0.034781,0.07645,NORMAL
2026-04-23,274.7968,0.026638,0.727835,0.564887,0.058746,0.261203,NORMAL
2026-04-23,274.7968,0.0,0.741415,0.198148,0.071527,0.122176,NORMAL
2026-04-23,275.05,0.000921,0.755511,0.225415,0.076862,0.136283,NORMAL
2026-04-23,275.05,0.0,0.770153,0.186448,0.075293,0.119755,NORMAL
2026-04-23,274.7968,-0.000921,0.785375,0.231094,0.070247,0.134586,NORMAL
2026-04-23,275.05,0.000921,0.80121,0.232112,0.065464,0.132123,NORMAL
2026-04-23,275.05,0.0,0.817697,0.202365,0.061213,0.117674,NORMAL
2026-04-23,275.05,0.0,0.834877,0.205282,0.056904,0.116255,NORMAL
2026-04-23,275.05,0.0,0.852794,0.200896,0.052168,0.111659,NORMAL
2026-04-23,275.05,0.0,0.871497,0.213438,0.047706,0.113999,NORMAL
2026-04-24,272.5089,-0.009282,1.002293,0.427491,0.066431,0.210855,NORMAL
2026-04-24,272.5089,0.0,1.009042,0.248647,0.083519,0.14957,NORMAL
2026-04-24,272.76,0.000921,1.015881,0.268005,0.092231,0.162541,NORMAL
2026-04-24,272.76,0.0,1.022815,0.231789,0.093733,0.148955,NORMAL
2026-04-24,272.5089,-0.000921,1.029843,0.253624,0.091759,0.156505,NORMAL
2026-04-24,272.76,0.000921,1.036969,0.250561,0.087829,0.152922,NORMAL
2026-04-24,272.76,0.0,1.044194,0.201809,0.080425,0.128979,NORMAL
2026-04-24,272.76,0.0,1.05152,0.188451,0.066952,0.115552,NORMAL
2026-04-24,272.76,0.0,1.05895,0.183596,0.050768,0.1039,NORMAL
2026-04-24,272.76,0.0,1.066486,0.154406,0.038017,0.084573,NORMAL
2026-04-27,265.8451,-0.025678,1.146071,0.603134,0.057934,0.276014,NORMAL
2026-04-27,266.09,0.000921,1.133435,0.368792,0.064688,0.186329,NORMAL
2026-04-27,266.09,0.0,1.121075,0.288807,0.064231,0.154061,NORMAL
2026-04-27,266.09,0.0,1.108981,0.248403,0.063508,0.137466,NORMAL
2026-04-27,266.09,0.0,1.097146,0.226986,0.065984,0.130385,NORMAL
2026-04-27,266.09,0.0,1.085561,0.220572,0.0703,0.130408,NORMAL
2026-04-27,266.09,0.0,1.074217,0.214215,0.073805,0.129969,NORMAL
2026-04-27,266.09,0.0,1.063109,0.219923,0.074169,0.132471,NORMAL
2026-04-27,265.8451,-0.000921,1.052227,0.247181,0.07001,0.140878,NORMAL
2026-04-27,265.8451,0.0,1.041567,0.206087,0.059516,0.118144,NORMAL
2026-04-28,272.0893,0.023217,1.002853,0.511429,0.083877,0.254898,NORMAL
2026-04-28,272.34,0.000921,1.000519,0.243186,0.097001,0.155475,NORMAL
2026-04-28,272.0893,-0.000921,0.998196,0.236909,0.097476,0.153249,NORMAL
2026-04-28,272.0893,0.0,0.995884,0.203547,0.089699,0.135238,NORMAL
2026-04-28,272.34,0.000921,0.993582,0.242531,0.077575,0.143558,NORMAL
2026-04-28,272.34,0.0,0.991291,0.209472,0.063847,0.122097,NORMAL
2026-04-28,272.34,0.0,0.98901,0.206672,0.052281,0.114037,NORMAL
2026-04-28,272.34,0.0,0.98674,0.202252,0.044427,0.107557,NORMAL
2026-04-28,272.34,0.0,0.984481,0.197636,0.039746,0.102902,NORMAL
2026-04-28,272.34,0.0,0.982231,0.194486,0.035619,0.099166,NORMAL
2026-04-29,267.3037,-0.018666,0.747983,0.4865,0.070952,0.237171,NORMAL
2026-04-29,267.3037,0.0,0.758767,0.238516,0.090661,0.149803,NORMAL
2026-04-29,267.3037,0.0,0.769866,0.230495,0.089134,0.145678,NORMAL
2026-04-29,267.55,0.000921,0.781296,0.27119,0.075663,0.153874,NORMAL
2026-04-29,267.55,0.0,0.793069,0.22486,0.059412,0.125591,NORMAL
2026-04-29,267.55,0.0,0.805203,0.213943,0.04861,0.114743,NORMAL
2026-04-29,267.55,0.0,0.817714,0.201544,0.044999,0.107617,NORMAL
2026-04-29,267.55,0.0,0.830619,0.192244,0.044939,0.103861,NORMAL
2026-04-29,267.55,0.0,0.843939,0.183942,0.04287,0.099299,NORMAL
2026-04-29,267.55,0.0,0.857693,0.168461,0.037592,0.08994,NORMAL
2026-04-30,270.5,0.010966,2.441157,0.65982,0.24934,0.413532,LOW
2026-04-30,270.251,-0.000921,2.283853,0.496379,0.248945,0.347918,NORMAL
2026-04-30,270.251,0.0,2.145595,0.43861,0.224009,0.309849,NORMAL
2026-04-30,270.251,0.0,2.023121,0.425945,0.221271,0.30314,NORMAL
2026-04-30,270.5,0.000921,1.913874,0.422714,0.211993,0.296281,NORMAL
2026-04-30,270.5,0.0,1.815821,0.380918,0.19742,0.270819,NORMAL
2026-04-30,270.5,0.0,1.727325,0.345255,0.184453,0.248774,NORMAL
2026-04-30,270.5,0.0,1.647055,0.320442,0.179794,0.236053,NORMAL
2026-04-30,270.5,0.0,1.573913,0.293082,0.173772,0.221496,NORMAL
2026-04-30,270.5,0.0,1.506992,0.25717,0.163423,0.200922,NORMAL
2026-05-01,278.86,0.030438,1.259672,0.714806,0.177952,0.392694,NORMAL
2026-05-01,278.6033,-0.000921,1.212037,0.38222,0.21066,0.279284,NORMAL
2026-05-01,278.6033,0.0,1.167873,0.305219,0.241947,0.267256,NORMAL
2026-05-01,278.6033,0.0,1.126814,0.266681,0.266715,0.266701,NORMAL
2026-05-01,278.86,0.000921,1.088544,0.306414,0.283292,0.292541,NORMAL
2026-05-01,278.86,0.0,1.052789,0.243289,0.29101,0.271921,NORMAL
2026-05-01,278.86,0.0,1.019307,0.24985,0.290837,0.274442,NORMAL
2026-05-01,278.86,0.0,0.98789,0.242931,0.283988,0.267565,NORMAL
2026-05-01,278.86,0.0,0.958351,0.24173,0.269764,0.25855,NORMAL
2026-05-01,278.86,0.0,0.930528,0.225698,0.251559,0.241215,NORMAL
2026-05-04,279.4026,0.001944,0.558082,0.419856,0.259154,0.323435,NORMAL
2026-05-04,279.4026,0.0,0.573577,0.362678,0.257614,0.29964,NORMAL
2026-05-04,279.4026,0.0,0.589956,0.356122,0.257197,0.296767,NORMAL
2026-05-04,279.66,0.000921,0.607299,0.374083,0.260725,0.306068,NORMAL
2026-05-04,279.66,0.0,0.625692,0.327018,0.265788,0.29028,NORMAL
2026-05-04,279.66,0.0,0.645234,0.331784,0.267044,0.29294,NORMAL
2026-05-04,279.66,0.0,0.666036,0.298281,0.257173,0.273616,NORMAL
2026-05-04,279.66,0.0,0.688224,0.256946,0.231573,0.241722,NORMAL
2026-05-04,279.66,0.0,0.711942,0.206639,0.184065,0.193095,NORMAL
2026-05-04,279.66,0.0,0.737352,0.211077,0.167791,0.185105,NORMAL
2026-05-05,276.93,-0.00981,0.798419,0.421656,0.121808,0.241747,NORMAL
2026-05-05,276.6751,-0.000921,0.818702,0.286857,0.097727,0.173379,NORMAL
2026-05-05,276.6751,0.0,0.840044,0.225465,0.087699,0.142805,NORMAL
2026-05-05,276.6751,0.0,0.862528,0.197773,0.08303,0.128927,NORMAL
2026-05-05,276.93,0.000921,0.886248,0.200833,0.077533,0.126853,NORMAL
2026-05-05,276.93,0.0,0.91131,0.162291,0.071518,0.107827,NORMAL
2026-05-05,276.93,0.0,0.937831,0.159213,0.067903,0.104427,NORMAL
2026-05-05,276.93,0.0,0.965941,0.156173,0.068349,0.103479,NORMAL
2026-05-05,276.93,0.0,0.995789,0.157508,0.068679,0.104211,NORMAL
2026-05-05,276.93,0.0,1.02754,0.159726,0.05932,0.099482,NORMAL
2026-05-06,281.6605,0.016938,1.200988,0.478605,0.063225,0.229377,NORMAL
2026-05-06,281.6605,0.0,1.186735,0.171345,0.066772,0.108601,NORMAL
2026-05-06,281.6605,0.0,1.172816,0.161299,0.06666,0.104515,NORMAL
2026-05-06,281.92,0.000921,1.15922,0.192663,0.063841,0.11537,NORMAL
2026-05-06,281.92,0.0,1.145935,0.15848,0.059256,0.098945,NORMAL
2026-05-06,281.92,0.0,1.132952,0.156352,0.055571,0.095883,NORMAL
2026-05-06,281.92,0.0,1.120259,0.156766,0.053633,0.094886,NORMAL
2026-05-06,281.92,0.0,1.107848,0.159834,0.052558,0.095469,NORMAL
2026-05-06,281.92,0.0,1.095709,0.163886,0.052132,0.096833,NORMAL
2026-05-06,281.915,-1.8e-05,1.069107,0.171888,0.055549,0.102084,NORMAL
2026-05-07,289.0037,0.024834,0.844089,0.726853,0.07268,0.334349,NORMAL
2026-05-07,289.0037,0.0,0.847321,0.408626,0.084557,0.214185,NORMAL
2026-05-07,289.27,0.000921,0.850578,0.402925,0.092249,0.21652,NORMAL
2026-05-07,289.27,0.0,0.85386,0.359608,0.096034,0.201464,NORMAL
2026-05-07,289.0037,-0.000921,0.857167,0.34633,0.095817,0.196022,NORMAL
2026-05-07,289.27,0.000921,0.772442,0.36443,0.095697,0.20319,NORMAL
2026-05-07,289.27,0.0,0.779069,0.328416,0.090958,0.185941,NORMAL
2026-05-07,289.27,0.0,0.785812,0.33144,0.084032,0.182995,NORMAL
2026-05-07,289.27,0.0,0.882932,0.281803,0.077281,0.15909,NORMAL
2026-05-08,290.01,0.002555,0.895533,0.346181,0.067829,0.17917,NORMAL
2026-05-08,290.01,0.0,0.90675,0.28414,0.067396,0.154093,NORMAL
2026-05-08,290.01,0.0,1.050024,0.289894,0.071301,0.158738,NORMAL
2026-05-08,289.7431,-0.000921,1.057204,0.332444,0.073413,0.177025,NORMAL
2026-05-08,289.7431,0.0,1.063223,0.293555,0.073811,0.161709,NORMAL
2026-05-08,289.7431,0.0,1.069311,0.274293,0.073902,0.154058,NORMAL
2026-05-11,291.98,0.007691,0.871566,0.414971,0.077491,0.212483,NORMAL
2026-05-11,291.98,0.0,0.886274,0.238492,0.079455,0.14307,NORMAL
2026-05-11,291.979,-3e-06,0.842596,0.24151,0.079749,0.144453,NORMAL
2026-05-11,291.98,3e-06,0.92011,0.209415,0.074533,0.128486,NORMAL
2026-05-12,292.56,0.001984,1.008037,0.28169,0.072125,0.155951,NORMAL
2026-05-12,292.56,0.0,1.008751,0.212585,0.069681,0.126843,NORMAL
2026-05-12,292.56,0.0,1.008169,0.213066,0.066266,0.124986,NORMAL
2026-05-13,293.63,0.003651,0.736556,0.380711,0.070747,0.194733,NORMAL
2026-05-13,293.5,-0.000443,1.167188,0.241684,0.069295,0.138251,NORMAL
2026-05-13,293.5,0.0,1.157622,0.220871,0.068123,0.129222,NORMAL
2026-05-14,299.82,0.021305,0.74541,0.710892,0.085238,0.335499,NORMAL
2026-05-14,299.82,0.0,0.75101,0.414984,0.09529,0.223168,NORMAL
